field	value	expected_word	seen_word	status	png	save
loyalty	-10	ite	ite	OK	A1_city_071_Pisae.png	A1_cities_loyalty_fort.SAV
loyalty	-9	very low	very low	OK	A1_city_080_Tarquinii.png	A1_cities_loyalty_fort.SAV
loyalty	-1	very low	very low	OK	A1_city_081_Arretium.png	A1_cities_loyalty_fort.SAV
loyalty	0	very low	very low	OK	A1_city_082_Caere.png	A1_cities_loyalty_fort.SAV
loyalty	10	very low	very low	OK	A1_city_085_Rome.png	A1_cities_loyalty_fort.SAV
loyalty	20	very low	very low	OK	A1_city_087_Ariminum.png	A1_cities_loyalty_fort.SAV
loyalty	30	very low	very low	OK	A1_city_088_Carsioli.png	A1_cities_loyalty_fort.SAV
loyalty	40	very low	very low	OK	A1_city_089_Antium.png	A1_cities_loyalty_fort.SAV
loyalty	49	very low	very low	OK	A1_city_090_Alba Fucens.png	A1_cities_loyalty_fort.SAV
loyalty	50	low	low	OK	A1_city_091_Fregellae.png	A1_cities_loyalty_fort.SAV
loyalty	59	low	low	OK	A1_city_096_Hadria.png	A1_cities_loyalty_fort.SAV
loyalty	60	normal	normal	OK	A1_city_097_Cales.png	A1_cities_loyalty_fort.SAV
loyalty	69	normal	normal	OK	A1_city_100_Capua.png	A1_cities_loyalty_fort.SAV
loyalty	70	high	high	OK	A1_city_101_Neapolis.png	A1_cities_loyalty_fort.SAV
loyalty	79	high	high	OK	A1_city_106_Paestum.png	A1_cities_loyalty_fort.SAV
loyalty	80	very high	very high	OK	A1_city_110_Luceria.png	A1_cities_loyalty_fort.SAV
loyalty	89	very high	very high	OK	A1_city_111_Rhegium.png	A1_cities_loyalty_fort.SAV
loyalty	90	excellent	excellent	OK	A1_city_113_Teanum Apulum.png	A1_cities_loyalty_fort.SAV
loyalty	99	excellent	excellent	OK	A1_city_115_Venusia.png	A1_cities_loyalty_fort.SAV
loyalty	100			OK	A1_city_116_Locri.png	A1_cities_loyalty_fort.SAV
loyalty	109			OK	A1_city_119_Thurii.png	A1_cities_loyalty_fort.SAV
loyalty	74	high	high	OK	A1_city_120_Heraclea.png	A1_cities_loyalty_fort.SAV
loyalty	74	high	high	OK	A1_city_122_Croton.png	A1_cities_loyalty_fort.SAV
loyalty	74	high	high	OK	A1_city_123_Tarrentum.png	A1_cities_loyalty_fort.SAV
loyalty	74	high	high	OK	A1_city_125_Brundisium.png	A1_cities_loyalty_fort.SAV
loyalty	92	excellent	excellent	OK	A2_city_090_Alba Fucens.png	A2_bracket_tribute.SAV
loyalty	81	very high	very high	OK	A2_city_091_Fregellae.png	A2_bracket_tribute.SAV
loyalty	95	excellent	excellent	OK	A2_city_085_Rome.png	A2_bracket_tribute.SAV
loyalty	78	high	high	OK	A2_city_097_Cales.png	A2_bracket_tribute.SAV
loyalty	88	very high	very high	OK	A2_city_072_Carthago.png	A2_bracket_tribute.SAV
tribute_word_foreign	287	very rich	very rich	OK	A2_city_072_Carthago.png	A2_bracket_tribute.SAV
loyalty	95	excellent	excellent	OK	A2_city_000_Sala.png	A2_bracket_tribute.SAV
tribute_word_foreign	0	poor	poor	OK	A2_city_000_Sala.png	A2_bracket_tribute.SAV
loyalty	77	high	high	OK	A2_city_004_Banasa.png	A2_bracket_tribute.SAV
tribute_word_foreign	10	poor	poor	OK	A2_city_004_Banasa.png	A2_bracket_tribute.SAV
loyalty	92	excellent	excellent	OK	A2_city_005_Gades.png	A2_bracket_tribute.SAV
tribute_word_foreign	11	moderate	moderate	OK	A2_city_005_Gades.png	A2_bracket_tribute.SAV
loyalty	84	very high	very high	OK	A2_city_006_Lixus.png	A2_bracket_tribute.SAV
tribute_word_foreign	30	moderate	moderate	OK	A2_city_006_Lixus.png	A2_bracket_tribute.SAV
loyalty	87	very high	very high	OK	A2_city_013_Malaca.png	A2_bracket_tribute.SAV
tribute_word_foreign	31	rich	rich	OK	A2_city_013_Malaca.png	A2_bracket_tribute.SAV
loyalty	60	normal	normal	OK	A2_city_016_Rusaddir.png	A2_bracket_tribute.SAV
tribute_word_foreign	100	rich	rich	OK	A2_city_016_Rusaddir.png	A2_bracket_tribute.SAV
loyalty	76	high	high	OK	A2_city_018_Sexi.png	A2_bracket_tribute.SAV
tribute_word_foreign	101	very rich	very rich	OK	A2_city_018_Sexi.png	A2_bracket_tribute.SAV
loyalty	75	high	high	OK	A2_city_024_Quiza.png	A2_bracket_tribute.SAV
tribute_word_foreign	5000	very rich	very rich	OK	A2_city_024_Quiza.png	A2_bracket_tribute.SAV
loyalty	92	excellent	excellent	OK	A2_city_025_Carthago Novo.png	A2_bracket_tribute.SAV
tribute_word_foreign	10000	very rich	very rich	OK	A2_city_025_Carthago Novo.png	A2_bracket_tribute.SAV
loyalty	68	normal	normal	OK	A2_city_026_Helice.png	A2_bracket_tribute.SAV
tribute_word_foreign	10001	10001	10001	OK	A2_city_026_Helice.png	A2_bracket_tribute.SAV
loyalty	88	very high	very high	OK	A2_city_030_Akra Leuke.png	A2_bracket_tribute.SAV
tribute_word_foreign	20000	20000	20000	OK	A2_city_030_Akra Leuke.png	A2_bracket_tribute.SAV
loyalty	82	very high	very high	OK	A2_city_033_Icosium.png	A2_bracket_tribute.SAV
tribute_word_foreign	40000	-25536	-25536	OK	A2_city_033_Icosium.png	A2_bracket_tribute.SAV
loyalty	64	normal	normal	OK	A2_city_035_Cissa.png	A2_bracket_tribute.SAV
tribute_word_foreign	65535	-1	-1	OK	A2_city_035_Cissa.png	A2_bracket_tribute.SAV
unity	100	very low	very low	OK	A3_nation_00_Rome.png	A3_nations_unity_relations.SAV
relation	0			OK	A3_nation_00_Rome.png	A3_nations_unity_relations.SAV
relation	0			OK	A3_nation_00_Rome.png	A3_nations_unity_relations.SAV
relation	0			OK	A3_nation_00_Rome.png	A3_nations_unity_relations.SAV
relation	-8			OK	A3_nation_00_Rome.png	A3_nations_unity_relations.SAV
relation	0			OK	A3_nation_00_Rome.png	A3_nations_unity_relations.SAV
relation	3	war	war	OK	A3_nation_00_Rome.png	A3_nations_unity_relations.SAV
relation	0			OK	A3_nation_00_Rome.png	A3_nations_unity_relations.SAV
relation	0			OK	A3_nation_00_Rome.png	A3_nations_unity_relations.SAV
relation	1	trade	trade	OK	A3_nation_00_Rome.png	A3_nations_unity_relations.SAV
relation	0			OK	A3_nation_00_Rome.png	A3_nations_unity_relations.SAV
relation	0			OK	A3_nation_00_Rome.png	A3_nations_unity_relations.SAV
relation	0			OK	A3_nation_00_Rome.png	A3_nations_unity_relations.SAV
relation	0			OK	A3_nation_00_Rome.png	A3_nations_unity_relations.SAV
relation	0			OK	A3_nation_00_Rome.png	A3_nations_unity_relations.SAV
unity	250	very low	very low	OK	A3_nation_01_Carthage.png	A3_nations_unity_relations.SAV
relation	3	war	war	OK	A3_nation_01_Carthage.png	A3_nations_unity_relations.SAV
relation	0			OK	A3_nation_01_Carthage.png	A3_nations_unity_relations.SAV
relation	1	trade	trade	OK	A3_nation_01_Carthage.png	A3_nations_unity_relations.SAV
relation	2	ally	ally	OK	A3_nation_01_Carthage.png	A3_nations_unity_relations.SAV
relation	-1			OK	A3_nation_01_Carthage.png	A3_nations_unity_relations.SAV
relation	4			OK	A3_nation_01_Carthage.png	A3_nations_unity_relations.SAV
relation	5			OK	A3_nation_01_Carthage.png	A3_nations_unity_relations.SAV
relation	-18			OK	A3_nation_01_Carthage.png	A3_nations_unity_relations.SAV
relation	0			OK	A3_nation_01_Carthage.png	A3_nations_unity_relations.SAV
relation	3	war	war	OK	A3_nation_01_Carthage.png	A3_nations_unity_relations.SAV
relation	2	ally	ally	OK	A3_nation_01_Carthage.png	A3_nations_unity_relations.SAV
unity	499	very low	very low	OK	A3_nation_02_Seleucid.png	A3_nations_unity_relations.SAV
relation	0			OK	A3_nation_02_Seleucid.png	A3_nations_unity_relations.SAV
relation	1	trade	trade	OK	A3_nation_02_Seleucid.png	A3_nations_unity_relations.SAV
relation	-18			OK	A3_nation_02_Seleucid.png	A3_nations_unity_relations.SAV
relation	0			OK	A3_nation_02_Seleucid.png	A3_nations_unity_relations.SAV
relation	0			OK	A3_nation_02_Seleucid.png	A3_nations_unity_relations.SAV
relation	0			OK	A3_nation_02_Seleucid.png	A3_nations_unity_relations.SAV
relation	1	trade	trade	OK	A3_nation_02_Seleucid.png	A3_nations_unity_relations.SAV
relation	0			OK	A3_nation_02_Seleucid.png	A3_nations_unity_relations.SAV
relation	0			OK	A3_nation_02_Seleucid.png	A3_nations_unity_relations.SAV
relation	0			OK	A3_nation_02_Seleucid.png	A3_nations_unity_relations.SAV
relation	3	war	war	OK	A3_nation_02_Seleucid.png	A3_nations_unity_relations.SAV
relation	3	war	war	OK	A3_nation_02_Seleucid.png	A3_nations_unity_relations.SAV
relation	0			OK	A3_nation_02_Seleucid.png	A3_nations_unity_relations.SAV
relation	1	trade	trade	OK	A3_nation_02_Seleucid.png	A3_nations_unity_relations.SAV
unity	500	low	low	OK	A3_nation_03_Ptolemaic.png	A3_nations_unity_relations.SAV
relation	0			OK	A3_nation_03_Ptolemaic.png	A3_nations_unity_relations.SAV
relation	-10			OK	A3_nation_03_Ptolemaic.png	A3_nations_unity_relations.SAV
relation	-18			OK	A3_nation_03_Ptolemaic.png	A3_nations_unity_relations.SAV
relation	1	trade	trade	OK	A3_nation_03_Ptolemaic.png	A3_nations_unity_relations.SAV
relation	0			OK	A3_nation_03_Ptolemaic.png	A3_nations_unity_relations.SAV
relation	-10			OK	A3_nation_03_Ptolemaic.png	A3_nations_unity_relations.SAV
relation	-10			OK	A3_nation_03_Ptolemaic.png	A3_nations_unity_relations.SAV
relation	0			OK	A3_nation_03_Ptolemaic.png	A3_nations_unity_relations.SAV
relation	-8			OK	A3_nation_03_Ptolemaic.png	A3_nations_unity_relations.SAV
relation	1	trade	trade	OK	A3_nation_03_Ptolemaic.png	A3_nations_unity_relations.SAV
relation	0			OK	A3_nation_03_Ptolemaic.png	A3_nations_unity_relations.SAV
relation	0			OK	A3_nation_03_Ptolemaic.png	A3_nations_unity_relations.SAV
relation	0			OK	A3_nation_03_Ptolemaic.png	A3_nations_unity_relations.SAV
relation	0			OK	A3_nation_03_Ptolemaic.png	A3_nations_unity_relations.SAV
unity	599	low	low	OK	A3_nation_04_Macedonia.png	A3_nations_unity_relations.SAV
relation	-8			OK	A3_nation_04_Macedonia.png	A3_nations_unity_relations.SAV
relation	0			OK	A3_nation_04_Macedonia.png	A3_nations_unity_relations.SAV
relation	0			OK	A3_nation_04_Macedonia.png	A3_nations_unity_relations.SAV
relation	1	trade	trade	OK	A3_nation_04_Macedonia.png	A3_nations_unity_relations.SAV
relation	1	trade	trade	OK	A3_nation_04_Macedonia.png	A3_nations_unity_relations.SAV
relation	0			OK	A3_nation_04_Macedonia.png	A3_nations_unity_relations.SAV
relation	1	trade	trade	OK	A3_nation_04_Macedonia.png	A3_nations_unity_relations.SAV
relation	0			OK	A3_nation_04_Macedonia.png	A3_nations_unity_relations.SAV
relation	-8			OK	A3_nation_04_Macedonia.png	A3_nations_unity_relations.SAV
relation	0			OK	A3_nation_04_Macedonia.png	A3_nations_unity_relations.SAV
relation	0			OK	A3_nation_04_Macedonia.png	A3_nations_unity_relations.SAV
relation	0			OK	A3_nation_04_Macedonia.png	A3_nations_unity_relations.SAV
relation	0			OK	A3_nation_04_Macedonia.png	A3_nations_unity_relations.SAV
relation	0			OK	A3_nation_04_Macedonia.png	A3_nations_unity_relations.SAV
unity	600	normal	normal	OK	A3_nation_05_Numidia.png	A3_nations_unity_relations.SAV
relation	0			OK	A3_nation_05_Numidia.png	A3_nations_unity_relations.SAV
relation	2	ally	ally	OK	A3_nation_05_Numidia.png	A3_nations_unity_relations.SAV
relation	0			OK	A3_nation_05_Numidia.png	A3_nations_unity_relations.SAV
relation	0			OK	A3_nation_05_Numidia.png	A3_nations_unity_relations.SAV
relation	1	trade	trade	OK	A3_nation_05_Numidia.png	A3_nations_unity_relations.SAV
relation	-8			OK	A3_nation_05_Numidia.png	A3_nations_unity_relations.SAV
relation	0			OK	A3_nation_05_Numidia.png	A3_nations_unity_relations.SAV
relation	-8			OK	A3_nation_05_Numidia.png	A3_nations_unity_relations.SAV
relation	0			OK	A3_nation_05_Numidia.png	A3_nations_unity_relations.SAV
relation	-8			OK	A3_nation_05_Numidia.png	A3_nations_unity_relations.SAV
relation	-8			OK	A3_nation_05_Numidia.png	A3_nations_unity_relations.SAV
relation	-8			OK	A3_nation_05_Numidia.png	A3_nations_unity_relations.SAV
relation	-8			OK	A3_nation_05_Numidia.png	A3_nations_unity_relations.SAV
relation	-8			OK	A3_nation_05_Numidia.png	A3_nations_unity_relations.SAV
unity	699	normal	normal	OK	A3_nation_06_Gaul.png	A3_nations_unity_relations.SAV
relation	3	war	war	OK	A3_nation_06_Gaul.png	A3_nations_unity_relations.SAV
relation	0			OK	A3_nation_06_Gaul.png	A3_nations_unity_relations.SAV
relation	0			OK	A3_nation_06_Gaul.png	A3_nations_unity_relations.SAV
relation	-10			OK	A3_nation_06_Gaul.png	A3_nations_unity_relations.SAV
relation	0			OK	A3_nation_06_Gaul.png	A3_nations_unity_relations.SAV
relation	-8			OK	A3_nation_06_Gaul.png	A3_nations_unity_relations.SAV
relation	0			OK	A3_nation_06_Gaul.png	A3_nations_unity_relations.SAV
relation	1	trade	trade	OK	A3_nation_06_Gaul.png	A3_nations_unity_relations.SAV
relation	-8			OK	A3_nation_06_Gaul.png	A3_nations_unity_relations.SAV
relation	-8			OK	A3_nation_06_Gaul.png	A3_nations_unity_relations.SAV
relation	0			OK	A3_nation_06_Gaul.png	A3_nations_unity_relations.SAV
relation	0			OK	A3_nation_06_Gaul.png	A3_nations_unity_relations.SAV
relation	1	trade	trade	OK	A3_nation_06_Gaul.png	A3_nations_unity_relations.SAV
relation	-8			OK	A3_nation_06_Gaul.png	A3_nations_unity_relations.SAV
unity	700	high	high	OK	A3_nation_07_Greece.png	A3_nations_unity_relations.SAV
relation	0			OK	A3_nation_07_Greece.png	A3_nations_unity_relations.SAV
relation	1	trade	trade	OK	A3_nation_07_Greece.png	A3_nations_unity_relations.SAV
relation	1	trade	trade	OK	A3_nation_07_Greece.png	A3_nations_unity_relations.SAV
relation	-10			OK	A3_nation_07_Greece.png	A3_nations_unity_relations.SAV
relation	1	trade	trade	OK	A3_nation_07_Greece.png	A3_nations_unity_relations.SAV
relation	0			OK	A3_nation_07_Greece.png	A3_nations_unity_relations.SAV
relation	0			OK	A3_nation_07_Greece.png	A3_nations_unity_relations.SAV
relation	0			OK	A3_nation_07_Greece.png	A3_nations_unity_relations.SAV
relation	0			OK	A3_nation_07_Greece.png	A3_nations_unity_relations.SAV
relation	0			OK	A3_nation_07_Greece.png	A3_nations_unity_relations.SAV
relation	0			OK	A3_nation_07_Greece.png	A3_nations_unity_relations.SAV
relation	0			OK	A3_nation_07_Greece.png	A3_nations_unity_relations.SAV
relation	0			OK	A3_nation_07_Greece.png	A3_nations_unity_relations.SAV
relation	0			OK	A3_nation_07_Greece.png	A3_nations_unity_relations.SAV
unity	799	high	high	OK	A3_nation_08_Celtiberia.png	A3_nations_unity_relations.SAV
relation	0			OK	A3_nation_08_Celtiberia.png	A3_nations_unity_relations.SAV
relation	3	war	war	OK	A3_nation_08_Celtiberia.png	A3_nations_unity_relations.SAV
relation	0			OK	A3_nation_08_Celtiberia.png	A3_nations_unity_relations.SAV
relation	0			OK	A3_nation_08_Celtiberia.png	A3_nations_unity_relations.SAV
relation	0			OK	A3_nation_08_Celtiberia.png	A3_nations_unity_relations.SAV
relation	-8			OK	A3_nation_08_Celtiberia.png	A3_nations_unity_relations.SAV
relation	1	trade	trade	OK	A3_nation_08_Celtiberia.png	A3_nations_unity_relations.SAV
relation	0			OK	A3_nation_08_Celtiberia.png	A3_nations_unity_relations.SAV
relation	0			OK	A3_nation_08_Celtiberia.png	A3_nations_unity_relations.SAV
relation	1	trade	trade	OK	A3_nation_08_Celtiberia.png	A3_nations_unity_relations.SAV
relation	0			OK	A3_nation_08_Celtiberia.png	A3_nations_unity_relations.SAV
relation	-8			OK	A3_nation_08_Celtiberia.png	A3_nations_unity_relations.SAV
relation	0			OK	A3_nation_08_Celtiberia.png	A3_nations_unity_relations.SAV
relation	1	trade	trade	OK	A3_nation_08_Celtiberia.png	A3_nations_unity_relations.SAV
unity	799	high	high	OK	A3_nation_08_Celtiberia.v2.png	A3_nations_unity_relations.SAV
relation	0			OK	A3_nation_08_Celtiberia.v2.png	A3_nations_unity_relations.SAV
relation	3	war	war	OK	A3_nation_08_Celtiberia.v2.png	A3_nations_unity_relations.SAV
relation	0			OK	A3_nation_08_Celtiberia.v2.png	A3_nations_unity_relations.SAV
relation	0			OK	A3_nation_08_Celtiberia.v2.png	A3_nations_unity_relations.SAV
relation	0			OK	A3_nation_08_Celtiberia.v2.png	A3_nations_unity_relations.SAV
relation	-8			OK	A3_nation_08_Celtiberia.v2.png	A3_nations_unity_relations.SAV
relation	1	trade	trade	OK	A3_nation_08_Celtiberia.v2.png	A3_nations_unity_relations.SAV
relation	0			OK	A3_nation_08_Celtiberia.v2.png	A3_nations_unity_relations.SAV
relation	0			OK	A3_nation_08_Celtiberia.v2.png	A3_nations_unity_relations.SAV
relation	1	trade	trade	OK	A3_nation_08_Celtiberia.v2.png	A3_nations_unity_relations.SAV
relation	0			OK	A3_nation_08_Celtiberia.v2.png	A3_nations_unity_relations.SAV
relation	-8			OK	A3_nation_08_Celtiberia.v2.png	A3_nations_unity_relations.SAV
relation	0			OK	A3_nation_08_Celtiberia.v2.png	A3_nations_unity_relations.SAV
relation	1	trade	trade	OK	A3_nation_08_Celtiberia.v2.png	A3_nations_unity_relations.SAV
unity	800	very high	very high	OK	A3_nation_09_Illyria.v2.png	A3_nations_unity_relations.SAV
relation	1	trade	trade	OK	A3_nation_09_Illyria.v2.png	A3_nations_unity_relations.SAV
relation	0			OK	A3_nation_09_Illyria.v2.png	A3_nations_unity_relations.SAV
relation	0			OK	A3_nation_09_Illyria.v2.png	A3_nations_unity_relations.SAV
relation	-8			OK	A3_nation_09_Illyria.v2.png	A3_nations_unity_relations.SAV
relation	-8			OK	A3_nation_09_Illyria.v2.png	A3_nations_unity_relations.SAV
relation	0			OK	A3_nation_09_Illyria.v2.png	A3_nations_unity_relations.SAV
relation	-8			OK	A3_nation_09_Illyria.v2.png	A3_nations_unity_relations.SAV
relation	0			OK	A3_nation_09_Illyria.v2.png	A3_nations_unity_relations.SAV
relation	0			OK	A3_nation_09_Illyria.v2.png	A3_nations_unity_relations.SAV
relation	0			OK	A3_nation_09_Illyria.v2.png	A3_nations_unity_relations.SAV
relation	0			OK	A3_nation_09_Illyria.v2.png	A3_nations_unity_relations.SAV
relation	-8			OK	A3_nation_09_Illyria.v2.png	A3_nations_unity_relations.SAV
relation	1	trade	trade	OK	A3_nation_09_Illyria.v2.png	A3_nations_unity_relations.SAV
relation	1	trade	trade	OK	A3_nation_09_Illyria.v2.png	A3_nations_unity_relations.SAV
unity	899	very high	very high	OK	A3_nation_10_Dacia.v2.png	A3_nations_unity_relations.SAV
relation	0			OK	A3_nation_10_Dacia.v2.png	A3_nations_unity_relations.SAV
relation	0			OK	A3_nation_10_Dacia.v2.png	A3_nations_unity_relations.SAV
relation	0			OK	A3_nation_10_Dacia.v2.png	A3_nations_unity_relations.SAV
relation	1	trade	trade	OK	A3_nation_10_Dacia.v2.png	A3_nations_unity_relations.SAV
relation	0			OK	A3_nation_10_Dacia.v2.png	A3_nations_unity_relations.SAV
relation	-8			OK	A3_nation_10_Dacia.v2.png	A3_nations_unity_relations.SAV
relation	-8			OK	A3_nation_10_Dacia.v2.png	A3_nations_unity_relations.SAV
relation	0			OK	A3_nation_10_Dacia.v2.png	A3_nations_unity_relations.SAV
relation	1	trade	trade	OK	A3_nation_10_Dacia.v2.png	A3_nations_unity_relations.SAV
relation	0			OK	A3_nation_10_Dacia.v2.png	A3_nations_unity_relations.SAV
relation	1	trade	trade	OK	A3_nation_10_Dacia.v2.png	A3_nations_unity_relations.SAV
relation	-8			OK	A3_nation_10_Dacia.v2.png	A3_nations_unity_relations.SAV
relation	0			OK	A3_nation_10_Dacia.v2.png	A3_nations_unity_relations.SAV
relation	0			OK	A3_nation_10_Dacia.v2.png	A3_nations_unity_relations.SAV
unity	900	excellent	excellent	OK	A3_nation_11_Bithynia.v2.png	A3_nations_unity_relations.SAV
relation	0			OK	A3_nation_11_Bithynia.v2.png	A3_nations_unity_relations.SAV
relation	0			OK	A3_nation_11_Bithynia.v2.png	A3_nations_unity_relations.SAV
relation	3	war	war	OK	A3_nation_11_Bithynia.v2.png	A3_nations_unity_relations.SAV
relation	0			OK	A3_nation_11_Bithynia.v2.png	A3_nations_unity_relations.SAV
relation	0			OK	A3_nation_11_Bithynia.v2.png	A3_nations_unity_relations.SAV
relation	-8			OK	A3_nation_11_Bithynia.v2.png	A3_nations_unity_relations.SAV
relation	0			OK	A3_nation_11_Bithynia.v2.png	A3_nations_unity_relations.SAV
relation	0			OK	A3_nation_11_Bithynia.v2.png	A3_nations_unity_relations.SAV
relation	0			OK	A3_nation_11_Bithynia.v2.png	A3_nations_unity_relations.SAV
relation	0			OK	A3_nation_11_Bithynia.v2.png	A3_nations_unity_relations.SAV
relation	1	trade	trade	OK	A3_nation_11_Bithynia.v2.png	A3_nations_unity_relations.SAV
relation	2	ally	ally	OK	A3_nation_11_Bithynia.v2.png	A3_nations_unity_relations.SAV
relation	1	trade	trade	OK	A3_nation_11_Bithynia.v2.png	A3_nations_unity_relations.SAV
relation	0			OK	A3_nation_11_Bithynia.v2.png	A3_nations_unity_relations.SAV
unity	999	excellent	excellent	OK	A3_nation_12_Galatia.v2.png	A3_nations_unity_relations.SAV
relation	0			OK	A3_nation_12_Galatia.v2.png	A3_nations_unity_relations.SAV
relation	0			OK	A3_nation_12_Galatia.v2.png	A3_nations_unity_relations.SAV
relation	3	war	war	OK	A3_nation_12_Galatia.v2.png	A3_nations_unity_relations.SAV
relation	0			OK	A3_nation_12_Galatia.v2.png	A3_nations_unity_relations.SAV
relation	0			OK	A3_nation_12_Galatia.v2.png	A3_nations_unity_relations.SAV
relation	-8			OK	A3_nation_12_Galatia.v2.png	A3_nations_unity_relations.SAV
relation	0			OK	A3_nation_12_Galatia.v2.png	A3_nations_unity_relations.SAV
relation	0			OK	A3_nation_12_Galatia.v2.png	A3_nations_unity_relations.SAV
relation	-8			OK	A3_nation_12_Galatia.v2.png	A3_nations_unity_relations.SAV
relation	-8			OK	A3_nation_12_Galatia.v2.png	A3_nations_unity_relations.SAV
relation	-8			OK	A3_nation_12_Galatia.v2.png	A3_nations_unity_relations.SAV
relation	2	ally	ally	OK	A3_nation_12_Galatia.v2.png	A3_nations_unity_relations.SAV
relation	-8			OK	A3_nation_12_Galatia.v2.png	A3_nations_unity_relations.SAV
relation	-8			OK	A3_nation_12_Galatia.v2.png	A3_nations_unity_relations.SAV
unity	1000			OK	A3_nation_13_Armenia.v2.png	A3_nations_unity_relations.SAV
relation	0			OK	A3_nation_13_Armenia.v2.png	A3_nations_unity_relations.SAV
relation	0			OK	A3_nation_13_Armenia.v2.png	A3_nations_unity_relations.SAV
relation	0			OK	A3_nation_13_Armenia.v2.png	A3_nations_unity_relations.SAV
relation	0			OK	A3_nation_13_Armenia.v2.png	A3_nations_unity_relations.SAV
relation	0			OK	A3_nation_13_Armenia.v2.png	A3_nations_unity_relations.SAV
relation	-8			OK	A3_nation_13_Armenia.v2.png	A3_nations_unity_relations.SAV
relation	1	trade	trade	OK	A3_nation_13_Armenia.v2.png	A3_nations_unity_relations.SAV
relation	0			OK	A3_nation_13_Armenia.v2.png	A3_nations_unity_relations.SAV
relation	0			OK	A3_nation_13_Armenia.v2.png	A3_nations_unity_relations.SAV
relation	1	trade	trade	OK	A3_nation_13_Armenia.v2.png	A3_nations_unity_relations.SAV
relation	0			OK	A3_nation_13_Armenia.v2.png	A3_nations_unity_relations.SAV
relation	1	trade	trade	OK	A3_nation_13_Armenia.v2.png	A3_nations_unity_relations.SAV
relation	-8			OK	A3_nation_13_Armenia.v2.png	A3_nations_unity_relations.SAV
relation	2	ally	ally	OK	A3_nation_13_Armenia.v2.png	A3_nations_unity_relations.SAV
unity	1100			OK	A3_nation_14_Media.v2.png	A3_nations_unity_relations.SAV
relation	0			OK	A3_nation_14_Media.v2.png	A3_nations_unity_relations.SAV
relation	0			OK	A3_nation_14_Media.v2.png	A3_nations_unity_relations.SAV
relation	1	trade	trade	OK	A3_nation_14_Media.v2.png	A3_nations_unity_relations.SAV
relation	0			OK	A3_nation_14_Media.v2.png	A3_nations_unity_relations.SAV
relation	0			OK	A3_nation_14_Media.v2.png	A3_nations_unity_relations.SAV
relation	-8			OK	A3_nation_14_Media.v2.png	A3_nations_unity_relations.SAV
relation	-8			OK	A3_nation_14_Media.v2.png	A3_nations_unity_relations.SAV
relation	0			OK	A3_nation_14_Media.v2.png	A3_nations_unity_relations.SAV
relation	1	trade	trade	OK	A3_nation_14_Media.v2.png	A3_nations_unity_relations.SAV
relation	1	trade	trade	OK	A3_nation_14_Media.v2.png	A3_nations_unity_relations.SAV
relation	0			OK	A3_nation_14_Media.v2.png	A3_nations_unity_relations.SAV
relation	0			OK	A3_nation_14_Media.v2.png	A3_nations_unity_relations.SAV
relation	-8			OK	A3_nation_14_Media.v2.png	A3_nations_unity_relations.SAV
relation	2	ally	ally	OK	A3_nation_14_Media.v2.png	A3_nations_unity_relations.SAV
morale	50	very low	very low	OK	A4_army_00_left.png	A4_armies_own.SAV
morale	51	very low	very low	OK	A4_army_01_left.png	A4_armies_own.SAV
morale	54	very low	very low	OK	A4_army_02_left.png	A4_armies_own.SAV
morale	55	low	low	OK	A4_army_03_left.png	A4_armies_own.SAV
morale	58	low	low	OK	A4_army_04_left.png	A4_armies_own.SAV
morale	59	normal	normal	OK	A4_army_05_left.png	A4_armies_own.SAV
morale	62	normal	normal	OK	A4_army_06_left.png	A4_armies_own.SAV
morale	63	high	high	OK	A4_army_07_left.png	A4_armies_own.SAV
morale	66	high	high	OK	A4_army_08_left.png	A4_armies_own.SAV
morale	67	very high	very high	OK	A4_army_09_left.png	A4_armies_own.SAV
morale	70	very high	very high	OK	A4_army_10_left.png	A4_armies_own.SAV
morale	71	excellent	excellent	OK	A4_army_11_left.png	A4_armies_own.SAV
morale	74	excellent	excellent	OK	A4_army_12_left.png	A4_armies_own.SAV
morale	75			OK	A4_army_13_left.png	A4_armies_own.SAV
sea	0	calm	calm	OK	A5_f5a_fleet2_left.png	A5_f5a.SAV
sea	1	rough	rough	OK	A5_f5a_fleet0_left.png	A5_f5a.SAV
sea	-1	rough	rough	OK	A5_f5a_fleet1_left.png	A5_f5a.SAV
sea	1	rough	rough	OK	A5_f5b_fleet2_left.png	A5_f5b.SAV
sea	2	rough	rough	OK	A5_f5b_fleet0_left.png	A5_f5b.SAV
sea	0	calm	calm	OK	A5_f5b_fleet1_left.png	A5_f5b.SAV
sea	0	calm	calm	OK	A5_f5c_fleet0_left.png	A5_f5c.SAV
sea	0	calm	calm	OK	A5_f5c_fleet2_left.png	A5_f5c.SAV
quality	0	notready	notready	OK	A6_army0_right_scrolled.png	A6_lists_quality_mercs.SAV
quality	1	notready	notready	OK	A6_army0_right_scrolled.png	A6_lists_quality_mercs.SAV
quality	2	notready	notready	OK	A6_army0_right_scrolled.png	A6_lists_quality_mercs.SAV
quality	3	notready	notready	OK	A6_army0_right_scrolled.png	A6_lists_quality_mercs.SAV
quality	4	verypoor	verypoor	OK	A6_army0_right_scrolled.png	A6_lists_quality_mercs.SAV
quality	5	poor	poor	OK	A6_army0_right_scrolled.png	A6_lists_quality_mercs.SAV
quality	6	average	average	OK	A6_army0_right_scrolled.png	A6_lists_quality_mercs.SAV
quality	7	good	good	OK	A6_army0_right_scrolled.png	A6_lists_quality_mercs.SAV
quality	8	verygood	verygood	OK	A6_army0_right_scrolled.png	A6_lists_quality_mercs.SAV
quality	9	elite	elite	OK	A6_army0_right_scrolled.png	A6_lists_quality_mercs.SAV
quality	10			OK	A6_army0_right_scrolled.png	A6_lists_quality_mercs.SAV
quality	11			OK	A6_army0_right_scrolled.png	A6_lists_quality_mercs.SAV
morale	70	very high	very high	OK	A6_army0_left.png	A6_lists_quality_mercs.SAV
quality	6	average	average	OK	A6_army1_right_scrolled.png	A6_lists_quality_mercs.SAV
morale	68	very high	very high	OK	A6_army1_left.png	A6_lists_quality_mercs.SAV
quality	4	verypoor	verypoor	OK	A6_merc_rome_scrolled.png	A6_lists_quality_mercs.SAV
quality	9	elite	elite	OK	A6_merc_rome_scrolled.png	A6_lists_quality_mercs.SAV
quality	0	notready	notready	OK	A6_merc_rome_scrolled.png	A6_lists_quality_mercs.SAV
quality	8	verygood	verygood	OK	A6_merc_carthago_scrolled.png	A6_lists_quality_mercs.SAV
quality	8	verygood	verygood	OK	A6_merc_carthago_scrolled.png	A6_lists_quality_mercs.SAV
loyalty	78	high	high	OK	A6_city097_Cales.png	A6_lists_quality_mercs.SAV
unity	719	high	high	OK	A6_nation01_Carthage.png	A6_lists_quality_mercs.SAV
relation	0			OK	A6_nation01_Carthage.png	A6_lists_quality_mercs.SAV
relation	1	trade	trade	OK	A6_nation01_Carthage.png	A6_lists_quality_mercs.SAV
relation	-10			OK	A6_nation01_Carthage.png	A6_lists_quality_mercs.SAV
relation	0			OK	A6_nation01_Carthage.png	A6_lists_quality_mercs.SAV
relation	2	ally	ally	OK	A6_nation01_Carthage.png	A6_lists_quality_mercs.SAV
relation	0			OK	A6_nation01_Carthage.png	A6_lists_quality_mercs.SAV
relation	1	trade	trade	OK	A6_nation01_Carthage.png	A6_lists_quality_mercs.SAV
relation	3	war	war	OK	A6_nation01_Carthage.png	A6_lists_quality_mercs.SAV
relation	0			OK	A6_nation01_Carthage.png	A6_lists_quality_mercs.SAV
relation	0			OK	A6_nation01_Carthage.png	A6_lists_quality_mercs.SAV
relation	0			OK	A6_nation01_Carthage.png	A6_lists_quality_mercs.SAV
relation	0			OK	A6_nation01_Carthage.png	A6_lists_quality_mercs.SAV
relation	0			OK	A6_nation01_Carthage.png	A6_lists_quality_mercs.SAV
relation	0			OK	A6_nation01_Carthage.png	A6_lists_quality_mercs.SAV
relation	1	trade	trade	OK	A6_nation01_Carthage.png	A6_lists_quality_mercs.SAV
unity	821	very high	very high	OK	A7_nation00_treasury0.png	A7_rome_treasury0.SAV
relation	0			OK	A7_nation00_treasury0.png	A7_rome_treasury0.SAV
relation	0			OK	A7_nation00_treasury0.png	A7_rome_treasury0.SAV
relation	0			OK	A7_nation00_treasury0.png	A7_rome_treasury0.SAV
relation	-8			OK	A7_nation00_treasury0.png	A7_rome_treasury0.SAV
relation	0			OK	A7_nation00_treasury0.png	A7_rome_treasury0.SAV
relation	3	war	war	OK	A7_nation00_treasury0.png	A7_rome_treasury0.SAV
relation	0			OK	A7_nation00_treasury0.png	A7_rome_treasury0.SAV
relation	0			OK	A7_nation00_treasury0.png	A7_rome_treasury0.SAV
relation	1	trade	trade	OK	A7_nation00_treasury0.png	A7_rome_treasury0.SAV
relation	0			OK	A7_nation00_treasury0.png	A7_rome_treasury0.SAV
relation	0			OK	A7_nation00_treasury0.png	A7_rome_treasury0.SAV
relation	0			OK	A7_nation00_treasury0.png	A7_rome_treasury0.SAV
relation	0			OK	A7_nation00_treasury0.png	A7_rome_treasury0.SAV
relation	0			OK	A7_nation00_treasury0.png	A7_rome_treasury0.SAV
relation	0			OK	A7_nation00_treasury0.png	A7_rome_treasury0.SAV
unity	821	very high	very high	OK	A7_cur1_nation00.png	A7_current_carthage.SAV
relation	0			OK	A7_cur1_nation00.png	A7_current_carthage.SAV
relation	0			OK	A7_cur1_nation00.png	A7_current_carthage.SAV
relation	0			OK	A7_cur1_nation00.png	A7_current_carthage.SAV
relation	-8			OK	A7_cur1_nation00.png	A7_current_carthage.SAV
relation	0			OK	A7_cur1_nation00.png	A7_current_carthage.SAV
relation	3	war	war	OK	A7_cur1_nation00.png	A7_current_carthage.SAV
relation	0			OK	A7_cur1_nation00.png	A7_current_carthage.SAV
relation	0			OK	A7_cur1_nation00.png	A7_current_carthage.SAV
relation	1	trade	trade	OK	A7_cur1_nation00.png	A7_current_carthage.SAV
relation	0			OK	A7_cur1_nation00.png	A7_current_carthage.SAV
relation	0			OK	A7_cur1_nation00.png	A7_current_carthage.SAV
relation	0			OK	A7_cur1_nation00.png	A7_current_carthage.SAV
relation	0			OK	A7_cur1_nation00.png	A7_current_carthage.SAV
relation	0			OK	A7_cur1_nation00.png	A7_current_carthage.SAV
relation	0			OK	A7_cur1_nation00.png	A7_current_carthage.SAV
morale	65	high	high	OK	A7_cur1_army02_left.png	A7_current_carthage.SAV
loyalty	88	very high	very high	OK	A7_cur1_city_carthago.png	A7_current_carthage.SAV
loyalty	95	excellent	excellent	OK	A7_cur1_city_rome.png	A7_current_carthage.SAV
tribute_word_foreign	317	very rich	very rich	OK	A7_cur1_city_rome.png	A7_current_carthage.SAV
unity	821	very high	very high	OK	A7b_nation00_treasury1.png	A7_rome_treasury1.SAV
relation	0			OK	A7b_nation00_treasury1.png	A7_rome_treasury1.SAV
relation	0			OK	A7b_nation00_treasury1.png	A7_rome_treasury1.SAV
relation	0			OK	A7b_nation00_treasury1.png	A7_rome_treasury1.SAV
relation	-8			OK	A7b_nation00_treasury1.png	A7_rome_treasury1.SAV
relation	0			OK	A7b_nation00_treasury1.png	A7_rome_treasury1.SAV
relation	3	war	war	OK	A7b_nation00_treasury1.png	A7_rome_treasury1.SAV
relation	0			OK	A7b_nation00_treasury1.png	A7_rome_treasury1.SAV
relation	0			OK	A7b_nation00_treasury1.png	A7_rome_treasury1.SAV
relation	1	trade	trade	OK	A7b_nation00_treasury1.png	A7_rome_treasury1.SAV
relation	0			OK	A7b_nation00_treasury1.png	A7_rome_treasury1.SAV
relation	0			OK	A7b_nation00_treasury1.png	A7_rome_treasury1.SAV
relation	0			OK	A7b_nation00_treasury1.png	A7_rome_treasury1.SAV
relation	0			OK	A7b_nation00_treasury1.png	A7_rome_treasury1.SAV
relation	0			OK	A7b_nation00_treasury1.png	A7_rome_treasury1.SAV
relation	0			OK	A7b_nation00_treasury1.png	A7_rome_treasury1.SAV
unity	821	very high	very high	OK	A7b_nation00_treasury2.png	A7_rome_treasury2.SAV
relation	0			OK	A7b_nation00_treasury2.png	A7_rome_treasury2.SAV
relation	0			OK	A7b_nation00_treasury2.png	A7_rome_treasury2.SAV
relation	0			OK	A7b_nation00_treasury2.png	A7_rome_treasury2.SAV
relation	-8			OK	A7b_nation00_treasury2.png	A7_rome_treasury2.SAV
relation	0			OK	A7b_nation00_treasury2.png	A7_rome_treasury2.SAV
relation	3	war	war	OK	A7b_nation00_treasury2.png	A7_rome_treasury2.SAV
relation	0			OK	A7b_nation00_treasury2.png	A7_rome_treasury2.SAV
relation	0			OK	A7b_nation00_treasury2.png	A7_rome_treasury2.SAV
relation	1	trade	trade	OK	A7b_nation00_treasury2.png	A7_rome_treasury2.SAV
relation	0			OK	A7b_nation00_treasury2.png	A7_rome_treasury2.SAV
relation	0			OK	A7b_nation00_treasury2.png	A7_rome_treasury2.SAV
relation	0			OK	A7b_nation00_treasury2.png	A7_rome_treasury2.SAV
relation	0			OK	A7b_nation00_treasury2.png	A7_rome_treasury2.SAV
relation	0			OK	A7b_nation00_treasury2.png	A7_rome_treasury2.SAV
relation	0			OK	A7b_nation00_treasury2.png	A7_rome_treasury2.SAV
unity	821	very high	very high	OK	A7b_nation00_treasury3.png	A7_rome_treasury3.SAV
relation	0			OK	A7b_nation00_treasury3.png	A7_rome_treasury3.SAV
relation	0			OK	A7b_nation00_treasury3.png	A7_rome_treasury3.SAV
relation	0			OK	A7b_nation00_treasury3.png	A7_rome_treasury3.SAV
relation	-8			OK	A7b_nation00_treasury3.png	A7_rome_treasury3.SAV
relation	0			OK	A7b_nation00_treasury3.png	A7_rome_treasury3.SAV
relation	3	war	war	OK	A7b_nation00_treasury3.png	A7_rome_treasury3.SAV
relation	0			OK	A7b_nation00_treasury3.png	A7_rome_treasury3.SAV
relation	0			OK	A7b_nation00_treasury3.png	A7_rome_treasury3.SAV
relation	1	trade	trade	OK	A7b_nation00_treasury3.png	A7_rome_treasury3.SAV
relation	0			OK	A7b_nation00_treasury3.png	A7_rome_treasury3.SAV
relation	0			OK	A7b_nation00_treasury3.png	A7_rome_treasury3.SAV
relation	0			OK	A7b_nation00_treasury3.png	A7_rome_treasury3.SAV
relation	0			OK	A7b_nation00_treasury3.png	A7_rome_treasury3.SAV
relation	0			OK	A7b_nation00_treasury3.png	A7_rome_treasury3.SAV
relation	0			OK	A7b_nation00_treasury3.png	A7_rome_treasury3.SAV
unity	821	very high	very high	OK	A7b_nation00_treasury4.png	A7_rome_treasury4.SAV
relation	0			OK	A7b_nation00_treasury4.png	A7_rome_treasury4.SAV
relation	0			OK	A7b_nation00_treasury4.png	A7_rome_treasury4.SAV
relation	0			OK	A7b_nation00_treasury4.png	A7_rome_treasury4.SAV
relation	-8			OK	A7b_nation00_treasury4.png	A7_rome_treasury4.SAV
relation	0			OK	A7b_nation00_treasury4.png	A7_rome_treasury4.SAV
relation	3	war	war	OK	A7b_nation00_treasury4.png	A7_rome_treasury4.SAV
relation	0			OK	A7b_nation00_treasury4.png	A7_rome_treasury4.SAV
relation	0			OK	A7b_nation00_treasury4.png	A7_rome_treasury4.SAV
relation	1	trade	trade	OK	A7b_nation00_treasury4.png	A7_rome_treasury4.SAV
relation	0			OK	A7b_nation00_treasury4.png	A7_rome_treasury4.SAV
relation	0			OK	A7b_nation00_treasury4.png	A7_rome_treasury4.SAV
relation	0			OK	A7b_nation00_treasury4.png	A7_rome_treasury4.SAV
relation	0			OK	A7b_nation00_treasury4.png	A7_rome_treasury4.SAV
relation	0			OK	A7b_nation00_treasury4.png	A7_rome_treasury4.SAV
relation	0			OK	A7b_nation00_treasury4.png	A7_rome_treasury4.SAV
