batch	save	kind	target	staged	png	png_sha256	ocr
a1	A1_cities_loyalty_fort.SAV	city	71	"{""fort"": 0, ""loyalty"": -10, ""max_pop"": 23, ""name"": ""Pisae"", ""pop"": 23}"	A1_city_071_Pisae.png	1d48ff865724a8e54f06de55cbf253d58dcef1e05950bbea8db2d8d68f99ff0a	{information | City Pisae | Controlled by Rome | Allegiance to Rome | Population 23,000 (100%) | Loyalty ite | Fortification 0% | Tribute 7 talents | Supply 99 tons
a1	A1_cities_loyalty_fort.SAV	city	80	"{""fort"": 50, ""loyalty"": -9, ""max_pop"": 27, ""name"": ""Tarquinii"", ""pop"": 23}"	A1_city_080_Tarquinii.png	2a3bc1f6c18b934d56f322bfa3c3eef3b9ec5bba2478b0ecf4b2ea835a79dae0	{information | City Tarquinii | Controlled by Rome | Allegiance to Rome | Population 23,000 (85%) | Loyalty very low | Fortification 50% | Tribute 9 talents | Supply 119 tons
a1	A1_cities_loyalty_fort.SAV	city	81	"{""fort"": 99, ""loyalty"": -1, ""max_pop"": 7, ""name"": ""Arretium"", ""pop"": 1}"	A1_city_081_Arretium.png	64cb40dc1f8e8b566d8c6737acafd8b9f5b0cb6b60149336b81a4822cb4f3d33	{information | City Arretium | Controlled by Rome | Allegiance to Rome | Population 1,000 (14%) | Loyalty very low | Fortification 99% | Tribute 2 talents | Supply 150 tons
a1	A1_cities_loyalty_fort.SAV	city	82	"{""fort"": 100, ""loyalty"": 0, ""max_pop"": 27, ""name"": ""Caere"", ""pop"": 26}"	A1_city_082_Caere.png	eb04a112c5ecbe2d5d467950aa99bb27ede0b408e47730d651c4efb64010f66f	{information | City Caere | Controlled by Rome | Allegiance to Rome | Population 26,000 (96%) | Loyalty very low | Fortification 100% | Tribute 16 talents | Supply 153 tons
a1	A1_cities_loyalty_fort.SAV	city	85	"{""fort"": 101, ""loyalty"": 10, ""max_pop"": 300, ""name"": ""Rome"", ""pop"": 100}"	A1_city_085_Rome.png	173f9ff2eb7daa9665fb303af076a720e810f260f63cb4df9d387ea3daaf697a	{information | City Rome (capital of Rome) | Controlled by Rome | Allegiance to Rome | Population 100,000 (33%) | Loyalty very low | Fortification 1% (under construction) (14,000) | Tribute 105 talents | Supply 990 tons
a1	A1_cities_loyalty_fort.SAV	city	87	"{""fort"": 150, ""loyalty"": 20, ""max_pop"": 7, ""name"": ""Ariminum"", ""pop"": 5}"	A1_city_087_Ariminum.png	1258cf99382bc64128a391b53b0b23b0d456de726deeb2d273d80a630f84c2d3	{information | City Ariminum | Controlled by Rome | Allegiance to Rome | Population 5,000 (71%) | Loyalty very low | Fortification 50% (under construction) | Tribute 5 talents | Supply 104 tons
a1	A1_cities_loyalty_fort.SAV	city	88	"{""fort"": 199, ""loyalty"": 30, ""max_pop"": 23, ""name"": ""Carsioli"", ""pop"": 23}"	A1_city_088_Carsioli.png	c546038a2c706bff2861fab769f349c2f4f708ab685d6ccfd2e3574cc9bdb12a	{information | City Carsioli | Controlled by Rome | Allegiance to Rome | Population 23,000 (100%) | Loyalty very low | Fortification 99% (under construction) | Tribute 9 talents | Supply 98 tons
a1	A1_cities_loyalty_fort.SAV	city	89	"{""fort"": 200, ""loyalty"": 40, ""max_pop"": 27, ""name"": ""Antium"", ""pop"": 23}"	A1_city_089_Antium.png	1b0a404c0cf005b5e67e9fa0336fe09150ec7d884bae2bb1e1128f45a0000f8e	{information | City Antium | Controlled by Rome | Allegiance to Rome | Population 23,000 (85%) | Loyalty very low | Fortification 0% (under construction) | Tribute 11 talents | Supply 146 tons
a1	A1_cities_loyalty_fort.SAV	city	90	"{""fort"": 250, ""loyalty"": 49, ""max_pop"": 7, ""name"": ""Alba Fucens"", ""pop"": 1}"	A1_city_090_Alba Fucens.png	c741e1494f68209cdd8ef998fb15bce32d6161efbfe80aaf1b61c349f3cd505a	{information | City Alba Fucens | Controlled by Rome | Allegiance to Rome | Population 1,000 (14%) | Loyalty very low | Fortification 50% (under construction) | Tribute 0 talents | Supply 99 tons
a1	A1_cities_loyalty_fort.SAV	city	91	"{""fort"": 0, ""loyalty"": 50, ""max_pop"": 27, ""name"": ""Fregellae"", ""pop"": 26}"	A1_city_091_Fregellae.png	461ff60c78364a6e00c0d3b1c4ade3ad8f0d2f5c37be3ad5923b14faade1d52d	{information | City Fregellae | Controlled by Rome | Allegiance to Rome | Population 26,000 (96%) | Loyalty low | Fortification 0% | Tribute 12 talents | Supply 105 tons
a1	A1_cities_loyalty_fort.SAV	city	96	"{""fort"": 50, ""loyalty"": 59, ""max_pop"": 300, ""name"": ""Hadria"", ""pop"": 100}"	A1_city_096_Hadria.png	c06d1cb4c665b9c22b7b563fa7783b5f19301549d059388d731ebacc9ff9e476	{information | City Hadria | Controlled by Rome | Allegiance to Rome | Population 100,000 (33%) | Loyalty low | Fortification 50% | Tribute 2 talents | Supply 79 tons
a1	A1_cities_loyalty_fort.SAV	city	97	"{""fort"": 99, ""loyalty"": 60, ""max_pop"": 7, ""name"": ""Cales"", ""pop"": 5}"	A1_city_097_Cales.png	20a2a841558457d44b95c4c42d8dae6e81bf5193cac93df8ebc3c189b477d9fb	{information | City Cales | Controlled by Rome | Allegiance to Rome | Population 5,000 (71%) | Loyalty normal | Fortification 99% | Tribute 7 talents | Supply 123 tons
a1	A1_cities_loyalty_fort.SAV	city	100	"{""fort"": 100, ""loyalty"": 69, ""max_pop"": 23, ""name"": ""Capua"", ""pop"": 23}"	A1_city_100_Capua.png	da23cc0b14cccd1838bb123eb0ec9736385268cde6e72aecfc072182bbe3c639	{information | City Capua | Controlled by Rome | Allegiance to Rome | Population 23,000 (100%) | Loyalty normal | Fortification 100% | Tribute 6 talents | Supply 115 tons
a1	A1_cities_loyalty_fort.SAV	city	101	"{""fort"": 101, ""loyalty"": 70, ""max_pop"": 27, ""name"": ""Neapolis"", ""pop"": 23}"	A1_city_101_Neapolis.png	22576e687925b0920c75ee666f70c17c1df47b4a30f015868aed3d5c19d6da80	{information | City Neapolis | Controlled by Rome | Allegiance to Rome | Population 23,000 (85%) | Loyalty high | Fortification 1% (under construction) | Tribute 13 talents | Supply 152 tons
a1	A1_cities_loyalty_fort.SAV	city	106	"{""fort"": 150, ""loyalty"": 79, ""max_pop"": 7, ""name"": ""Paestum"", ""pop"": 1}"	A1_city_106_Paestum.png	40b2fdd312e96c7e9877a38baeed34e975d4d10b270ea98c6c6ab706b39c102c	{information | City Paestum | Controlled by Rome | Allegiance to Rome | Population 1,000 (14%) | Loyalty high | Fortification 50% (under construction) | Tribute 0 talents | Supply 82 tons
a1	A1_cities_loyalty_fort.SAV	city	110	"{""fort"": 199, ""loyalty"": 80, ""max_pop"": 27, ""name"": ""Luceria"", ""pop"": 26}"	A1_city_110_Luceria.png	73a7580733eeb265ba27174f9e2f97818f41e6dfe714b2b6d293d1d8a5e88b37	{information | City Luceria | Controlled by Rome | Allegiance to Rome | Population 26,000 (96%) | Loyalty very high | Fortification 99% (under construction) | Tribute 11 talents | Supply 169 tons
a1	A1_cities_loyalty_fort.SAV	city	111	"{""fort"": 200, ""loyalty"": 89, ""max_pop"": 300, ""name"": ""Rhegium"", ""pop"": 100}"	A1_city_111_Rhegium.png	e22e6cfc3484f823add86fa4cee767802533f7a7aa28228711ce579c0780b40a	{information | City Rhegium | Controlled by Rome | Allegiance to Rome | Population 100,000 (33%) | Loyalty very high | Fortification 0% (under construction) | Tribute 3 talents | Supply 119 tons
a1	A1_cities_loyalty_fort.SAV	city	113	"{""fort"": 250, ""loyalty"": 90, ""max_pop"": 7, ""name"": ""Teanum Apulum"", ""pop"": 5}"	A1_city_113_Teanum Apulum.png	1be67d5410eeaa58afc1d556565a31b3a4e1da3f24a1ca9d8910e709bc31667f	{information | City Teanum Apulum | Controlled by Rome | Allegiance to Rome | Population 5,000 (71%) | Loyalty excellent | Fortification 50% (under construction) | Tribute 6 talents | Supply 106 tons
a1	A1_cities_loyalty_fort.SAV	city	115	"{""fort"": 0, ""loyalty"": 99, ""max_pop"": 23, ""name"": ""Venusia"", ""pop"": 23}"	A1_city_115_Venusia.png	42276da367349a40cd767936544f10ac76ed9000b5cb9817b2924baf634fdd66	{information | City Venusia | Controlled by Rome | Allegiance to Rome | Population 23,000 (100%) | Loyalty excellent | Fortification 0% | Tribute 7 talents | Supply 132 tons
a1	A1_cities_loyalty_fort.SAV	city	116	"{""fort"": 50, ""loyalty"": 100, ""max_pop"": 27, ""name"": ""Locri"", ""pop"": 23}"	A1_city_116_Locri.png	48df67e8f2036a67c9df18fd847ae3961b9383b8d579137d835d43b5540c53e9	{information | City Locri | Controlled by Rome | Allegiance to Rome | Population 23,000 (85%) | Loyalty | Fortification 50% | Tribute 6 talents | Supply 97 tons
a1	A1_cities_loyalty_fort.SAV	city	119	"{""fort"": 99, ""loyalty"": 109, ""max_pop"": 7, ""name"": ""Thurii"", ""pop"": 1}"	A1_city_119_Thurii.png	4023a83d1209840e3b2cf2225f26ee1a6ed9e0067652dd3f91fbfe14504146aa	{information | City Thurii | Controlled by Rome | Allegiance to Rome | Population 1,000 (14%) | Loyalty | Fortification 99% | Tribute 2 talents | Supply 122 tons
a1	A1_cities_loyalty_fort.SAV	city	120	"{""fort"": 100, ""loyalty"": 74, ""max_pop"": 27, ""name"": ""Heraclea"", ""pop"": 26}"	A1_city_120_Heraclea.png	1687fc64e9be4dc5e66e98eac49217ccd47ef3b037688a48c5c51dc5242e7006	{information | City Heraclea | Controlled by Rome | Allegiance to Greece | Population 26,000 (96%) | Loyalty high | Fortification 100% | Tribute 15 talents | Supply 139 tons
a1	A1_cities_loyalty_fort.SAV	city	122	"{""fort"": 101, ""loyalty"": 74, ""max_pop"": 300, ""name"": ""Croton"", ""pop"": 100}"	A1_city_122_Croton.png	f4c7b49784b153c0f9e41af15c86994bacf083a4adbd714e0a3d0976f6d3a301	{information | City Croton | Controlled by Rome | Allegiance to Rome | Population 100,000 (33%) | Loyalty high | Fortification 1% (under construction) | Tribute 5 talents | Supply 146 tons
a1	A1_cities_loyalty_fort.SAV	city	123	"{""fort"": 150, ""loyalty"": 74, ""max_pop"": 7, ""name"": ""Tarrentum"", ""pop"": 5}"	A1_city_123_Tarrentum.png	12cbd415d9d82e23fe506962cff7ee5a9a42bf3b138b903f707dba8c1492999f	{information | City Tarrentum | Controlled by Rome | Allegiance to Greece | Population 5,000 (71%) | Loyalty high | Fortification 50% (under construction) | Tribute 45 talents | Supply 243 tons
a1	A1_cities_loyalty_fort.SAV	city	125	"{""fort"": 199, ""loyalty"": 74, ""max_pop"": 23, ""name"": ""Brundisium"", ""pop"": 23}"	A1_city_125_Brundisium.png	e5d371eee1453bc7b2991a39205406ad654465f353cf8d62c7cda9e0dee5f623	{information | City Brundisium | Controlled by Rome | Allegiance to Rome | Population 23,000 (100%) | Loyalty high | Fortification 99% (under construction) | Tribute 11 talents | Supply 127 tons
a2	A2_bracket_tribute.SAV	city_own	90	"{""expect_bracket"": 3000, ""name"": ""Alba Fucens"", ""owner"": 0}"	A2_city_090_Alba Fucens.png	ca7be03c2844134cb94cba9eb0eabdfc65959799cbc9a16b24324bade6cd105a	{information | City Alba Fucens | Controlled by Rome | Allegiance to Rome | Population 23,000 (100%) | Loyalty excellent | Fortification 61% (3,000) | Tribute 6 talents | Supply 99 tons
a2	A2_bracket_tribute.SAV	city_own	91	"{""expect_bracket"": 500, ""name"": ""Fregellae"", ""owner"": 0}"	A2_city_091_Fregellae.png	1ab8da641059d7680ae7c67ea618ac9ff5dfab582fe254667639daa934168220	{information | City Fregellae | Controlled by Rome | Allegiance to Rome | Population 23,000 (100%) | Loyalty very high | Fortification 61% (500) | Tribute 13 talents | Supply 105 tons
a2	A2_bracket_tribute.SAV	city_own	85	"{""expect_bracket"": null, ""name"": ""Rome"", ""owner"": 0}"	A2_city_085_Rome.png	f84e324b2086167395b64bc86abc5e3e75f26a422111514750a060d9baaeda58	{information | City Rome (capital of Rome) | Controlled by Rome | Allegiance to Rome | Population 181,000 (100%) | Loyalty excellent | Fortification 78% | Tribute 317 talents | Supply 990 tons
a2	A2_bracket_tribute.SAV	city_own	97	"{""expect_bracket"": null, ""name"": ""Cales"", ""note"": ""Carthage slot city=97, controller Rome"", ""owner"": 0}"	A2_city_097_Cales.png	20cc513f77468056dfe3cead0ce4da40e95de3923b2f22827a0609140f5f07f7	{information | City Cales | Controlled by Rome | Allegiance to Rome | Population 28,000 (100%) | Loyalty high | Fortification 51% | Tribute 11 talents | Supply 123 tons
a2	A2_bracket_tribute.SAV	city_foreign	72	"{""expect_bracket"": 12000, ""name"": ""Carthago"", ""owner"": 1}"	A2_city_072_Carthago.png	3afdd12a7e6f619669b82cd8a63955e24a008772cae786f4e8086f540baf97a5	{information | City Carthago (capital of Carthage) | Controlled by Carthage | Allegiance to Carthage | Population 163,000 (100%) | Loyalty very high | Fortification 87% (12,000) | Tribute very rich
a2	A2_bracket_tribute.SAV	city_foreign	0	"{""name"": ""Sala"", ""owner"": 1, ""tribute_raw"": 0}"	A2_city_000_Sala.png	a4f8ec62ce369d63056bc757a37f041ecc4fc550bfaed0a9bbff6cc8de23ed77	{information | City Sala | Controlled by Carthage | Allegiance to Rome | Population 20,000 (100%) | Loyalty excellent | Fortification 60% | Tribute poor
a2	A2_bracket_tribute.SAV	city_foreign	4	"{""name"": ""Banasa"", ""owner"": 1, ""tribute_raw"": 10}"	A2_city_004_Banasa.png	5a9e51853a8585acce2b381145be8470a5ddfb540e193aa13d00649dc0f1e830	{information | City Banasa | Controlled by Carthage | Allegiance to Carthage | Population 20,000 (100%) | Loyalty high | Fortification 42% | Tribute poor
a2	A2_bracket_tribute.SAV	city_foreign	5	"{""name"": ""Gades"", ""owner"": 1, ""tribute_raw"": 11}"	A2_city_005_Gades.png	f8ce0ce5ad185e92f6de9752222385b4ffc9a7e09444e5c5413c6e761155aa51	{information | City Gades | Controlled by Carthage | Allegiance to Carthage | Population 20,000 (100%) | Loyalty excellent | Fortification 76% | Tribute moderate
a2	A2_bracket_tribute.SAV	city_foreign	6	"{""name"": ""Lixus"", ""owner"": 1, ""tribute_raw"": 30}"	A2_city_006_Lixus.png	42f830e0892f910aa59a0c6c8bbd5a243d97a7a5c47deb11ba7ba824ca8162b0	{information | City Lixus | Controlled by Carthage | Allegiance to Carthage | Population 20,000 (100%) | Loyalty very high | Fortification 63% | Tribute moderate
a2	A2_bracket_tribute.SAV	city_foreign	13	"{""name"": ""Malaca"", ""owner"": 1, ""tribute_raw"": 31}"	A2_city_013_Malaca.png	d3e17294e6daf523851a8836a87039848e809320aed8b3483f8257dbfa53ccc5	{information | City Malaca | Controlled by Carthage | Allegiance to Carthage | Population 20,000 (100%) | Loyalty very high | Fortification 48% | Tribute rich
a2	A2_bracket_tribute.SAV	city_foreign	16	"{""name"": ""Rusaddir"", ""owner"": 1, ""tribute_raw"": 100}"	A2_city_016_Rusaddir.png	d4943300a3b5b4310e4dc1fbff44c59061c36bfb61354fed98cf92222474e7b9	{information | City Rusaddir | Controlled by Carthage | Allegiance to Carthage | Population 20,000 (100%) | Loyalty normal | Fortification 39% | Tribute rich
a2	A2_bracket_tribute.SAV	city_foreign	18	"{""name"": ""Sexi"", ""owner"": 1, ""tribute_raw"": 101}"	A2_city_018_Sexi.png	2ce5def7613798e23b4ac61ba6ee7f329a608fffaf08cb88d358d1b70e535938	{information | City Sexi | Controlled by Carthage | Allegiance to Carthage | Population 20,000 (100%) | Loyalty high | Fortification 37% | Tribute very rich
a2	A2_bracket_tribute.SAV	city_foreign	24	"{""name"": ""Quiza"", ""owner"": 1, ""tribute_raw"": 5000}"	A2_city_024_Quiza.png	025f36f6c0a1043bf3ef1f4a7b2c03088b1c109598c5412780d4b1bbb7be3b8c	{information | City Quiza | Controlled by Carthage | Allegiance to Carthage | Population 20,000 (100%) | Loyalty high | Fortification 61% | Tribute very rich
a2	A2_bracket_tribute.SAV	city_foreign	25	"{""name"": ""Carthago Novo"", ""owner"": 1, ""tribute_raw"": 10000}"	A2_city_025_Carthago Novo.png	ff852ad3a9b7249bbec11f76f1d78a60722305bfa867dfa80a82c3a1f4c6e1e5	{information | City Carthago Novo | Controlled by Carthage | Allegiance to Carthage | Population 20,000 (100%) | Loyalty excellent | Fortification 83% | Tribute very rich
a2	A2_bracket_tribute.SAV	city_foreign	26	"{""name"": ""Helice"", ""owner"": 1, ""tribute_raw"": 10001}"	A2_city_026_Helice.png	7b31b5fdde8a08ce40a2930c47565148308e6bbcef5b07de5f7627db3bbc1091	{information | City Helice | Controlled by Carthage | Allegiance to _—Celtiberia | Population 20,000 (100%) | Loyalty normal | Fortification 24% | Tribute 10001
a2	A2_bracket_tribute.SAV	city_foreign	30	"{""name"": ""Akra Leuke"", ""owner"": 1, ""tribute_raw"": 20000}"	A2_city_030_Akra Leuke.png	764887ad65cd060d99c3a0d35f5b87af06ee5b55d81f23098bc6f8bd62991560	information | City Akra Leuke | Controlled by Carthage | Allegiance to Carthage | Population 20,000 (100%) | Loyalty very high | Fortification 94% | Tribute 20000
a2	A2_bracket_tribute.SAV	city_foreign	33	"{""name"": ""Icosium"", ""owner"": 1, ""tribute_raw"": 40000}"	A2_city_033_Icosium.png	fe4f8c284f1d5e5f3674767eeb1e47a4e8e2889bc51d218a1e658d18ff4d1602	{information | City Icosium | Controlled by Carthage | Allegiance to Carthage | Population 20,000 (100%) | Loyalty very high | Fortification 52% | Tribute -25536
a2	A2_bracket_tribute.SAV	city_foreign	35	"{""name"": ""Cissa"", ""owner"": 1, ""tribute_raw"": 65535}"	A2_city_035_Cissa.png	514f3a8d761040a416b762ecf7edb8a84280b1a1cce34c895ea2faa54d2ea43f	{information | City Cissa | Controlled by Carthage | Allegiance to _—Celtiberia | Population 20,000 (100%) | Loyalty normal | Fortification 29% | Tribute -1
a3	A3_nations_unity_relations.SAV	nation	0	"{""name"": ""Rome"", ""pop"": 0, ""tax"": 0, ""unity"": 100}"	A3_nation_00_Rome.png	2f46fe30639fa9b86089592cec09a968f121ebaff362407a4644e9c2c79035bd	{information | Nation Rome | Leader Appius Claudius | Capital Rome | Cities 25 | Population 0 | Unity very low | Tax rate 0% | Mobilized 30% | Treasury 2,200 talents | INTERNATIONAL RELATIONS | Carthage | Seleucid | Ptolemaic | Macedonia | Numidia | Gaul war | Greece | Celtiberia | Illyria trade | Dacia | Bithynia | Galatia | Armenia | Media | ( Thracia conquerred by Seleucid }
a3	A3_nations_unity_relations.SAV	nation	1	"{""name"": ""Carthage"", ""pop"": 7, ""relations_row"": [3, null, 0, 1, 2, -1, 4, 5, 6, 7, 100, -18, 0, 3, 2, 1], ""tax"": 5, ""unity"": 250}"	A3_nation_01_Carthage.png	d111dfff4038054a2beeddb160485a2cd264112624e68f740a90423716caffd8	{information | Nation Carthage | Leader Agis | Capital Carthago | Cities 34 | Population 7 | Unity very low | Tax rate 5% | INTERNATIONAL RELATIONS | Rome war | Seleucid | Ptolemaic trade | Macedonia ally | Numidia | Gaul | Greece | Celtiberia 5 | Illyria [ | Dacia ’ | Bithynia | Galatia | Armenia war | Media ally | ( Thracia conquerred by Seleucid }
a3	A3_nations_unity_relations.SAV	nation	2	"{""name"": ""Seleucid"", ""pop"": 999, ""tax"": 10, ""unity"": 499}"	A3_nation_02_Seleucid.png	4f7d6f50e110dd1295a89c74dbb596d307ae7362d52dd3a15b30ac40b399d482	information | Nation Seleucid | Leader Darius | Capital Antioch | Cities 62 | Population 999 | Unity very low | Tax rate 10% | INTERNATIONAL RELATIONS | Rome | Carthage trade | Ptolemaic | Macedonia | Numidia | Gaul | Greece trade | Celtiberia | Illyria | Dacia | Bithynia war | Galatia war | Armenia | Media trade | ( Thracia conquerred by Seleucid }
a3	A3_nations_unity_relations.SAV	nation	3	"{""name"": ""Ptolemaic"", ""pop"": 1000, ""tax"": 15, ""unity"": 500}"	A3_nation_03_Ptolemaic.png	858fca2521eb807c88f7f485b0944fd55254752e9b162718b77d8ecded43e304	information | Nation Ptolemaic | Leader Thutmose | Capital Alexandria | Cities 46 | Population 1,000 | Unity low | Tax rate 15% | INTERNATIONAL RELATIONS | Rome | Carthage | Seleucid | Macedonia trade | Numidia | Gaul | Greece | Celtiberia | Illyria | Dacia trade | Bithynia | Galatia | Armenia | Media | ( Thracia conquerred by Seleucid }
a3	A3_nations_unity_relations.SAV	nation	4	"{""name"": ""Macedonia"", ""pop"": 12345, ""tax"": 20, ""unity"": 599}"	A3_nation_04_Macedonia.png	1a70db29f6b7dfe42e77108cb2d5e8e17175a8a85088a4376cb9b064c729193e	information | Nation Macedonia | Leader Alexander | Capital Pella | Cities 16 | Population 12,345 | Unity low | Tax rate 20% | INTERNATIONAL RELATIONS | Rome | Carthage | Seleucid | Ptolemaic trade | Numidia trade | Gaul | Greece trade | Celtiberia | Illyria | Dacia | Bithynia | Galatia | Armenia | Media | ( Thracia conquerred by Seleucid }
a3	A3_nations_unity_relations.SAV	nation	5	"{""name"": ""Numidia"", ""pop"": 1234567, ""tax"": 25, ""unity"": 600}"	A3_nation_05_Numidia.png	be055fa553bff05a42c93ae3e8288ef13957d65b331f1873e3d37b596a8eb76a	information | Nation Numidia | Leader Abu-Simbel | Capital Gemellae | Cities 8 | Population 1,234,567 | Unity normal | Tax rate 25% | INTERNATIONAL RELATIONS | Rome | Carthage ally | Seleucid | Ptolemaic | Macedonia trade | Gaul | Greece | Celtiberia | Illyria | Dacia | Bithynia | Galatia | Armenia | Media | ( Thracia conquerred by Seleucid }
a3	A3_nations_unity_relations.SAV	nation	6	"{""name"": ""Gaul"", ""pop"": 123456789, ""tax"": 30, ""unity"": 699}"	A3_nation_06_Gaul.png	44ca32966f9ca3cfe744b08ee2c343cd0b2588205f57ef885c3024a71232d805	information | Nation Gaul | Leader Hengest | Capital Nimes | Cities 28 | Population 123,456,789 | Unity normal | Tax rate 30% | INTERNATIONAL RELATIONS | Rome war | Carthage | Seleucid | Ptolemaic | Macedonia | Numidia | Greece | Celtiberia trade | Illyria | Dacia | Bithynia | Galatia | Armenia trade | Media | ( Thracia conquerred by Seleucid }
a3	A3_nations_unity_relations.SAV	nation	7	"{""name"": ""Greece"", ""pop"": 2147483647, ""tax"": 35, ""unity"": 700}"	A3_nation_07_Greece.png	886b1bad17190cfe67d71ed6c4c522d121668cd1677dadd8479442f78ad62b70	information | Nation Greece | Leader Pergamus | Capital Athens | Cities 21 | Population 2,147,483,647a'TN»C | Unity high | Tax rate 35% | INTERNATIONAL RELATIONS | Rome | Carthage trade | Seleucid trade | Ptolemaic | Macedonia trade | Numidia | Gaul | Celtiberia | Illyria | Dacia | Bithynia | Galatia | Armenia | Media | ( Thracia conquerred by Seleucid }
a3	A3_nations_unity_relations.SAV	nation	8	"{""name"": ""Celtiberia"", ""pop"": -5000, ""tax"": 40, ""unity"": 799}"	A3_nation_08_Celtiberia.png	c8ef11a0fc00126201d0d4d46a7e2f0c24700db8b10f9218f7f2dc25b4658368	information | Nation Celtiberia | Leader Octavian | Capital Numantia | Cities 19 | Population 5,000 | Unity high | Tax rate 40% | INTERNATIONAL RELATIONS | Rome | Carthage war | Seleucid | Ptolemaic | Macedonia | Numidia | Gaul trade | Greece | Illyria | Dacia trade | Bithynia | Galatia | Armenia | Media trade | ( Thracia conquerred by Seleucid }
a3	A3_nations_unity_relations.SAV	nation	9	"{""name"": ""Illyria"", ""pop"": 100000, ""tax"": 1, ""unity"": 800}"	A3_nation_09_Illyria.png	c8ef11a0fc00126201d0d4d46a7e2f0c24700db8b10f9218f7f2dc25b4658368	information | Nation Celtiberia | Leader Octavian | Capital Numantia | Cities 19 | Population 5,000 | Unity high | Tax rate 40% | INTERNATIONAL RELATIONS | Rome | Carthage war | Seleucid | Ptolemaic | Macedonia | Numidia | Gaul trade | Greece | Illyria | Dacia trade | Bithynia | Galatia | Armenia | Media trade | ( Thracia conquerred by Seleucid }
a3	A3_nations_unity_relations.SAV	nation	10	"{""name"": ""Dacia"", ""pop"": 3, ""tax"": 2, ""unity"": 899}"	A3_nation_10_Dacia.png	4fd8d508764ed5ca084b7ed1461e720485c5d9d985601f37acf3081b29796bb0	information | Nation Illyria | Leader Epaminondas | Capital Scodra | Cities 9 | Population 100,000 | Unity very high | Tax rate 1% | INTERNATIONAL RELATIONS | Rome trade | Carthage | Seleucid | Ptolemaic | Macedonia | Numidia | Gaul | Greece | Celtiberia | Dacia | Bithynia | Galatia | Armenia trade | Media trade | ( Thracia conquerred by Seleucid }
a3	A3_nations_unity_relations.SAV	nation	11	"{""name"": ""Bithynia"", ""pop"": 40, ""tax"": 3, ""unity"": 900}"	A3_nation_11_Bithynia.png	d03f1060ef106d1dae4d4fb124e8f33a6f0118c6a886788497a468d51e939abc	information | Nation Dacia | Leader Theudebert | Capital Sirmium | Cities 8 | Population 3 | Unity very high | Tax rate 2% | INTERNATIONAL RELATIONS | Rome | Carthage | Seleucid | Ptolemaic trade | Macedonia | Numidia | Gaul | Greece | Celtiberia trade | Illyria | Bithynia trade | Galatia | Armenia | Media | ( Thracia conquerred by Seleucid }
a3	A3_nations_unity_relations.SAV	nation	12	"{""name"": ""Galatia"", ""pop"": 500, ""tax"": 4, ""unity"": 999}"	A3_nation_12_Galatia.png	d4d40514f85c4755e90535e1352d950cb070e9c1946e3c4c34c999b0ce8dd662	information | Nation Bithynia | Leader Stesichorus | Capital Sinope | Cities 13 | Population 40 | Unity excellent | Tax rate 3% | INTERNATIONAL RELATIONS | Rome | Carthage | Seleucid war | Ptolemaic | Macedonia | Numidia | Gaul | Greece | Celtiberia | Illyria | Dacia trade | Galatia ally | Armenia trade | Media | ( Thracia conquerred by Seleucid }
a3	A3_nations_unity_relations.SAV	nation	13	"{""name"": ""Armenia"", ""pop"": 5000, ""tax"": 6, ""unity"": 1000}"	A3_nation_13_Armenia.png	774339e3882b75aa5b582ea3a47446c677907970b7f0e37a772f62f87d3d8587	information | Nation Galatia | Leader Androcles | Capital Ancyra | Cities 9 | Population 500 | Unity excellent | Tax rate 4% | INTERNATIONAL RELATIONS | Rome | Carthage | Seleucid war | Ptolemaic | Macedonia | Numidia | Gaul | Greece | Celtiberia | Illyria | Dacia | Bithynia ally | Armenia | Media | ( Thracia conquerred by Seleucid }
a3	A3_nations_unity_relations.SAV	nation	14	"{""name"": ""Media"", ""pop"": 50000, ""tax"": 7, ""unity"": 1100}"	A3_nation_14_Media.png	0c75aa230670655d0060613ffb50292b686eeb2a72df8d81c89639a6dff08c47	information | Nation Armenia | Leader Mesa | Capital Erivan | Cities 10 | Population 5,000 | Unity | Tax rate 6% | INTERNATIONAL RELATIONS | Rome | Carthage | Seleucid | Ptolemaic | Macedonia | Numidia | Gaul trade | Greece | Celtiberia | Illyria trade | Dacia | Bithynia trade | Galatia | Media ally | ( Thracia conquerred by Seleucid }
a3	A3_nations_unity_relations.SAV	nation	8	"{""name"": ""Celtiberia"", ""pop"": -5000, ""tax"": 40, ""unity"": 799}"	A3_nation_08_Celtiberia.v2.png	c8ef11a0fc00126201d0d4d46a7e2f0c24700db8b10f9218f7f2dc25b4658368	information | Nation Celtiberia | Leader Octavian | Capital Numantia | Cities 19 | Population 5,000 | Unity high | Tax rate 40% | INTERNATIONAL RELATIONS | Rome | Carthage war | Seleucid | Ptolemaic | Macedonia | Numidia | Gaul trade | Greece | Illyria | Dacia trade | Bithynia | Galatia | Armenia | Media trade | ( Thracia conquerred by Seleucid }
a3	A3_nations_unity_relations.SAV	nation	9	"{""name"": ""Illyria"", ""pop"": 100000, ""tax"": 1, ""unity"": 800}"	A3_nation_09_Illyria.v2.png	4fd8d508764ed5ca084b7ed1461e720485c5d9d985601f37acf3081b29796bb0	information | Nation Illyria | Leader Epaminondas | Capital Scodra | Cities 9 | Population 100,000 | Unity very high | Tax rate 1% | INTERNATIONAL RELATIONS | Rome trade | Carthage | Seleucid | Ptolemaic | Macedonia | Numidia | Gaul | Greece | Celtiberia | Dacia | Bithynia | Galatia | Armenia trade | Media trade | ( Thracia conquerred by Seleucid }
a3	A3_nations_unity_relations.SAV	nation	10	"{""name"": ""Dacia"", ""pop"": 3, ""tax"": 2, ""unity"": 899}"	A3_nation_10_Dacia.v2.png	d03f1060ef106d1dae4d4fb124e8f33a6f0118c6a886788497a468d51e939abc	information | Nation Dacia | Leader Theudebert | Capital Sirmium | Cities 8 | Population 3 | Unity very high | Tax rate 2% | INTERNATIONAL RELATIONS | Rome | Carthage | Seleucid | Ptolemaic trade | Macedonia | Numidia | Gaul | Greece | Celtiberia trade | Illyria | Bithynia trade | Galatia | Armenia | Media | ( Thracia conquerred by Seleucid }
a3	A3_nations_unity_relations.SAV	nation	11	"{""name"": ""Bithynia"", ""pop"": 40, ""tax"": 3, ""unity"": 900}"	A3_nation_11_Bithynia.v2.png	d4d40514f85c4755e90535e1352d950cb070e9c1946e3c4c34c999b0ce8dd662	information | Nation Bithynia | Leader Stesichorus | Capital Sinope | Cities 13 | Population 40 | Unity excellent | Tax rate 3% | INTERNATIONAL RELATIONS | Rome | Carthage | Seleucid war | Ptolemaic | Macedonia | Numidia | Gaul | Greece | Celtiberia | Illyria | Dacia trade | Galatia ally | Armenia trade | Media | ( Thracia conquerred by Seleucid }
a3	A3_nations_unity_relations.SAV	nation	12	"{""name"": ""Galatia"", ""pop"": 500, ""tax"": 4, ""unity"": 999}"	A3_nation_12_Galatia.v2.png	774339e3882b75aa5b582ea3a47446c677907970b7f0e37a772f62f87d3d8587	information | Nation Galatia | Leader Androcles | Capital Ancyra | Cities 9 | Population 500 | Unity excellent | Tax rate 4% | INTERNATIONAL RELATIONS | Rome | Carthage | Seleucid war | Ptolemaic | Macedonia | Numidia | Gaul | Greece | Celtiberia | Illyria | Dacia | Bithynia ally | Armenia | Media | ( Thracia conquerred by Seleucid }
a3	A3_nations_unity_relations.SAV	nation	13	"{""name"": ""Armenia"", ""pop"": 5000, ""tax"": 6, ""unity"": 1000}"	A3_nation_13_Armenia.v2.png	0c75aa230670655d0060613ffb50292b686eeb2a72df8d81c89639a6dff08c47	information | Nation Armenia | Leader Mesa | Capital Erivan | Cities 10 | Population 5,000 | Unity | Tax rate 6% | INTERNATIONAL RELATIONS | Rome | Carthage | Seleucid | Ptolemaic | Macedonia | Numidia | Gaul trade | Greece | Celtiberia | Illyria trade | Dacia | Bithynia trade | Galatia | Media ally | ( Thracia conquerred by Seleucid }
a3	A3_nations_unity_relations.SAV	nation	14	"{""name"": ""Media"", ""pop"": 50000, ""tax"": 7, ""unity"": 1100}"	A3_nation_14_Media.v2.png	80b04560c21c07cb249fce13e2df64ca106e5472b251aef947c5722c7b4d59f6	information | Nation Media | Leader Samuramat | Capital Ecbatana | Cities 14 | Population 50,000 | Unity | Tax rate 7% | INTERNATIONAL RELATIONS | Rome | Carthage | Seleucid trade | Ptolemaic | Macedonia | Numidia | Gaul | Greece | Celtiberia trade | Illyria trade | Dacia | Bithynia | Galatia | Armenia ally | ( Thracia conquerred by Seleucid }
a4	A4_armies_own.SAV	army_left	0	"{""cell"": 2, ""money"": 5, ""morale"": 50, ""moves"": 0, ""owner"": 0, ""sel"": 0, ""supplies"": 173, ""x"": 100, ""y"": 37}"	A4_army_00_left.png	ce25698c1ba9ed82ce6f6f13eaf4e71b02188ae59c72a9f398f927f940df0305	{information | Army of Rome | Moves 0 | Supply 173 tons (72%) | Morale very low | Money 5 talents | Terrain Plain | Light infantry 4,800 | Heavy infantry 16,100 | Archers 0 | Light cavalry 900 | Heavy cavalry 1,900 | Total troops 23,700 | No. of units 6 | Regulars cost 232 talents per quarter | Mercenary pay 0 talents per quarter
a4	A4_armies_own.SAV	army_right	0	"{""cell"": 2, ""money"": 5, ""morale"": 50, ""moves"": 0, ""owner"": 0, ""supplies"": 173, ""x"": 100, ""y"": 37}"	A4_army_00_right.png	798717cac7c5c61c6430a16e74a696aca6a474e6b2830d3afb668378eed8fdce	{information | Army of Rome | lst Foot Battalion Light infantry 4,800 average | 1st Guards Battalion Heavy infantry 5,000 very | 2nd Guards Battalion Heavy infantry 5,200 goox | 3rd Guards Battalion Heavy infantry 5,900 good | lst Lancers Battalion Light cavalry 900 average | 1st Dragoons Battalion Heavy cavalry 1,900 goc | (<j >)
a4	A4_armies_own.SAV	army_left	1	"{""cell"": 3, ""money"": 22, ""morale"": 51, ""moves"": 3, ""owner"": 0, ""sel"": 1, ""supplies"": 216, ""x"": 120, ""y"": 53}"	A4_army_01_left.png	2ae06dd25978a5886b2bd947c7601e4b84a09c6dd9c7e3bd5071fed1fd591efa	{information | Army of Rome | Moves 3 | Supply 216 tons (234%) | Morale very low | Money 22 talents | Terrain Desert | Light infantry 199 | Heavy infantry 5,699 | Archers 0 | Light cavalry 1,500 | Heavy cavalry 1,800 | Total troops 9,198 | No. of units 6 | Regulars cost 111 talents per quarter | Mercenary pay 0 talents per quarter
a4	A4_armies_own.SAV	army_right	1	"{""cell"": 3, ""money"": 22, ""morale"": 51, ""moves"": 3, ""owner"": 0, ""supplies"": 216, ""x"": 120, ""y"": 53}"	A4_army_01_right.png	84ec8d29227222f3035cd889215baf55cd3681a3cec20b5664a1d883d8737671	{information | Army of Rome | 2nd Foot Battalion Light infantry 199 average | 4th Guards Battalion Heavy infantry 399 verygi | 5th Guards Battalion Heavy infantry 200 good | 6th Guards Battalion Heavy infantry 5,100 good | 2nd Lancers Battalion Light cavalry 1,500 good | 2nd Dragoons Battalion Heavy cavalry 1,800 go | <j] >|
a4	A4_armies_own.SAV	army_left	2	"{""cell"": 4, ""money"": 39, ""morale"": 54, ""moves"": 6, ""owner"": 0, ""sel"": 2, ""supplies"": 308, ""x"": 47, ""y"": 62}"	A4_army_02_left.png	437ede7da573c0ea035c6f7296cbd20b719b76e6612efa81ddd75112ffeeefed	{information | Army of Rome | Moves 6 | Supply 308 tons (90%) | Morale very low | Money 39 talents | Terrain Forest | Light infantry 16,800 | Heavy infantry 12,700 | Archers 0 | Light cavalry 1,200 | Heavy cavalry 3,200 | Total troops 33,900 | No. of units 8 | Regulars cost 54 talents per quarter | Mercenary pay 304 talents per quarter
a4	A4_armies_own.SAV	army_right	2	"{""cell"": 4, ""money"": 39, ""morale"": 54, ""moves"": 6, ""owner"": 0, ""supplies"": 308, ""x"": 47, ""y"": 62}"	A4_army_02_right.png	72f6fff128ff982fe196b9ffd9000844cc9806d8e7d4bd22bb2d0c5998a7eed1	{information | Army of Rome | Numidian Light infantry 7,800 good | Celtiberian Light infantry 9,000 poor | lst Guards Battalion Heavy infantry 3,500 very | Celtiberian Heavy infantry 5,200 good | Celtiberian Heavy infantry 4,000 average | Numidian Light cavalry 1,200 average | 1st Dragoons Battalion Heavy cavalry 1,100 goc | Numidian Heavy cavalry 2,100 very good | i<} | >|
a4	A4_armies_own.SAV	army_left	3	"{""cell"": 5, ""money"": 56, ""morale"": 55, ""moves"": 9, ""owner"": 0, ""sel"": 3, ""supplies"": 204, ""x"": 93, ""y"": 79}"	A4_army_03_left.png	7cbf47e7f216047e805d370f5abd98fa5274cab3411673ce85e1b510425b984e	{information | Army of Rome | Moves 9 | Supply 204 tons (109%) | Morale low | Money 56 talents | Terrain Mountains | Light infantry 4,800 | Heavy infantry 8,000 | Archers 2,700 | Light cavalry 0 | Heavy cavalry 3,100 | Total troops 18,600 | No. of units 6 | Regulars cost 42 talents per quarter | Mercenary pay 182 talents per quarter
a4	A4_armies_own.SAV	army_right	3	"{""cell"": 5, ""money"": 56, ""morale"": 55, ""moves"": 9, ""owner"": 0, ""supplies"": 204, ""x"": 93, ""y"": 79}"	A4_army_03_right.png	7678e41a7057682cfdde0959b218c5d7868cecc7b618a02245991898b9b16a49	{information | Army of Rome | Greek Light infantry 4,800 good | 2nd Guards Battalion Heavy infantry 2,300 aver | Greek Heavy infantry 5,700 good | Moor Archers 2,700 average | 2nd Dragoons Battalion Heavy cavalry 1,100 po | Numidian Heavy cavalry 2,000 good | <j] >|
a4	A4_armies_own.SAV	army_left	4	"{""cell"": 2, ""money"": 73, ""morale"": 58, ""moves"": 1, ""owner"": 0, ""sel"": 4, ""supplies"": 523, ""x"": 225, ""y"": 72}"	A4_army_04_left.png	067709746ee754de3d685b75de1a6cada467224939a0ebb80d679c5a4165e0ad	{information | Army of Rome | Moves 1 | Supply 523 tons (140%) | Morale low | Money 73 talents | Terrain Plain | Light infantry 22,540 | Heavy infantry 6,900 | Archers 4,280 | Light cavalry 1,480 | Heavy cavalry 2,000 | Total troops 37,200 | No. of units 10 | Regulars cost 156 talents per quarter | Mercenary pay 151 talents per quarter
a4	A4_armies_own.SAV	army_right	4	"{""cell"": 2, ""money"": 73, ""morale"": 58, ""moves"": 1, ""owner"": 0, ""supplies"": 523, ""x"": 225, ""y"": 72}"	A4_army_04_right.png	541c773c3df8bdf9c092cd09198bf9ec233cb0edbb7e6a3e6f4316a9ff33dad4	{information | Army of Rome | lst Foot Battalion Light infantry 5,720 average | 2nd Foot Battalion Light infantry 6,220 average | Greek Light infantry 4,180 very good | Persian Light infantry 6,420 average | 1st Guards Battalion Heavy infantry 2,680 good | Greek Heavy infantry 4,220 very good | 1st Bowmen Battalion Archers 2,140 average | 1st Dragoons Battalion Heavy cavalry 2,000 ver | Mysian Archers 2,140 good | lst Lancers Battalion Light cavalry 1,480 avera | (<j >)
a4	A4_armies_own.SAV	army_left	5	"{""cell"": 6, ""money"": 90, ""morale"": 59, ""moves"": 4, ""owner"": 0, ""sel"": 5, ""supplies"": 561, ""x"": 178, ""y"": 47}"	A4_army_05_left.png	a9a1b43ea3b0ff5ba172fede37f29ff778e45ee3d8546829bc56b97a4555591b	{information | Army of Rome | Moves 4 | Supply 561 tons (150%) | Morale normal | Money 90 talents | Terrain River | Light infantry 23,000 | Heavy infantry 9,300 | Archers 1,200 | Light cavalry 2,400 | Heavy cavalry 1,400 | Total troops 37,300 | No. of units 9 | Regulars cost 220 talents per quarter | Mercenary pay 73 talents per quarter
a4	A4_armies_own.SAV	army_right	5	"{""cell"": 6, ""money"": 90, ""morale"": 59, ""moves"": 4, ""owner"": 0, ""supplies"": 561, ""x"": 178, ""y"": 47}"	A4_army_05_right.png	708599a4d3739dc45607fd5839bae47778903d29b785e8551fdadb90f4f93267	{information | Army of Rome | 3rd Foot Battalion Light infantry 8,700 poor | 4th Foot Battalion Light infantry 7,800 poor | Cilician Light infantry 6,500 good | 2nd Guards Battalion Heavy infantry 5,000 goox | 3rd Guards Battalion Heavy infantry 4,300 good | 3rd Bowmen Battalion Archers 1,200 average | 2nd Lancers Battalion Light cavalry 900 averag | Cilician Light cavalry 1,500 good | 2nd Dragoons Battalion Heavy cavalry 1,400 go | <j] >|
a4	A4_armies_own.SAV	army_left	6	"{""cell"": 11, ""money"": 107, ""morale"": 62, ""moves"": 7, ""owner"": 0, ""sel"": 6, ""supplies"": 367, ""x"": 166, ""y"": 35}"	A4_army_06_left.png	a04dd0c714d2d2899989d7bb0ee47b13067c0c94c193324e962af5ca47805080	{information | Army of Rome | Moves 7 | Supply 367 tons (166%) | Morale normal | Money 107 talents | Terrain River | Light infantry 16,800 | Heavy infantry 2,700 | Archers 0 | Light cavalry 2,500 | Heavy cavalry 0 | Total troops 22,000 | No. of units 6 | Regulars cost 103 talents per quarter | Mercenary pay 54 talents per quarter
a4	A4_armies_own.SAV	army_right	6	"{""cell"": 11, ""money"": 107, ""morale"": 62, ""moves"": 7, ""owner"": 0, ""supplies"": 367, ""x"": 166, ""y"": 35}"	A4_army_06_right.png	56fab3a6f03460db700f82ce1eb6ec9be1d906baea71eb514af534f6bbd47ca8	{information | Army of Rome | 1st Foot Battalion Light infantry 6,300 average | 2nd Foot Battalion Light infantry 6,300 average | Bactrian Lightinfantry 4,200 average | 1st Guards Battalion Heavy infantry 2,700 aver | 1st Lancers Battalion Light cavalry 1,100 poor | Thessalian Light cavalry 1,400 good | i<j >)
a4	A4_armies_own.SAV	army_left	7	"{""cell"": 0, ""money"": 124, ""morale"": 63, ""moves"": 10, ""owner"": 0, ""sel"": 7, ""supplies"": 902, ""x"": 189, ""y"": 104}"	A4_army_07_left.png	4accc581e4c4810f15ecba07cb744b404e17df26dc8db67363c3392ce8058019	{information | Army of Rome | Moves 10 | Supply 902 tons (140%) | Morale high | Money 124 talents | Terrain Sea | Light infantry 48,730 | Heavy infantry 9,500 | Archers 1,200 | Light cavalry 1,700 | Heavy cavalry 2,900 | Total troops 64,030 | No. of units 11 | Regulars cost 169 talents per quarter | Mercenary pay 348 talents per quarter
a4	A4_armies_own.SAV	army_right	7	"{""cell"": 0, ""money"": 124, ""morale"": 63, ""moves"": 10, ""owner"": 0, ""supplies"": 902, ""x"": 189, ""y"": 104}"	A4_army_07_right.png	09a8bd95631eac1cda417feab193d42c569f6904f90c0f75a9eb185fa5e60d3c	{information | Army of Rome | 3rd Foot Battalion Light infantry 8,600 poor | 4th Foot Battalion Light infantry 10,000 poor | Greek Light infantry 9,000 good | Elymaian Light infantry 13,500 average | 2nd Guards Battalion Heavy infantry 3,500 aver | Greek Heavy infantry 6,000 very good | lst Bowmen Battalion Archers 1,200 poor | Elymaian Light cavalry 1,700 average | 2nd Dragoons Battalion Heavy cavalry 1,800 go | Elymaian Heavy cavalry 1,100 good | Egyptian Light infantry 7,630 good | i<j >|
a4	A4_armies_own.SAV	army_left	8	"{""cell"": 1, ""money"": 141, ""morale"": 66, ""moves"": 2, ""owner"": 0, ""sel"": 8, ""supplies"": 597, ""x"": 144, ""y"": 41}"	A4_army_08_left.png	466664675a903758aeb55a82368d0fdd205cadeb2adce257250fc73be9fb25b7	{information | Army of Rome | Moves 2 | Supply 597 tons (200%) | Morale high | Money 141 talents | Terrain Sea | Light infantry 12,300 | Heavy infantry 15,400 | Archers 0 | Light cavalry 1,300 | Heavy cavalry 800 | Total troops 29,800 | No. of units 7 | Regulars cost 171 talents per quarter | Mercenary pay 97 talents per quarter
a4	A4_armies_own.SAV	army_right	8	"{""cell"": 1, ""money"": 141, ""morale"": 66, ""moves"": 2, ""owner"": 0, ""supplies"": 597, ""x"": 144, ""y"": 41}"	A4_army_08_right.png	032d74fe9eca703df44e266c79a753f554cd88417e517bee61790897c58757ae	{information | Army of Rome | 1st Foot Battalion Light infantry 7,900 good | Elymaian Light infantry 4,400 average | lst Guards Battalion Heavy infantry 5,700 elite | 2nd Guards Battalion Heavy infantry 6,000 elite | Greek Heavy infantry 3,700 good | Elymaian Light cavalry 1,300 average | 1st Dragoons Battalion Heavy cavalry 800 avera | (<j >|
a4	A4_armies_own.SAV	army_left	9	"{""cell"": 2, ""money"": 158, ""morale"": 67, ""moves"": 5, ""owner"": 0, ""sel"": 9, ""supplies"": 608, ""x"": 93, ""y"": 28}"	A4_army_09_left.png	be6d5c4e939a2c64acd74a4c1fcc068a86a5166d426bbab793d83da88db445fe	{information | Army of Rome | Moves 5 | Supply 608 tons (150%) | Morale very high | Money 158 talents | Terrain Plain | Light infantry 33,600 | Heavy infantry 4,900 | Archers 0 | Light cavalry 1,400 | Heavy cavalry 600 | Total troops 40,500 | No. of units 8 | Regulars cost 188 talents per quarter | Mercenary pay 65 talents per quarter
a4	A4_armies_own.SAV	army_right	9	"{""cell"": 2, ""money"": 158, ""morale"": 67, ""moves"": 5, ""owner"": 0, ""supplies"": 608, ""x"": 93, ""y"": 28}"	A4_army_09_right.png	d1b10ca1242079539b829b975a0431d2547c25436be0fd59416ccfc368f780c8	{information | Army of Rome | 1st Foot Battalion Light infantry 8,000 poor | 2nd Foot Battalion Light infantry 9,200 average | Ligurian Light infantry 7,800 poor | 3rd Foot Battalion Light infantry 8,600 average | Spanish Heavy infantry 2,200 average | 1st Guards Battalion Heavy infantry 2,700 aver | lst Lancers Battalion Light cavalry 1,400 avera | 1st Dragoons Battalion Heavy cavalry 600 good | i<j >)
a4	A4_armies_own.SAV	army_left	10	"{""cell"": 3, ""money"": 175, ""morale"": 70, ""moves"": 8, ""owner"": 0, ""sel"": 10, ""supplies"": 622, ""x"": 34, ""y"": 63}"	A4_army_10_left.png	3cd8d6e433b82f1e2e3e12bb63130232700af8a7fdfda87b94a266be73c2237b	{information | Army of Rome | Moves 8 | Supply 622 tons (183%) | Morale very high | Money 175 talents | Terrain Desert | Light infantry 19,700 | Heavy infantry 11,100 | Archers 0 | Light cavalry 1,400 | Heavy cavalry 1,700 | Total troops 33,900 | No. of units 7 | Regulars cost 177 talents per quarter | Mercenary pay 111 talents per quarter
a4	A4_armies_own.SAV	army_right	10	"{""cell"": 3, ""money"": 175, ""morale"": 70, ""moves"": 8, ""owner"": 0, ""supplies"": 622, ""x"": 34, ""y"": 63}"	A4_army_10_right.png	524fe1ba1d7f73df38f99cbd24650afe7cb0ddda770a75c72faeb64e3499c246	{information | Army of Rome | 1st Foot Battalion Light infantry 7,800 poor | 2nd Foot Battalion Light infantry 5,900 good | Gallic Light infantry 6,000 average | 1st Guards Battalion Heavy infantry 5,700 aver | Greek Heavy infantry 5,400 good | lst Lancers Battalion Light cavalry 1,400 avera | 1st Dragoons Battalion Heavy cavalry 1,700 ave | i<j >|
a4	A4_armies_own.SAV	army_left	11	"{""cell"": 4, ""money"": 192, ""morale"": 71, ""moves"": 0, ""owner"": 0, ""sel"": 11, ""supplies"": 635, ""x"": 190, ""y"": 30}"	A4_army_11_left.png	a1576fe51e960855cfdd7958c279e83a6fc1e9bf604a78557048b4434e5e941a	{information | Army of Rome | Moves 0 | Supply 635 tons (188%) | Morale excellent | Money 192 talents | Terrain Forest | Light infantry 17,100 | Heavy infantry 10,800 | Archers 2,100 | Light cavalry 1,800 | Heavy cavalry 1,800 | Total troops 33,600 | No. of units 8 | Regulars cost 201 talents per quarter | Mercenary pay 79 talents per quarter
a4	A4_armies_own.SAV	army_right	11	"{""cell"": 4, ""money"": 192, ""morale"": 71, ""moves"": 0, ""owner"": 0, ""supplies"": 635, ""x"": 190, ""y"": 30}"	A4_army_11_right.png	e2564612a3bb6bf87a28b3fc9e56779860f0e4c4a78e70f67777c7d8dc369a54	{information | Army of Rome | Sarmatian Light infantry 8,700 average | lst Foot Battalion Light infantry 8,400 average | lst Guards Battalion Heavy infantry 4,800 aver | 2nd Guards Battalion Heavy infantry 6,000 aver | Rhodian Archers 2,100 average | lst Lancers Battalion Light cavalry 1,000 poor | Rhoxolani Light cavalry 800 good | 1st Dragoons Battalion Heavy cavalry 1,800 goc | i<j >)
a4	A4_armies_own.SAV	army_left	12	"{""cell"": 5, ""money"": 209, ""morale"": 74, ""moves"": 3, ""owner"": 0, ""sel"": 12, ""supplies"": 588, ""x"": 200, ""y"": 45}"	A4_army_12_left.png	8afe85c0bf8f78b3e310848957d4b9bca15c751ca7a5e0a03f9fe52206f538f8	{information | Army of Rome | Moves 3 | Supply 588 tons (304%) | Morale excellent | Money 209 talents | Terrain Mountains | Light infantry 12,200 | Heavy infantry 3,500 | Archers 0 | Light cavalry 2,800 | Heavy cavalry 800 | Total troops 19,300 | No. of units 5 | Regulars cost 77 talents per quarter | Mercenary pay 97 talents per quarter
a4	A4_armies_own.SAV	army_right	12	"{""cell"": 5, ""money"": 209, ""morale"": 74, ""moves"": 3, ""owner"": 0, ""supplies"": 588, ""x"": 200, ""y"": 45}"	A4_army_12_right.png	6da0eea8de22e2157e00028501fba36ab36a864c7e95dc3e832ac7ef2b2f5cc9	{information | Army of Rome | 1st Foot Battalion Light infantry 5,800 average | 2nd Foot Battalion Light infantry 6,400 good | Galatian Heavy infantry 3,500 good | Getai Light cavalry 2,800 average | 1st Dragoons Battalion Heavy cavalry 800 avera | (<j >|
a4	A4_armies_own.SAV	army_left	13	"{""cell"": 2, ""money"": 226, ""morale"": 75, ""moves"": 6, ""owner"": 0, ""sel"": 13, ""supplies"": 861, ""x"": 305, ""y"": 57}"	A4_army_13_left.png	9eff0fda06689c085f8aeb325e6e2c7eb4a77d59902d74381a3097750472e89c	{information | Army of Rome | Moves 6 | Supply 861 tons (228%) | Morale | Money 226 talents | Terrain Plain | Light infantry 22,500 | Heavy infantry 5,300 | Archers 800 | Light cavalry 8,200 | Heavy cavalry 900 | Total troops 37,700 | No. of units 9 | Regulars cost 141 talents per quarter | Mercenary pay 222 talents per quarter
a4	A4_armies_own.SAV	army_right	13	"{""cell"": 2, ""money"": 226, ""morale"": 75, ""moves"": 6, ""owner"": 0, ""supplies"": 861, ""x"": 305, ""y"": 57}"	A4_army_13_right.png	c8918143d1eccc8998cc4aa6e774a9c8eeeb46bb8218beec9fbbc96413d74eb1	{information | Army of Rome | lst Foot Battalion Light infantry 7,500 average | 2nd Foot Battalion Light infantry 6,900 average | Kardackian Light infantry 8,100 good | lst Guards Battalion Heavy infantry 1,900 aver: | Persian Heavy infantry 3,400 average | Sarmatian Archers 800 good | lst Lancers Battalion Light cavalry 2,400 poor | Scythian Light cavalry 5,800 good | 1st Dragoons Battalion Heavy cavalry 900 avera | (<j >)
a5	A5_f5a.SAV	fleet_left	2	"{""base"": ""FLEET5_EMBARKED.SAV"", ""condition"": 55, ""money"": 123, ""owner"": 0, ""sea"": 0, ""sel"": 2, ""ships"": 30, ""supplies"": 50, ""x"": 101, ""y"": 46}"	A5_f5a_fleet2_left.png	99565c2e5781111cc2247d1cb3c9f6390b542540584f8000d02636ef860620a9	{information | Fleet of Rome | Moves 25 | Ships 30 | Repair 55% | Supply 50 tons (20%) | Money 123 talents | Capacity 15,000 troops | Sea calm | Army | Supply 0 tons (0%) | Morale very low | Money 100 talents | Light infantry 4,800 | Heavy infantry 5,000 | Archers 0 | Light cavalry 900 | Heavy cavalry 0 | Total troops 10,700 | No. of units 3 | Regulars cost 86 talents per quarter | Mercenary pay 0 talents per quarter
a5	A5_f5a.SAV	fleet_right	2	"{""base"": ""FLEET5_EMBARKED.SAV"", ""condition"": 55, ""money"": 123, ""owner"": 0, ""sea"": 0, ""sel"": 2, ""ships"": 30, ""supplies"": 50, ""x"": 101, ""y"": 46}"	A5_f5a_fleet2_right.png	9ca3401beecee9cc113fa12b3ff5c2c73e9b17985aacfc77cf316f4af8cc6dc8	Army of Rome | lst Foot Battalion Light infantry 4,800 average | 1st Guards Battalion Heavy infantry 5,000 very | lst Lancers Battalion Light cavalry 900 average | (<j >)
a5	A5_f5a.SAV	fleet_left	0	"{""base"": ""FLEET5_EMBARKED.SAV"", ""owner"": 1, ""sea"": 1, ""sel"": -1, ""x"": 110, ""y"": 62}"	A5_f5a_fleet0_left.png	7ae9fa0eadf2e1f2d1f9f5ccecf007eaa982b6f73dfcfd94f230ed034a3e0d44	{information | Fleet of Carthage | Moves | Ships 90 | Repair | Supply | Money | Capacity 45,000 troops | Sea rough
a5	A5_f5a.SAV	fleet_right	0	"{""base"": ""FLEET5_EMBARKED.SAV"", ""owner"": 1, ""sea"": 1, ""sel"": -1, ""x"": 110, ""y"": 62}"	A5_f5a_fleet0_right.png	7ae9fa0eadf2e1f2d1f9f5ccecf007eaa982b6f73dfcfd94f230ed034a3e0d44	{information | Fleet of Carthage | Moves | Ships 90 | Repair | Supply | Money | Capacity 45,000 troops | Sea rough
a5	A5_f5a.SAV	fleet_left	1	"{""base"": ""FLEET5_EMBARKED.SAV"", ""owner"": 3, ""sea"": -1, ""sel"": -1, ""x"": 189, ""y"": 93}"	A5_f5a_fleet1_left.png	36a6ab06d8cb7ad23eca5c27907333fa3a5fa8adb3bf43dfc90929913ab2379e	{information | Fleet of Ptolemaic | Moves | Ships 70 | Repair | Supply | Money | Capacity 35,000 troops | Sea rough
a5	A5_f5a.SAV	fleet_right	1	"{""base"": ""FLEET5_EMBARKED.SAV"", ""owner"": 3, ""sea"": -1, ""sel"": -1, ""x"": 189, ""y"": 93}"	A5_f5a_fleet1_right.png	36a6ab06d8cb7ad23eca5c27907333fa3a5fa8adb3bf43dfc90929913ab2379e	{information | Fleet of Ptolemaic | Moves | Ships 70 | Repair | Supply | Money | Capacity 35,000 troops | Sea rough
a5	A5_f5b.SAV	fleet_left	2	"{""base"": ""FLEET5_EMBARKED.SAV"", ""condition"": 100, ""money"": 5000, ""moves"": 7, ""owner"": 0, ""sea"": 1, ""sel"": 2, ""ships"": 100, ""supplies"": 800, ""x"": 101, ""y"": 46}"	A5_f5b_fleet2_left.png	5c09b9103b33ba61bcb9f214816f30054692404c5a2f1b5c5f7e2c017dda5ec2	{information | Fleet of Rome | Moves 7 | Ships 100 | Repair 100% | Supply 800 tons (100%) | Money 5000 talents | Capacity 50,000 troops | Sea rough | Army | Supply 0 tons (0%) | Morale very low | Money 100 talents | Light infantry 4,800 | Heavy infantry 5,000 | Archers 0 | Light cavalry 900 | Heavy cavalry 0 | Total troops 10,700 | No. of units 3 | Regulars cost 86 talents per quarter | Mercenary pay 0 talents per quarter
a5	A5_f5b.SAV	fleet_right	2	"{""base"": ""FLEET5_EMBARKED.SAV"", ""condition"": 100, ""money"": 5000, ""moves"": 7, ""owner"": 0, ""sea"": 1, ""sel"": 2, ""ships"": 100, ""supplies"": 800, ""x"": 101, ""y"": 46}"	A5_f5b_fleet2_right.png	9ca3401beecee9cc113fa12b3ff5c2c73e9b17985aacfc77cf316f4af8cc6dc8	Army of Rome | lst Foot Battalion Light infantry 4,800 average | 1st Guards Battalion Heavy infantry 5,000 very | lst Lancers Battalion Light cavalry 900 average | (<j >)
a5	A5_f5b.SAV	fleet_left	0	"{""base"": ""FLEET5_EMBARKED.SAV"", ""condition"": 1, ""owner"": 1, ""sea"": 2, ""sel"": -1, ""ships"": 10, ""supplies"": 79, ""x"": 110, ""y"": 62}"	A5_f5b_fleet0_left.png	e124635c4fb45e7e39b0b211cc73470b6f75c9b2a49c6408ab6b637f084b3730	{information | Fleet of Carthage | Moves | Ships 10 | Repair | Supply | Money | Capacity 5,000 troops | Sea rough
a5	A5_f5b.SAV	fleet_right	0	"{""base"": ""FLEET5_EMBARKED.SAV"", ""condition"": 1, ""owner"": 1, ""sea"": 2, ""sel"": -1, ""ships"": 10, ""supplies"": 79, ""x"": 110, ""y"": 62}"	A5_f5b_fleet0_right.png	e124635c4fb45e7e39b0b211cc73470b6f75c9b2a49c6408ab6b637f084b3730	{information | Fleet of Carthage | Moves | Ships 10 | Repair | Supply | Money | Capacity 5,000 troops | Sea rough
a5	A5_f5b.SAV	fleet_left	1	"{""base"": ""FLEET5_EMBARKED.SAV"", ""owner"": 3, ""sea"": 0, ""sel"": -1, ""x"": 189, ""y"": 93}"	A5_f5b_fleet1_left.png	42d77d54cddfd79be3587a52646495d06a11b3b3b8b797e420462a40c7337e1b	{information | Fleet of Ptolemaic | Moves | Ships 70 | Repair | Supply | Money | Capacity 35,000 troops | Sea calm
a5	A5_f5b.SAV	fleet_right	1	"{""base"": ""FLEET5_EMBARKED.SAV"", ""owner"": 3, ""sea"": 0, ""sel"": -1, ""x"": 189, ""y"": 93}"	A5_f5b_fleet1_right.png	42d77d54cddfd79be3587a52646495d06a11b3b3b8b797e420462a40c7337e1b	{information | Fleet of Ptolemaic | Moves | Ships 70 | Repair | Supply | Money | Capacity 35,000 troops | Sea calm
a5	A5_f5c.SAV	fleet_left	0	"{""base"": ""FLEET.SAV"", ""owner"": 1, ""sel"": -1, ""x"": 114, ""y"": 55}"	A5_f5c_fleet0_left.png	0d72882897239c6c246351886e854c9603873e58a9d71271debdc4913516497b	{information | Fleet of Carthage | Moves | Ships 90 | Repair | Supply | Money | Capacity 45,000 troops | Sea calm | Army | Supply | Morale | Money | Light infantry 4,800 | Heavy infantry 14,000 | Archers 2,700 | Light cavalry 0 | Heavy cavalry 3,100 | Total troops 24,600
a5	A5_f5c.SAV	fleet_right	0	"{""base"": ""FLEET.SAV"", ""owner"": 1, ""sel"": -1, ""x"": 114, ""y"": 55}"	A5_f5c_fleet0_right.png	0d72882897239c6c246351886e854c9603873e58a9d71271debdc4913516497b	{information | Fleet of Carthage | Moves | Ships 90 | Repair | Supply | Money | Capacity 45,000 troops | Sea calm | Army | Supply | Morale | Money | Light infantry 4,800 | Heavy infantry 14,000 | Archers 2,700 | Light cavalry 0 | Heavy cavalry 3,100 | Total troops 24,600
a5	A5_f5c.SAV	fleet_left	2	"{""base"": ""FLEET.SAV"", ""owner"": 0, ""sel"": 2, ""x"": 98, ""y"": 43}"	A5_f5c_fleet2_left.png	75c6b7c41026022e17c01ac9517c59cf4320f69a5b15bc57ab610008e7718c1c	{information | Fleet of Rome | Moves 0 | Ships 30 | Repair 100% | Supply 50 tons (20%) | Money 0 talents | Capacity 15,000 troops | Sea calm
a5	A5_f5c.SAV	fleet_right	2	"{""base"": ""FLEET.SAV"", ""owner"": 0, ""sel"": 2, ""x"": 98, ""y"": 43}"	A5_f5c_fleet2_right.png	75c6b7c41026022e17c01ac9517c59cf4320f69a5b15bc57ab610008e7718c1c	{information | Fleet of Rome | Moves 0 | Ships 30 | Repair 100% | Supply 50 tons (20%) | Money 0 talents | Capacity 15,000 troops | Sea calm
a5	A5_foreign_armies_BASE.SAV	army_foreign_left	2	"{""owner"": 1, ""sel"": -1}"	A5_foreign_army2_left.png	27dc2f0cc2c7fade7ca0254948d838f135324951b9a8842232b69b7abac7dffa	{information | Army of Carthage | Moves | Supply | Morale | Money | Terrain Plain | Light infantry 16,800 | Heavy infantry 12,700 | Archers 0 | Light cavalry 1,200 | Heavy cavalry 3,200 | Total troops 33,900
a5	A5_foreign_armies_BASE.SAV	army_foreign_right	2	"{""owner"": 1}"	A5_foreign_army2_right.png	27dc2f0cc2c7fade7ca0254948d838f135324951b9a8842232b69b7abac7dffa	{information | Army of Carthage | Moves | Supply | Morale | Money | Terrain Plain | Light infantry 16,800 | Heavy infantry 12,700 | Archers 0 | Light cavalry 1,200 | Heavy cavalry 3,200 | Total troops 33,900
a5	A5_foreign_armies_BASE.SAV	army_foreign_left	7	"{""owner"": 3, ""sel"": -1}"	A5_foreign_army7_left.png	311b28dce34b9ca2fb2fd94f872b7bd3ef4eb08c75478fa2ee8a9c5511838ea0	{information | Army of Ptolemaic | Moves | Supply | Morale | Money | Terrain Plain | Light infantry 48,730 | Heavy infantry 9,500 | Archers 1,200 | Light cavalry 1,700 | Heavy cavalry 2,900 | Total troops 64,030
a5	A5_foreign_armies_BASE.SAV	army_foreign_right	7	"{""owner"": 3}"	A5_foreign_army7_right.png	311b28dce34b9ca2fb2fd94f872b7bd3ef4eb08c75478fa2ee8a9c5511838ea0	{information | Army of Ptolemaic | Moves | Supply | Morale | Money | Terrain Plain | Light infantry 48,730 | Heavy infantry 9,500 | Archers 1,200 | Light cavalry 1,700 | Heavy cavalry 2,900 | Total troops 64,030
a5	A5_foreign_armies_BASE.SAV	army_foreign_left	4	"{""owner"": 2, ""sel"": -1}"	A5_foreign_army4_left.png	2a5d659f208894abe50e88744ef022d1a7d19d3034c032295e6fe10f98fa89db	{information | Army of Seleucid | Moves | Supply | Morale | Money | Terrain Plain | Light infantry 22,540 | Heavy infantry 6,900 | Archers 4,280 | Light cavalry 1,480 | Heavy cavalry 2,000 | Total troops 37,200
a5	A5_foreign_armies_BASE.SAV	army_foreign_right	4	"{""owner"": 2}"	A5_foreign_army4_right.png	2a5d659f208894abe50e88744ef022d1a7d19d3034c032295e6fe10f98fa89db	{information | Army of Seleucid | Moves | Supply | Morale | Money | Terrain Plain | Light infantry 22,540 | Heavy infantry 6,900 | Archers 4,280 | Light cavalry 1,480 | Heavy cavalry 2,000 | Total troops 37,200
a6	A6_lists_quality_mercs.SAV	army_right	0	"{""x"": 100, ""y"": 37}"	A6_army0_right.png	b116bc3a3fdcb561a77875be86678c9878c50dd962df629356392ed5bdaa4897	{information | Army of Rome | Test unit 0 Light infantry 1,000 not ready | Test unit 1 Heavy infantry 1,100 not ready | Test unit 2 Archers 1,200 not ready | Test unit 3. Light cavalry 1,300 not ready | Test unit 4 Heavy cavalry 1,400 very poor | Test unit5 Light infantry 1,500 poor | Test unit 6 Heavy infantry 1,600 average | Test unit 7 Archers 1,700 good | Test unit 8 Light cavalry 1,800 very good | Test unit9 Heavy cavalry 1,900 elite | Test unit 10 Light infantry 2,000 | Test unit 11 Heavy infantry 2,100
a6	A6_lists_quality_mercs.SAV	army_right_scrolled	0	"{""scroll_clicks"": 12, ""x"": 100, ""y"": 37}"	A6_army0_right_scrolled.png	51ce7264629162f75dedf83965620e02f05f33eb8de6eb15b9f603b268b6a06b	Information | Army of Rome | Test unit 0 Light infantry 1,000 not ready | Test unit 1 Heavy infantry 1,100 not ready | Test unit 2 Archers 1,200 not ready | Test unit 3. Light cavalry 1,300 not ready | Test unit 4 Heavy cavalry 1,400 very poor | Test unit5 Light infantry 1,500 poor | Test unit 6 Heavy infantry 1,600 average | Test unit 7 Archers 1,700 good | Test unit 8 Light cavalry 1,800 very good | Test unit9 Heavy cavalry 1,900 elite | Test unit 10 Light infantry 2,000 | Test unit 11 Heavy infantry 2,100
a6	A6_lists_quality_mercs.SAV	army_left	0	"{""x"": 100, ""y"": 37}"	A6_army0_left.png	bfbb64609a0b91c1e33946eff59deb0863eb77d40dc7500fefad1a0455d27a41	{information | Army of Rome | Moves 8 | Supply 170 tons (91%) | Morale very high | Money 100 talents | Terrain Plain | Light infantry 4,500 | Heavy infantry 4,800 | Archers 2,900 | Light cavalry 3,100 | Heavy cavalry 3,300 | Total troops 18,600 | No. of units 12 | Regulars cost 191 talents per quarter | Mercenary pay 0 talents per quarter
a6	A6_lists_quality_mercs.SAV	army_right	1	"{""x"": 120, ""y"": 53}"	A6_army1_right.png	30a71edb35af008deae43d0fe8cfcd273c7ae993c27979e2a08846569e97b860	Army of Rome | 2nd Foot Battalion Light infantry 4,100 average
a6	A6_lists_quality_mercs.SAV	army_right_scrolled	1	"{""scroll_clicks"": 12, ""x"": 120, ""y"": 53}"	A6_army1_right_scrolled.png	10436d7d4bbbc4d4a5d3a65095d1f5f096203b5c4e3267d450e1b7d91499501a	Army of Rome | 2nd Foot Battalion Light infantry 4,100 average
a6	A6_lists_quality_mercs.SAV	army_left	1	"{""x"": 120, ""y"": 53}"	A6_army1_left.png	7cf2d11eee300324ef2f3bb434a2463aa4e1a06860d4010c9ba370b5345c3605	{information | Army of Rome | Moves 8 | Supply 176 tons (106%) | Morale very high | Money 100 talents | Terrain Plain | Light infantry 4,100 | Heavy infantry 9,100 | Archers 0 | Light cavalry 1,500 | Heavy cavalry 1,800 | Total troops 16,500 | No. of units 6 | Regulars cost 167 talents per quarter | Mercenary pay 0 talents per quarter
a6	A6_lists_quality_mercs.SAV	merc_list	85	"{""city"": ""Rome""}"	A6_merc_rome.png	2f921689501cabf7302bece0587fe9d179ba388092b36be6c786f0bfc7510bc1	{information | Mercenaries at Rome | Celtiberian Lightinfantry 1,500 very poor | Persian Archers 800 elite | Cilician Heavy cavalry 0 not ready
a6	A6_lists_quality_mercs.SAV	merc_list_scrolled	85	"{""city"": ""Rome"", ""scroll_clicks"": 12}"	A6_merc_rome_scrolled.png	88f9bb3c6c90388314c4d29cdac59b0fb2c3de92a966e77a139f51ff926e7cf4	Information | Mercenaries at Rome | Celtiberian Lightinfantry 1,500 very poor | Persian Archers 800 elite | Cilician Heavy cavalry 0 not ready
a6	A6_lists_quality_mercs.SAV	merc_list	72	"{""city"": ""Carthago""}"	A6_merc_carthago.png	41ede79fc5111751e52f432505dd12860168c0b24cf0088dc5f599091f7be4de	Mercenaries at Carthago | Bactrian Light cavalry 2,500 very good | Greek Heavy infantry 6,000 very good
a6	A6_lists_quality_mercs.SAV	merc_list_scrolled	72	"{""city"": ""Carthago"", ""scroll_clicks"": 12}"	A6_merc_carthago_scrolled.png	0dd28fe7db8119ff52ecff8442b97b1a0939ab30fbd9cc90afec38651b39f137	Mercenaries at Carthago | Bactrian Light cavalry 2,500 very good | Greek Heavy infantry 6,000 very good
a6	A6_lists_quality_mercs.SAV	merc_list	100	"{""city"": ""Capua""}"	A6_merc_capua.png	89637af9dec57340541a09f32302c34adbef2933f6501e5726595632735c9217	There are no mercenaries at Capua
a6	A6_lists_quality_mercs.SAV	merc_list_scrolled	100	"{""city"": ""Capua"", ""scroll_clicks"": 12}"	A6_merc_capua_scrolled.png	5158308cd9aaadd03555c3abdd861d52240e0eb645953c3ede3421e4a21baeda	There are no mercenaries at Capua
a6	A6_lists_quality_mercs.SAV	city_own	97	"{""name"": ""Cales"", ""note"": ""capital of Carthage by the nation record, controlled by Rome""}"	A6_city097_Cales.png	9915e44e9ece29368964a71bc478f02a48349fd93018c50d6369a77b8f7abe91	{information | City Cales (capital of Rome) | Controlled by Rome | Allegiance to Rome | Population 28,000 (100%) | Loyalty high | Fortification 51% | Tribute 11 talents | Supply 123 tons
a6	A6_lists_quality_mercs.SAV	nation	1	"{""capital"": 97, ""name"": ""Carthage""}"	A6_nation01_Carthage.png	3d14f2af90e1f9f46c320a86494aa92a296c9c7f552fb60b88e76a880fc21b5c	information | Nation Carthage | Leader Agis | Capital Cales | Cities 34 | Population 4,821,000 | Unity high | Tax rate 5% | INTERNATIONAL RELATIONS | Rome | Seleucid trade | Ptolemaic | Macedonia | Numidia ally | Gaul | Greece trade | Celtiberia war | Illyria | Dacia | Bithynia | Galatia | Armenia | Media | Thracia trade
a7	A7_rome_treasury0.SAV	nation	0	"{""mobilization"": 0, ""tax"": 5, ""treasury"": -1500}"	A7_nation00_treasury0.png	f43bc80206f38fd8f60e9ad3f73a5c58ea8b528e56c0ee8e729cb97b0e735807	information | Nation Rome | Leader Appius Claudius | Capital Rome | Cities 25 | Population 2,577,000 | Unity very high | Tax rate 5% | Mobilized 0% | Treasury - 1,500 talents | INTERNATIONAL RELATIONS | Carthage | Seleucid | Ptolemaic | Macedonia | Numidia | Gaul war | Greece | Celtiberia | Illyria trade | Dacia | Bithynia | Galatia | Armenia | Media | Thracia
a7	A7_rome_treasury1.SAV	nation	0	"{""mobilization"": 100, ""tax"": 40, ""treasury"": 0}"	A7_nation00_treasury1.png	f43bc80206f38fd8f60e9ad3f73a5c58ea8b528e56c0ee8e729cb97b0e735807	information | Nation Rome | Leader Appius Claudius | Capital Rome | Cities 25 | Population 2,577,000 | Unity very high | Tax rate 5% | Mobilized 0% | Treasury - 1,500 talents | INTERNATIONAL RELATIONS | Carthage | Seleucid | Ptolemaic | Macedonia | Numidia | Gaul war | Greece | Celtiberia | Illyria trade | Dacia | Bithynia | Galatia | Armenia | Media | Thracia
a7	A7_rome_treasury2.SAV	nation	0	"{""mobilization"": 7, ""tax"": 0, ""treasury"": 123}"	A7_nation00_treasury2.png	caab8a2739d68e7bd83b1f88edd3d94bc6a1ce336e4f77558cd866278620827b	information | Nation Rome | Leader Appius Claudius | Capital Rome | Cities 25 | Population 2,577,000 | Unity very high | Tax rate 40% | Mobilized 100% | Treasury 0 talents | INTERNATIONAL RELATIONS | Carthage | Seleucid | Ptolemaic | Macedonia | Numidia | Gaul war | Greece | Celtiberia | Illyria trade | Dacia | Bithynia | Galatia | Armenia | Media | Thracia
a7	A7_rome_treasury3.SAV	nation	0	"{""mobilization"": 55, ""tax"": 10, ""treasury"": 1234567}"	A7_nation00_treasury3.png	c390e4655b8f4c44b848c05f6ed865b84f427b72e7ae0706d17846a8d0eb0493	information | Nation Rome | Leader Appius Claudius | Capital Rome | Cities 25 | Population 2,577,000 | Unity very high | Tax rate 0% | Mobilized 7% | Treasury 123 talents | INTERNATIONAL RELATIONS | Carthage | Seleucid | Ptolemaic | Macedonia | Numidia | Gaul war | Greece | Celtiberia | Illyria trade | Dacia | Bithynia | Galatia | Armenia | Media | Thracia
a7	A7_rome_treasury4.SAV	nation	0	"{""mobilization"": 99, ""tax"": 15, ""treasury"": 99999999}"	A7_nation00_treasury4.png	97edcf344af5420f8f933dbca6cec0c7af57b059827cd95b75d5398592de1859	information | Nation Rome | Leader Appius Claudius | Capital Rome | Cities 25 | Population 2,577,000 | Unity very high | Tax rate 10% | Mobilized 55% | Treasury 1,234,567 talents | INTERNATIONAL RELATIONS | Carthage | Seleucid | Ptolemaic | Macedonia | Numidia | Gaul war | Greece | Celtiberia | Illyria trade | Dacia | Bithynia | Galatia | Armenia | Media | Thracia
a7	A7_current_carthage.SAV	nation	1	"{""current"": 1}"	A7_cur1_nation01.png	d2f4520eaa40263326408a850d1758a2624651076c39eeee2c494ce24def8056	information | Nation Rome | Leader Appius Claudius | Capital Rome | Cities 25 | Population 2,577,000 | Unity very high | Tax rate 15% | Mobilized 99% | Treasury 99,999,999 talents | INTERNATIONAL RELATIONS | Carthage | Seleucid | Ptolemaic | Macedonia | Numidia | Gaul war | Greece | Celtiberia | Illyria trade | Dacia | Bithynia | Galatia | Armenia | Media | Thracia
a7	A7_current_carthage.SAV	nation	0	"{""current"": 1}"	A7_cur1_nation00.png	5ad92bb2f9d00438bd741a1bab906f5fbd1fa736b607299c0d016b9736a5b00a	information | Nation Rome | Leader Appius Claudius | Capital Rome | Cities 25 | Population 2,577,000 | Unity very high | Tax rate 10% | INTERNATIONAL RELATIONS | Carthage | Seleucid | Ptolemaic | Macedonia | Numidia | Gaul war | Greece | Celtiberia | Illyria trade | Dacia | Bithynia | Galatia | Armenia | Media | Thracia
a7	A7_current_carthage.SAV	army_left	2	"{""current"": 1}"	A7_cur1_army02_left.png	712c0b76eee776ed85319a4959822e80b66cb232e187c399d500a46451ebb806	{information | Army of Carthage | Moves 8 | Supply 231 tons (68%) | Morale high | Money 100 talents | Terrain Plain | Light infantry 16,800 | Heavy infantry 12,700 | Archers 0 | Light cavalry 1,200 | Heavy cavalry 3,200 | Total troops 33,900 | No. of units 8 | Regulars cost 54 talents per quarter | Mercenary pay 304 talents per quarter
a7	A7_current_carthage.SAV	army_foreign_left	0	"{""current"": 1}"	A7_cur1_army00_left.png	9a10595a495a38ccf9967a67cb648d2275f80d967449048e4b2b9d264259dda2	{information | Army of Rome | Moves | Supply | Morale | Money | Terrain Plain | Light infantry 4,800 | Heavy infantry 16,100 | Archers 0 | Light cavalry 900 | Heavy cavalry 1,900 | Total troops 23,700
a7	A7_current_carthage.SAV	city_own	72	"{""current"": 1}"	A7_cur1_city_carthago.png	160ff74df12a5980292ab191657bddff102d1d403629c78fceacae2e1d9d00a1	{information | City Carthago (capital of Carthage) | Controlled by Carthage | Allegiance to Carthage | Population 163,000 (100%) | Loyalty very high | Fortification 87% (4,200) | Tribute 287 talents | Supply 992 tons
a7	A7_current_carthage.SAV	city_foreign	85	"{""current"": 1}"	A7_cur1_city_rome.png	a663d77f63f8e8d793ac30fbec77a83b6eeb17a433fa48662048c72b42475ec9	‘information | City Rome (capital of Rome) | Controlled by Rome | Allegiance to Rome | Population 181,000 (100%) | Loyalty excellent | Fortification 78% (14,000) | Tribute very rich
a7b	A7_rome_treasury1.SAV	nation	0	"{""mobilization"": 100, ""refresh"": ""other nation first"", ""tax"": 40, ""treasury"": 0}"	A7b_nation00_treasury1.png	caab8a2739d68e7bd83b1f88edd3d94bc6a1ce336e4f77558cd866278620827b	information | Nation Rome | Leader Appius Claudius | Capital Rome | Cities 25 | Population 2,577,000 | Unity very high | Tax rate 40% | Mobilized 100% | Treasury 0 talents | INTERNATIONAL RELATIONS | Carthage | Seleucid | Ptolemaic | Macedonia | Numidia | Gaul war | Greece | Celtiberia | Illyria trade | Dacia | Bithynia | Galatia | Armenia | Media | Thracia
a7b	A7_rome_treasury2.SAV	nation	0	"{""mobilization"": 7, ""refresh"": ""other nation first"", ""tax"": 0, ""treasury"": 123}"	A7b_nation00_treasury2.png	c390e4655b8f4c44b848c05f6ed865b84f427b72e7ae0706d17846a8d0eb0493	information | Nation Rome | Leader Appius Claudius | Capital Rome | Cities 25 | Population 2,577,000 | Unity very high | Tax rate 0% | Mobilized 7% | Treasury 123 talents | INTERNATIONAL RELATIONS | Carthage | Seleucid | Ptolemaic | Macedonia | Numidia | Gaul war | Greece | Celtiberia | Illyria trade | Dacia | Bithynia | Galatia | Armenia | Media | Thracia
a7b	A7_rome_treasury3.SAV	nation	0	"{""mobilization"": 55, ""refresh"": ""other nation first"", ""tax"": 10, ""treasury"": 1234567}"	A7b_nation00_treasury3.png	97edcf344af5420f8f933dbca6cec0c7af57b059827cd95b75d5398592de1859	information | Nation Rome | Leader Appius Claudius | Capital Rome | Cities 25 | Population 2,577,000 | Unity very high | Tax rate 10% | Mobilized 55% | Treasury 1,234,567 talents | INTERNATIONAL RELATIONS | Carthage | Seleucid | Ptolemaic | Macedonia | Numidia | Gaul war | Greece | Celtiberia | Illyria trade | Dacia | Bithynia | Galatia | Armenia | Media | Thracia
a7b	A7_rome_treasury4.SAV	nation	0	"{""mobilization"": 99, ""refresh"": ""other nation first"", ""tax"": 15, ""treasury"": 99999999}"	A7b_nation00_treasury4.png	d2f4520eaa40263326408a850d1758a2624651076c39eeee2c494ce24def8056	information | Nation Rome | Leader Appius Claudius | Capital Rome | Cities 25 | Population 2,577,000 | Unity very high | Tax rate 15% | Mobilized 99% | Treasury 99,999,999 talents | INTERNATIONAL RELATIONS | Carthage | Seleucid | Ptolemaic | Macedonia | Numidia | Gaul war | Greece | Celtiberia | Illyria trade | Dacia | Bithynia | Galatia | Armenia | Media | Thracia
