png	kind	target	status	detail
A1_city_071_Pisae.png	city	71	OK	City Pisae
A1_city_071_Pisae.png	city	71	OK	Controlled by Rome
A1_city_071_Pisae.png	city	71	OK	Allegiance to Rome
A1_city_071_Pisae.png	city	71	OK	Population 23,000 (100%)
A1_city_071_Pisae.png	city	71	OK	Loyalty ite
A1_city_071_Pisae.png	city	71	OK	Fortification 0%
A1_city_071_Pisae.png	city	71	OK	Tribute 7 talents
A1_city_071_Pisae.png	city	71	OK	Supply 99 tons
A1_city_080_Tarquinii.png	city	80	OK	City Tarquinii
A1_city_080_Tarquinii.png	city	80	OK	Controlled by Rome
A1_city_080_Tarquinii.png	city	80	OK	Allegiance to Rome
A1_city_080_Tarquinii.png	city	80	OK	Population 23,000 (85%)
A1_city_080_Tarquinii.png	city	80	OK	Loyalty very low
A1_city_080_Tarquinii.png	city	80	OK	Fortification 50%
A1_city_080_Tarquinii.png	city	80	OK	Tribute 9 talents
A1_city_080_Tarquinii.png	city	80	OK	Supply 119 tons
A1_city_081_Arretium.png	city	81	OK	City Arretium
A1_city_081_Arretium.png	city	81	OK	Controlled by Rome
A1_city_081_Arretium.png	city	81	OK	Allegiance to Rome
A1_city_081_Arretium.png	city	81	OK	Population 1,000 (14%)
A1_city_081_Arretium.png	city	81	OK	Loyalty very low
A1_city_081_Arretium.png	city	81	OK	Fortification 99%
A1_city_081_Arretium.png	city	81	OK	Tribute 2 talents
A1_city_081_Arretium.png	city	81	OK	Supply 150 tons
A1_city_082_Caere.png	city	82	OK	City Caere
A1_city_082_Caere.png	city	82	OK	Controlled by Rome
A1_city_082_Caere.png	city	82	OK	Allegiance to Rome
A1_city_082_Caere.png	city	82	OK	Population 26,000 (96%)
A1_city_082_Caere.png	city	82	OK	Loyalty very low
A1_city_082_Caere.png	city	82	OK	Fortification 100%
A1_city_082_Caere.png	city	82	OK	Tribute 16 talents
A1_city_082_Caere.png	city	82	OK	Supply 153 tons
A1_city_085_Rome.png	city	85	OK	City Rome (capital of Rome)
A1_city_085_Rome.png	city	85	OK	Controlled by Rome
A1_city_085_Rome.png	city	85	OK	Allegiance to Rome
A1_city_085_Rome.png	city	85	OK	Population 100,000 (33%)
A1_city_085_Rome.png	city	85	OK	Loyalty very low
A1_city_085_Rome.png	city	85	OK	Fortification 1% (under construction) (14,000)
A1_city_085_Rome.png	city	85	OK	Tribute 105 talents
A1_city_085_Rome.png	city	85	OK	Supply 990 tons
A1_city_087_Ariminum.png	city	87	OK	City Ariminum
A1_city_087_Ariminum.png	city	87	OK	Controlled by Rome
A1_city_087_Ariminum.png	city	87	OK	Allegiance to Rome
A1_city_087_Ariminum.png	city	87	OK	Population 5,000 (71%)
A1_city_087_Ariminum.png	city	87	OK	Loyalty very low
A1_city_087_Ariminum.png	city	87	OK	Fortification 50% (under construction)
A1_city_087_Ariminum.png	city	87	OK	Tribute 5 talents
A1_city_087_Ariminum.png	city	87	OK	Supply 104 tons
A1_city_088_Carsioli.png	city	88	OK	City Carsioli
A1_city_088_Carsioli.png	city	88	OK	Controlled by Rome
A1_city_088_Carsioli.png	city	88	OK	Allegiance to Rome
A1_city_088_Carsioli.png	city	88	OK	Population 23,000 (100%)
A1_city_088_Carsioli.png	city	88	OK	Loyalty very low
A1_city_088_Carsioli.png	city	88	OK	Fortification 99% (under construction)
A1_city_088_Carsioli.png	city	88	OK	Tribute 9 talents
A1_city_088_Carsioli.png	city	88	OK	Supply 98 tons
A1_city_089_Antium.png	city	89	OK	City Antium
A1_city_089_Antium.png	city	89	OK	Controlled by Rome
A1_city_089_Antium.png	city	89	OK	Allegiance to Rome
A1_city_089_Antium.png	city	89	OK	Population 23,000 (85%)
A1_city_089_Antium.png	city	89	OK	Loyalty very low
A1_city_089_Antium.png	city	89	OK	Fortification 0% (under construction)
A1_city_089_Antium.png	city	89	OK	Tribute 11 talents
A1_city_089_Antium.png	city	89	OK	Supply 146 tons
A1_city_090_Alba Fucens.png	city	90	OK	City Alba Fucens
A1_city_090_Alba Fucens.png	city	90	OK	Controlled by Rome
A1_city_090_Alba Fucens.png	city	90	OK	Allegiance to Rome
A1_city_090_Alba Fucens.png	city	90	OK	Population 1,000 (14%)
A1_city_090_Alba Fucens.png	city	90	OK	Loyalty very low
A1_city_090_Alba Fucens.png	city	90	OK	Fortification 50% (under construction)
A1_city_090_Alba Fucens.png	city	90	OK	Tribute 0 talents
A1_city_090_Alba Fucens.png	city	90	OK	Supply 99 tons
A1_city_091_Fregellae.png	city	91	OK	City Fregellae
A1_city_091_Fregellae.png	city	91	OK	Controlled by Rome
A1_city_091_Fregellae.png	city	91	OK	Allegiance to Rome
A1_city_091_Fregellae.png	city	91	OK	Population 26,000 (96%)
A1_city_091_Fregellae.png	city	91	OK	Loyalty low
A1_city_091_Fregellae.png	city	91	OK	Fortification 0%
A1_city_091_Fregellae.png	city	91	OK	Tribute 12 talents
A1_city_091_Fregellae.png	city	91	OK	Supply 105 tons
A1_city_096_Hadria.png	city	96	OK	City Hadria
A1_city_096_Hadria.png	city	96	OK	Controlled by Rome
A1_city_096_Hadria.png	city	96	OK	Allegiance to Rome
A1_city_096_Hadria.png	city	96	OK	Population 100,000 (33%)
A1_city_096_Hadria.png	city	96	OK	Loyalty low
A1_city_096_Hadria.png	city	96	OK	Fortification 50%
A1_city_096_Hadria.png	city	96	OK	Tribute 2 talents
A1_city_096_Hadria.png	city	96	OK	Supply 79 tons
A1_city_097_Cales.png	city	97	OK	City Cales
A1_city_097_Cales.png	city	97	OK	Controlled by Rome
A1_city_097_Cales.png	city	97	OK	Allegiance to Rome
A1_city_097_Cales.png	city	97	OK	Population 5,000 (71%)
A1_city_097_Cales.png	city	97	OK	Loyalty normal
A1_city_097_Cales.png	city	97	OK	Fortification 99%
A1_city_097_Cales.png	city	97	OK	Tribute 7 talents
A1_city_097_Cales.png	city	97	OK	Supply 123 tons
A1_city_100_Capua.png	city	100	OK	City Capua
A1_city_100_Capua.png	city	100	OK	Controlled by Rome
A1_city_100_Capua.png	city	100	OK	Allegiance to Rome
A1_city_100_Capua.png	city	100	OK	Population 23,000 (100%)
A1_city_100_Capua.png	city	100	OK	Loyalty normal
A1_city_100_Capua.png	city	100	OK	Fortification 100%
A1_city_100_Capua.png	city	100	OK	Tribute 6 talents
A1_city_100_Capua.png	city	100	OK	Supply 115 tons
A1_city_101_Neapolis.png	city	101	OK	City Neapolis
A1_city_101_Neapolis.png	city	101	OK	Controlled by Rome
A1_city_101_Neapolis.png	city	101	OK	Allegiance to Rome
A1_city_101_Neapolis.png	city	101	OK	Population 23,000 (85%)
A1_city_101_Neapolis.png	city	101	OK	Loyalty high
A1_city_101_Neapolis.png	city	101	OK	Fortification 1% (under construction)
A1_city_101_Neapolis.png	city	101	OK	Tribute 13 talents
A1_city_101_Neapolis.png	city	101	OK	Supply 152 tons
A1_city_106_Paestum.png	city	106	OK	City Paestum
A1_city_106_Paestum.png	city	106	OK	Controlled by Rome
A1_city_106_Paestum.png	city	106	OK	Allegiance to Rome
A1_city_106_Paestum.png	city	106	OK	Population 1,000 (14%)
A1_city_106_Paestum.png	city	106	OK	Loyalty high
A1_city_106_Paestum.png	city	106	OK	Fortification 50% (under construction)
A1_city_106_Paestum.png	city	106	OK	Tribute 0 talents
A1_city_106_Paestum.png	city	106	OK	Supply 82 tons
A1_city_110_Luceria.png	city	110	OK	City Luceria
A1_city_110_Luceria.png	city	110	OK	Controlled by Rome
A1_city_110_Luceria.png	city	110	OK	Allegiance to Rome
A1_city_110_Luceria.png	city	110	OK	Population 26,000 (96%)
A1_city_110_Luceria.png	city	110	OK	Loyalty very high
A1_city_110_Luceria.png	city	110	OK	Fortification 99% (under construction)
A1_city_110_Luceria.png	city	110	OK	Tribute 11 talents
A1_city_110_Luceria.png	city	110	OK	Supply 169 tons
A1_city_111_Rhegium.png	city	111	OK	City Rhegium
A1_city_111_Rhegium.png	city	111	OK	Controlled by Rome
A1_city_111_Rhegium.png	city	111	OK	Allegiance to Rome
A1_city_111_Rhegium.png	city	111	OK	Population 100,000 (33%)
A1_city_111_Rhegium.png	city	111	OK	Loyalty very high
A1_city_111_Rhegium.png	city	111	OK	Fortification 0% (under construction)
A1_city_111_Rhegium.png	city	111	OK	Tribute 3 talents
A1_city_111_Rhegium.png	city	111	OK	Supply 119 tons
A1_city_113_Teanum Apulum.png	city	113	OK	City Teanum Apulum
A1_city_113_Teanum Apulum.png	city	113	OK	Controlled by Rome
A1_city_113_Teanum Apulum.png	city	113	OK	Allegiance to Rome
A1_city_113_Teanum Apulum.png	city	113	OK	Population 5,000 (71%)
A1_city_113_Teanum Apulum.png	city	113	OK	Loyalty excellent
A1_city_113_Teanum Apulum.png	city	113	OK	Fortification 50% (under construction)
A1_city_113_Teanum Apulum.png	city	113	OK	Tribute 6 talents
A1_city_113_Teanum Apulum.png	city	113	OK	Supply 106 tons
A1_city_115_Venusia.png	city	115	OK	City Venusia
A1_city_115_Venusia.png	city	115	OK	Controlled by Rome
A1_city_115_Venusia.png	city	115	OK	Allegiance to Rome
A1_city_115_Venusia.png	city	115	OK	Population 23,000 (100%)
A1_city_115_Venusia.png	city	115	OK	Loyalty excellent
A1_city_115_Venusia.png	city	115	OK	Fortification 0%
A1_city_115_Venusia.png	city	115	OK	Tribute 7 talents
A1_city_115_Venusia.png	city	115	OK	Supply 132 tons
A1_city_116_Locri.png	city	116	OK	City Locri
A1_city_116_Locri.png	city	116	OK	Controlled by Rome
A1_city_116_Locri.png	city	116	OK	Allegiance to Rome
A1_city_116_Locri.png	city	116	OK	Population 23,000 (85%)
A1_city_116_Locri.png	city	116	OK	Loyalty
A1_city_116_Locri.png	city	116	OK	Fortification 50%
A1_city_116_Locri.png	city	116	OK	Tribute 6 talents
A1_city_116_Locri.png	city	116	OK	Supply 97 tons
A1_city_119_Thurii.png	city	119	OK	City Thurii
A1_city_119_Thurii.png	city	119	OK	Controlled by Rome
A1_city_119_Thurii.png	city	119	OK	Allegiance to Rome
A1_city_119_Thurii.png	city	119	OK	Population 1,000 (14%)
A1_city_119_Thurii.png	city	119	OK	Loyalty
A1_city_119_Thurii.png	city	119	OK	Fortification 99%
A1_city_119_Thurii.png	city	119	OK	Tribute 2 talents
A1_city_119_Thurii.png	city	119	OK	Supply 122 tons
A1_city_120_Heraclea.png	city	120	OK	City Heraclea
A1_city_120_Heraclea.png	city	120	OK	Controlled by Rome
A1_city_120_Heraclea.png	city	120	OK	Allegiance to Greece
A1_city_120_Heraclea.png	city	120	OK	Population 26,000 (96%)
A1_city_120_Heraclea.png	city	120	OK	Loyalty high
A1_city_120_Heraclea.png	city	120	OK	Fortification 100%
A1_city_120_Heraclea.png	city	120	OK	Tribute 15 talents
A1_city_120_Heraclea.png	city	120	OK	Supply 139 tons
A1_city_122_Croton.png	city	122	OK	City Croton
A1_city_122_Croton.png	city	122	OK	Controlled by Rome
A1_city_122_Croton.png	city	122	OK	Allegiance to Rome
A1_city_122_Croton.png	city	122	OK	Population 100,000 (33%)
A1_city_122_Croton.png	city	122	OK	Loyalty high
A1_city_122_Croton.png	city	122	OK	Fortification 1% (under construction)
A1_city_122_Croton.png	city	122	OK	Tribute 5 talents
A1_city_122_Croton.png	city	122	OK	Supply 146 tons
A1_city_123_Tarrentum.png	city	123	OK	City Tarrentum
A1_city_123_Tarrentum.png	city	123	OK	Controlled by Rome
A1_city_123_Tarrentum.png	city	123	OK	Allegiance to Greece
A1_city_123_Tarrentum.png	city	123	OK	Population 5,000 (71%)
A1_city_123_Tarrentum.png	city	123	OK	Loyalty high
A1_city_123_Tarrentum.png	city	123	OK	Fortification 50% (under construction)
A1_city_123_Tarrentum.png	city	123	OK	Tribute 45 talents
A1_city_123_Tarrentum.png	city	123	OK	Supply 243 tons
A1_city_125_Brundisium.png	city	125	OK	City Brundisium
A1_city_125_Brundisium.png	city	125	OK	Controlled by Rome
A1_city_125_Brundisium.png	city	125	OK	Allegiance to Rome
A1_city_125_Brundisium.png	city	125	OK	Population 23,000 (100%)
A1_city_125_Brundisium.png	city	125	OK	Loyalty high
A1_city_125_Brundisium.png	city	125	OK	Fortification 99% (under construction)
A1_city_125_Brundisium.png	city	125	OK	Tribute 11 talents
A1_city_125_Brundisium.png	city	125	OK	Supply 127 tons
A2_city_090_Alba Fucens.png	city_own	90	OK	City Alba Fucens
A2_city_090_Alba Fucens.png	city_own	90	OK	Controlled by Rome
A2_city_090_Alba Fucens.png	city_own	90	OK	Allegiance to Rome
A2_city_090_Alba Fucens.png	city_own	90	OK	Population 23,000 (100%)
A2_city_090_Alba Fucens.png	city_own	90	OK	Loyalty excellent
A2_city_090_Alba Fucens.png	city_own	90	OK	Fortification 61% (3,000)
A2_city_090_Alba Fucens.png	city_own	90	OK	Tribute 6 talents
A2_city_090_Alba Fucens.png	city_own	90	OK	Supply 99 tons
A2_city_091_Fregellae.png	city_own	91	OK	City Fregellae
A2_city_091_Fregellae.png	city_own	91	OK	Controlled by Rome
A2_city_091_Fregellae.png	city_own	91	OK	Allegiance to Rome
A2_city_091_Fregellae.png	city_own	91	OK	Population 23,000 (100%)
A2_city_091_Fregellae.png	city_own	91	OK	Loyalty very high
A2_city_091_Fregellae.png	city_own	91	OK	Fortification 61% (500)
A2_city_091_Fregellae.png	city_own	91	OK	Tribute 13 talents
A2_city_091_Fregellae.png	city_own	91	OK	Supply 105 tons
A2_city_085_Rome.png	city_own	85	OK	City Rome (capital of Rome)
A2_city_085_Rome.png	city_own	85	OK	Controlled by Rome
A2_city_085_Rome.png	city_own	85	OK	Allegiance to Rome
A2_city_085_Rome.png	city_own	85	OK	Population 181,000 (100%)
A2_city_085_Rome.png	city_own	85	OK	Loyalty excellent
A2_city_085_Rome.png	city_own	85	OK	Fortification 78%
A2_city_085_Rome.png	city_own	85	OK	Tribute 317 talents
A2_city_085_Rome.png	city_own	85	OK	Supply 990 tons
A2_city_097_Cales.png	city_own	97	OK	City Cales
A2_city_097_Cales.png	city_own	97	OK	Controlled by Rome
A2_city_097_Cales.png	city_own	97	OK	Allegiance to Rome
A2_city_097_Cales.png	city_own	97	OK	Population 28,000 (100%)
A2_city_097_Cales.png	city_own	97	OK	Loyalty high
A2_city_097_Cales.png	city_own	97	OK	Fortification 51%
A2_city_097_Cales.png	city_own	97	OK	Tribute 11 talents
A2_city_097_Cales.png	city_own	97	OK	Supply 123 tons
A2_city_072_Carthago.png	city_foreign	72	OK	City Carthago (capital of Carthage)
A2_city_072_Carthago.png	city_foreign	72	OK	Controlled by Carthage
A2_city_072_Carthago.png	city_foreign	72	OK	Allegiance to Carthage
A2_city_072_Carthago.png	city_foreign	72	OK	Population 163,000 (100%)
A2_city_072_Carthago.png	city_foreign	72	OK	Loyalty very high
A2_city_072_Carthago.png	city_foreign	72	OK	Fortification 87% (12,000)
A2_city_072_Carthago.png	city_foreign	72	OK	Tribute very rich
A2_city_000_Sala.png	city_foreign	0	OK	City Sala
A2_city_000_Sala.png	city_foreign	0	OK	Controlled by Carthage
A2_city_000_Sala.png	city_foreign	0	OK	Allegiance to Rome
A2_city_000_Sala.png	city_foreign	0	OK	Population 20,000 (100%)
A2_city_000_Sala.png	city_foreign	0	OK	Loyalty excellent
A2_city_000_Sala.png	city_foreign	0	OK	Fortification 60%
A2_city_000_Sala.png	city_foreign	0	OK	Tribute poor
A2_city_004_Banasa.png	city_foreign	4	OK	City Banasa
A2_city_004_Banasa.png	city_foreign	4	OK	Controlled by Carthage
A2_city_004_Banasa.png	city_foreign	4	OK	Allegiance to Carthage
A2_city_004_Banasa.png	city_foreign	4	OK	Population 20,000 (100%)
A2_city_004_Banasa.png	city_foreign	4	OK	Loyalty high
A2_city_004_Banasa.png	city_foreign	4	OK	Fortification 42%
A2_city_004_Banasa.png	city_foreign	4	OK	Tribute poor
A2_city_005_Gades.png	city_foreign	5	OK	City Gades
A2_city_005_Gades.png	city_foreign	5	OK	Controlled by Carthage
A2_city_005_Gades.png	city_foreign	5	OK	Allegiance to Carthage
A2_city_005_Gades.png	city_foreign	5	OK	Population 20,000 (100%)
A2_city_005_Gades.png	city_foreign	5	OK	Loyalty excellent
A2_city_005_Gades.png	city_foreign	5	OK	Fortification 76%
A2_city_005_Gades.png	city_foreign	5	OK	Tribute moderate
A2_city_006_Lixus.png	city_foreign	6	OK	City Lixus
A2_city_006_Lixus.png	city_foreign	6	OK	Controlled by Carthage
A2_city_006_Lixus.png	city_foreign	6	OK	Allegiance to Carthage
A2_city_006_Lixus.png	city_foreign	6	OK	Population 20,000 (100%)
A2_city_006_Lixus.png	city_foreign	6	OK	Loyalty very high
A2_city_006_Lixus.png	city_foreign	6	OK	Fortification 63%
A2_city_006_Lixus.png	city_foreign	6	OK	Tribute moderate
A2_city_013_Malaca.png	city_foreign	13	OK	City Malaca
A2_city_013_Malaca.png	city_foreign	13	OK	Controlled by Carthage
A2_city_013_Malaca.png	city_foreign	13	OK	Allegiance to Carthage
A2_city_013_Malaca.png	city_foreign	13	OK	Population 20,000 (100%)
A2_city_013_Malaca.png	city_foreign	13	OK	Loyalty very high
A2_city_013_Malaca.png	city_foreign	13	OK	Fortification 48%
A2_city_013_Malaca.png	city_foreign	13	OK	Tribute rich
A2_city_016_Rusaddir.png	city_foreign	16	OK	City Rusaddir
A2_city_016_Rusaddir.png	city_foreign	16	OK	Controlled by Carthage
A2_city_016_Rusaddir.png	city_foreign	16	OK	Allegiance to Carthage
A2_city_016_Rusaddir.png	city_foreign	16	OK	Population 20,000 (100%)
A2_city_016_Rusaddir.png	city_foreign	16	OK	Loyalty normal
A2_city_016_Rusaddir.png	city_foreign	16	OK	Fortification 39%
A2_city_016_Rusaddir.png	city_foreign	16	OK	Tribute rich
A2_city_018_Sexi.png	city_foreign	18	OK	City Sexi
A2_city_018_Sexi.png	city_foreign	18	OK	Controlled by Carthage
A2_city_018_Sexi.png	city_foreign	18	OK	Allegiance to Carthage
A2_city_018_Sexi.png	city_foreign	18	OK	Population 20,000 (100%)
A2_city_018_Sexi.png	city_foreign	18	OK	Loyalty high
A2_city_018_Sexi.png	city_foreign	18	OK	Fortification 37%
A2_city_018_Sexi.png	city_foreign	18	OK	Tribute very rich
A2_city_024_Quiza.png	city_foreign	24	OK	City Quiza
A2_city_024_Quiza.png	city_foreign	24	OK	Controlled by Carthage
A2_city_024_Quiza.png	city_foreign	24	OK	Allegiance to Carthage
A2_city_024_Quiza.png	city_foreign	24	OK	Population 20,000 (100%)
A2_city_024_Quiza.png	city_foreign	24	OK	Loyalty high
A2_city_024_Quiza.png	city_foreign	24	OK	Fortification 61%
A2_city_024_Quiza.png	city_foreign	24	OK	Tribute very rich
A2_city_025_Carthago Novo.png	city_foreign	25	OK	City Carthago Novo
A2_city_025_Carthago Novo.png	city_foreign	25	OK	Controlled by Carthage
A2_city_025_Carthago Novo.png	city_foreign	25	OK	Allegiance to Carthage
A2_city_025_Carthago Novo.png	city_foreign	25	OK	Population 20,000 (100%)
A2_city_025_Carthago Novo.png	city_foreign	25	OK	Loyalty excellent
A2_city_025_Carthago Novo.png	city_foreign	25	OK	Fortification 83%
A2_city_025_Carthago Novo.png	city_foreign	25	OK	Tribute very rich
A2_city_026_Helice.png	city_foreign	26	OK	City Helice
A2_city_026_Helice.png	city_foreign	26	OK	Controlled by Carthage
A2_city_026_Helice.png	city_foreign	26	OK-OCR-fuzzy	'Allegiance to Celtiberia' ~ 'Allegiance to _—Celtiberia'
A2_city_026_Helice.png	city_foreign	26	OK	Population 20,000 (100%)
A2_city_026_Helice.png	city_foreign	26	OK	Loyalty normal
A2_city_026_Helice.png	city_foreign	26	OK	Fortification 24%
A2_city_026_Helice.png	city_foreign	26	OK	Tribute 10001
A2_city_030_Akra Leuke.png	city_foreign	30	OK	City Akra Leuke
A2_city_030_Akra Leuke.png	city_foreign	30	OK	Controlled by Carthage
A2_city_030_Akra Leuke.png	city_foreign	30	OK	Allegiance to Carthage
A2_city_030_Akra Leuke.png	city_foreign	30	OK	Population 20,000 (100%)
A2_city_030_Akra Leuke.png	city_foreign	30	OK	Loyalty very high
A2_city_030_Akra Leuke.png	city_foreign	30	OK	Fortification 94%
A2_city_030_Akra Leuke.png	city_foreign	30	OK	Tribute 20000
A2_city_033_Icosium.png	city_foreign	33	OK	City Icosium
A2_city_033_Icosium.png	city_foreign	33	OK	Controlled by Carthage
A2_city_033_Icosium.png	city_foreign	33	OK	Allegiance to Carthage
A2_city_033_Icosium.png	city_foreign	33	OK	Population 20,000 (100%)
A2_city_033_Icosium.png	city_foreign	33	OK	Loyalty very high
A2_city_033_Icosium.png	city_foreign	33	OK	Fortification 52%
A2_city_033_Icosium.png	city_foreign	33	OK	Tribute -25536
A2_city_035_Cissa.png	city_foreign	35	OK	City Cissa
A2_city_035_Cissa.png	city_foreign	35	OK	Controlled by Carthage
A2_city_035_Cissa.png	city_foreign	35	OK-OCR-fuzzy	'Allegiance to Celtiberia' ~ 'Allegiance to _—Celtiberia'
A2_city_035_Cissa.png	city_foreign	35	OK	Population 20,000 (100%)
A2_city_035_Cissa.png	city_foreign	35	OK	Loyalty normal
A2_city_035_Cissa.png	city_foreign	35	OK	Fortification 29%
A2_city_035_Cissa.png	city_foreign	35	OK	Tribute -1
A3_nation_00_Rome.png	nation	0	OK	Nation Rome
A3_nation_00_Rome.png	nation	0	OK	Leader Appius Claudius
A3_nation_00_Rome.png	nation	0	OK	Capital Rome
A3_nation_00_Rome.png	nation	0	OK	Cities 25
A3_nation_00_Rome.png	nation	0	OK	Population 0
A3_nation_00_Rome.png	nation	0	OK	Unity very low
A3_nation_00_Rome.png	nation	0	OK	Tax rate 0%
A3_nation_00_Rome.png	nation	0	OK	Mobilized 30%
A3_nation_00_Rome.png	nation	0	OK	Treasury 2,200 talents
A3_nation_00_Rome.png	nation	0	OK	INTERNATIONAL RELATIONS
A3_nation_00_Rome.png	nation	0	OK	Carthage
A3_nation_00_Rome.png	nation	0	OK	Seleucid
A3_nation_00_Rome.png	nation	0	OK	Ptolemaic
A3_nation_00_Rome.png	nation	0	OK	Macedonia
A3_nation_00_Rome.png	nation	0	OK	Numidia
A3_nation_00_Rome.png	nation	0	OK	Gaul war
A3_nation_00_Rome.png	nation	0	OK	Greece
A3_nation_00_Rome.png	nation	0	OK	Celtiberia
A3_nation_00_Rome.png	nation	0	OK	Illyria trade
A3_nation_00_Rome.png	nation	0	OK	Dacia
A3_nation_00_Rome.png	nation	0	OK	Bithynia
A3_nation_00_Rome.png	nation	0	OK	Galatia
A3_nation_00_Rome.png	nation	0	OK	Armenia
A3_nation_00_Rome.png	nation	0	OK	Media
A3_nation_00_Rome.png	nation	0	OK-OCR-fuzzy	'( Thracia conquerred by Seleucid )' ~ '( Thracia conquerred by Seleucid }'
A3_nation_01_Carthage.png	nation	1	OK	Nation Carthage
A3_nation_01_Carthage.png	nation	1	OK	Leader Agis
A3_nation_01_Carthage.png	nation	1	OK	Capital Carthago
A3_nation_01_Carthage.png	nation	1	OK	Cities 34
A3_nation_01_Carthage.png	nation	1	OK	Population 7
A3_nation_01_Carthage.png	nation	1	OK	Unity very low
A3_nation_01_Carthage.png	nation	1	OK	Tax rate 5%
A3_nation_01_Carthage.png	nation	1	OK	INTERNATIONAL RELATIONS
A3_nation_01_Carthage.png	nation	1	OK	Rome war
A3_nation_01_Carthage.png	nation	1	OK	Seleucid
A3_nation_01_Carthage.png	nation	1	OK	Ptolemaic trade
A3_nation_01_Carthage.png	nation	1	OK	Macedonia ally
A3_nation_01_Carthage.png	nation	1	OK	Numidia
A3_nation_01_Carthage.png	nation	1	OK	Gaul
A3_nation_01_Carthage.png	nation	1	OK	Greece
A3_nation_01_Carthage.png	nation	1	OK	Celtiberia 5
A3_nation_01_Carthage.png	nation	1	OK	Illyria [
A3_nation_01_Carthage.png	nation	1	BEYOND-TABLE	'Dacia' (memory past the word table); OCR lines ['Dacia ’']
A3_nation_01_Carthage.png	nation	1	OK	Bithynia
A3_nation_01_Carthage.png	nation	1	OK	Galatia
A3_nation_01_Carthage.png	nation	1	OK	Armenia war
A3_nation_01_Carthage.png	nation	1	OK	Media ally
A3_nation_01_Carthage.png	nation	1	OK-OCR-fuzzy	'( Thracia conquerred by Seleucid )' ~ '( Thracia conquerred by Seleucid }'
A3_nation_02_Seleucid.png	nation	2	OK	Nation Seleucid
A3_nation_02_Seleucid.png	nation	2	OK	Leader Darius
A3_nation_02_Seleucid.png	nation	2	OK	Capital Antioch
A3_nation_02_Seleucid.png	nation	2	OK	Cities 62
A3_nation_02_Seleucid.png	nation	2	OK	Population 999
A3_nation_02_Seleucid.png	nation	2	OK	Unity very low
A3_nation_02_Seleucid.png	nation	2	OK	Tax rate 10%
A3_nation_02_Seleucid.png	nation	2	OK	INTERNATIONAL RELATIONS
A3_nation_02_Seleucid.png	nation	2	OK	Rome
A3_nation_02_Seleucid.png	nation	2	OK	Carthage trade
A3_nation_02_Seleucid.png	nation	2	OK	Ptolemaic
A3_nation_02_Seleucid.png	nation	2	OK	Macedonia
A3_nation_02_Seleucid.png	nation	2	OK	Numidia
A3_nation_02_Seleucid.png	nation	2	OK	Gaul
A3_nation_02_Seleucid.png	nation	2	OK	Greece trade
A3_nation_02_Seleucid.png	nation	2	OK	Celtiberia
A3_nation_02_Seleucid.png	nation	2	OK	Illyria
A3_nation_02_Seleucid.png	nation	2	OK	Dacia
A3_nation_02_Seleucid.png	nation	2	OK	Bithynia war
A3_nation_02_Seleucid.png	nation	2	OK	Galatia war
A3_nation_02_Seleucid.png	nation	2	OK	Armenia
A3_nation_02_Seleucid.png	nation	2	OK	Media trade
A3_nation_02_Seleucid.png	nation	2	OK-OCR-fuzzy	'( Thracia conquerred by Seleucid )' ~ '( Thracia conquerred by Seleucid }'
A3_nation_03_Ptolemaic.png	nation	3	OK	Nation Ptolemaic
A3_nation_03_Ptolemaic.png	nation	3	OK	Leader Thutmose
A3_nation_03_Ptolemaic.png	nation	3	OK	Capital Alexandria
A3_nation_03_Ptolemaic.png	nation	3	OK	Cities 46
A3_nation_03_Ptolemaic.png	nation	3	OK	Population 1,000
A3_nation_03_Ptolemaic.png	nation	3	OK	Unity low
A3_nation_03_Ptolemaic.png	nation	3	OK	Tax rate 15%
A3_nation_03_Ptolemaic.png	nation	3	OK	INTERNATIONAL RELATIONS
A3_nation_03_Ptolemaic.png	nation	3	OK	Rome
A3_nation_03_Ptolemaic.png	nation	3	OK	Carthage
A3_nation_03_Ptolemaic.png	nation	3	OK	Seleucid
A3_nation_03_Ptolemaic.png	nation	3	OK	Macedonia trade
A3_nation_03_Ptolemaic.png	nation	3	OK	Numidia
A3_nation_03_Ptolemaic.png	nation	3	OK	Gaul
A3_nation_03_Ptolemaic.png	nation	3	OK	Greece
A3_nation_03_Ptolemaic.png	nation	3	OK	Celtiberia
A3_nation_03_Ptolemaic.png	nation	3	OK	Illyria
A3_nation_03_Ptolemaic.png	nation	3	OK	Dacia trade
A3_nation_03_Ptolemaic.png	nation	3	OK	Bithynia
A3_nation_03_Ptolemaic.png	nation	3	OK	Galatia
A3_nation_03_Ptolemaic.png	nation	3	OK	Armenia
A3_nation_03_Ptolemaic.png	nation	3	OK	Media
A3_nation_03_Ptolemaic.png	nation	3	OK-OCR-fuzzy	'( Thracia conquerred by Seleucid )' ~ '( Thracia conquerred by Seleucid }'
A3_nation_04_Macedonia.png	nation	4	OK	Nation Macedonia
A3_nation_04_Macedonia.png	nation	4	OK	Leader Alexander
A3_nation_04_Macedonia.png	nation	4	OK	Capital Pella
A3_nation_04_Macedonia.png	nation	4	OK	Cities 16
A3_nation_04_Macedonia.png	nation	4	OK	Population 12,345
A3_nation_04_Macedonia.png	nation	4	OK	Unity low
A3_nation_04_Macedonia.png	nation	4	OK	Tax rate 20%
A3_nation_04_Macedonia.png	nation	4	OK	INTERNATIONAL RELATIONS
A3_nation_04_Macedonia.png	nation	4	OK	Rome
A3_nation_04_Macedonia.png	nation	4	OK	Carthage
A3_nation_04_Macedonia.png	nation	4	OK	Seleucid
A3_nation_04_Macedonia.png	nation	4	OK	Ptolemaic trade
A3_nation_04_Macedonia.png	nation	4	OK	Numidia trade
A3_nation_04_Macedonia.png	nation	4	OK	Gaul
A3_nation_04_Macedonia.png	nation	4	OK	Greece trade
A3_nation_04_Macedonia.png	nation	4	OK	Celtiberia
A3_nation_04_Macedonia.png	nation	4	OK	Illyria
A3_nation_04_Macedonia.png	nation	4	OK	Dacia
A3_nation_04_Macedonia.png	nation	4	OK	Bithynia
A3_nation_04_Macedonia.png	nation	4	OK	Galatia
A3_nation_04_Macedonia.png	nation	4	OK	Armenia
A3_nation_04_Macedonia.png	nation	4	OK	Media
A3_nation_04_Macedonia.png	nation	4	OK-OCR-fuzzy	'( Thracia conquerred by Seleucid )' ~ '( Thracia conquerred by Seleucid }'
A3_nation_05_Numidia.png	nation	5	OK	Nation Numidia
A3_nation_05_Numidia.png	nation	5	OK	Leader Abu-Simbel
A3_nation_05_Numidia.png	nation	5	OK	Capital Gemellae
A3_nation_05_Numidia.png	nation	5	OK	Cities 8
A3_nation_05_Numidia.png	nation	5	OK	Population 1,234,567
A3_nation_05_Numidia.png	nation	5	OK	Unity normal
A3_nation_05_Numidia.png	nation	5	OK	Tax rate 25%
A3_nation_05_Numidia.png	nation	5	OK	INTERNATIONAL RELATIONS
A3_nation_05_Numidia.png	nation	5	OK	Rome
A3_nation_05_Numidia.png	nation	5	OK	Carthage ally
A3_nation_05_Numidia.png	nation	5	OK	Seleucid
A3_nation_05_Numidia.png	nation	5	OK	Ptolemaic
A3_nation_05_Numidia.png	nation	5	OK	Macedonia trade
A3_nation_05_Numidia.png	nation	5	OK	Gaul
A3_nation_05_Numidia.png	nation	5	OK	Greece
A3_nation_05_Numidia.png	nation	5	OK	Celtiberia
A3_nation_05_Numidia.png	nation	5	OK	Illyria
A3_nation_05_Numidia.png	nation	5	OK	Dacia
A3_nation_05_Numidia.png	nation	5	OK	Bithynia
A3_nation_05_Numidia.png	nation	5	OK	Galatia
A3_nation_05_Numidia.png	nation	5	OK	Armenia
A3_nation_05_Numidia.png	nation	5	OK	Media
A3_nation_05_Numidia.png	nation	5	OK-OCR-fuzzy	'( Thracia conquerred by Seleucid )' ~ '( Thracia conquerred by Seleucid }'
A3_nation_06_Gaul.png	nation	6	OK	Nation Gaul
A3_nation_06_Gaul.png	nation	6	OK	Leader Hengest
A3_nation_06_Gaul.png	nation	6	OK	Capital Nimes
A3_nation_06_Gaul.png	nation	6	OK	Cities 28
A3_nation_06_Gaul.png	nation	6	OK	Population 123,456,789
A3_nation_06_Gaul.png	nation	6	OK	Unity normal
A3_nation_06_Gaul.png	nation	6	OK	Tax rate 30%
A3_nation_06_Gaul.png	nation	6	OK	INTERNATIONAL RELATIONS
A3_nation_06_Gaul.png	nation	6	OK	Rome war
A3_nation_06_Gaul.png	nation	6	OK	Carthage
A3_nation_06_Gaul.png	nation	6	OK	Seleucid
A3_nation_06_Gaul.png	nation	6	OK	Ptolemaic
A3_nation_06_Gaul.png	nation	6	OK	Macedonia
A3_nation_06_Gaul.png	nation	6	OK	Numidia
A3_nation_06_Gaul.png	nation	6	OK	Greece
A3_nation_06_Gaul.png	nation	6	OK	Celtiberia trade
A3_nation_06_Gaul.png	nation	6	OK	Illyria
A3_nation_06_Gaul.png	nation	6	OK	Dacia
A3_nation_06_Gaul.png	nation	6	OK	Bithynia
A3_nation_06_Gaul.png	nation	6	OK	Galatia
A3_nation_06_Gaul.png	nation	6	OK	Armenia trade
A3_nation_06_Gaul.png	nation	6	OK	Media
A3_nation_06_Gaul.png	nation	6	OK-OCR-fuzzy	'( Thracia conquerred by Seleucid )' ~ '( Thracia conquerred by Seleucid }'
A3_nation_07_Greece.png	nation	7	OK	Nation Greece
A3_nation_07_Greece.png	nation	7	OK	Leader Pergamus
A3_nation_07_Greece.png	nation	7	OK	Capital Athens
A3_nation_07_Greece.png	nation	7	OK	Cities 21
A3_nation_07_Greece.png	nation	7	BEYOND-TABLE	'Population 2,147,483,647' (memory past the word table); OCR lines ["Population 2,147,483,647a'TN»C"]
A3_nation_07_Greece.png	nation	7	OK	Unity high
A3_nation_07_Greece.png	nation	7	OK	Tax rate 35%
A3_nation_07_Greece.png	nation	7	OK	INTERNATIONAL RELATIONS
A3_nation_07_Greece.png	nation	7	OK	Rome
A3_nation_07_Greece.png	nation	7	OK	Carthage trade
A3_nation_07_Greece.png	nation	7	OK	Seleucid trade
A3_nation_07_Greece.png	nation	7	OK	Ptolemaic
A3_nation_07_Greece.png	nation	7	OK	Macedonia trade
A3_nation_07_Greece.png	nation	7	OK	Numidia
A3_nation_07_Greece.png	nation	7	OK	Gaul
A3_nation_07_Greece.png	nation	7	OK	Celtiberia
A3_nation_07_Greece.png	nation	7	OK	Illyria
A3_nation_07_Greece.png	nation	7	OK	Dacia
A3_nation_07_Greece.png	nation	7	OK	Bithynia
A3_nation_07_Greece.png	nation	7	OK	Galatia
A3_nation_07_Greece.png	nation	7	OK	Armenia
A3_nation_07_Greece.png	nation	7	OK	Media
A3_nation_07_Greece.png	nation	7	OK-OCR-fuzzy	'( Thracia conquerred by Seleucid )' ~ '( Thracia conquerred by Seleucid }'
A3_nation_08_Celtiberia.png	nation	8	OK	Nation Celtiberia
A3_nation_08_Celtiberia.png	nation	8	OK	Leader Octavian
A3_nation_08_Celtiberia.png	nation	8	OK	Capital Numantia
A3_nation_08_Celtiberia.png	nation	8	OK	Cities 19
A3_nation_08_Celtiberia.png	nation	8	OK	Population 5,000
A3_nation_08_Celtiberia.png	nation	8	OK	Unity high
A3_nation_08_Celtiberia.png	nation	8	OK	Tax rate 40%
A3_nation_08_Celtiberia.png	nation	8	OK	INTERNATIONAL RELATIONS
A3_nation_08_Celtiberia.png	nation	8	OK	Rome
A3_nation_08_Celtiberia.png	nation	8	OK	Carthage war
A3_nation_08_Celtiberia.png	nation	8	OK	Seleucid
A3_nation_08_Celtiberia.png	nation	8	OK	Ptolemaic
A3_nation_08_Celtiberia.png	nation	8	OK	Macedonia
A3_nation_08_Celtiberia.png	nation	8	OK	Numidia
A3_nation_08_Celtiberia.png	nation	8	OK	Gaul trade
A3_nation_08_Celtiberia.png	nation	8	OK	Greece
A3_nation_08_Celtiberia.png	nation	8	OK	Illyria
A3_nation_08_Celtiberia.png	nation	8	OK	Dacia trade
A3_nation_08_Celtiberia.png	nation	8	OK	Bithynia
A3_nation_08_Celtiberia.png	nation	8	OK	Galatia
A3_nation_08_Celtiberia.png	nation	8	OK	Armenia
A3_nation_08_Celtiberia.png	nation	8	OK	Media trade
A3_nation_08_Celtiberia.png	nation	8	OK-OCR-fuzzy	'( Thracia conquerred by Seleucid )' ~ '( Thracia conquerred by Seleucid }'
A3_nation_09_Illyria.png	nation	9	EXCLUDED-wrong-subject	expected first line 'Nation Illyria', the panel shows ['information', 'Nation Celtiberia'] (the click landed on another object)
A3_nation_10_Dacia.png	nation	10	EXCLUDED-wrong-subject	expected first line 'Nation Dacia', the panel shows ['information', 'Nation Illyria'] (the click landed on another object)
A3_nation_11_Bithynia.png	nation	11	EXCLUDED-wrong-subject	expected first line 'Nation Bithynia', the panel shows ['information', 'Nation Dacia'] (the click landed on another object)
A3_nation_12_Galatia.png	nation	12	EXCLUDED-wrong-subject	expected first line 'Nation Galatia', the panel shows ['information', 'Nation Bithynia'] (the click landed on another object)
A3_nation_13_Armenia.png	nation	13	EXCLUDED-wrong-subject	expected first line 'Nation Armenia', the panel shows ['information', 'Nation Galatia'] (the click landed on another object)
A3_nation_14_Media.png	nation	14	EXCLUDED-wrong-subject	expected first line 'Nation Media', the panel shows ['information', 'Nation Armenia'] (the click landed on another object)
A3_nation_08_Celtiberia.v2.png	nation	8	OK	Nation Celtiberia
A3_nation_08_Celtiberia.v2.png	nation	8	OK	Leader Octavian
A3_nation_08_Celtiberia.v2.png	nation	8	OK	Capital Numantia
A3_nation_08_Celtiberia.v2.png	nation	8	OK	Cities 19
A3_nation_08_Celtiberia.v2.png	nation	8	OK	Population 5,000
A3_nation_08_Celtiberia.v2.png	nation	8	OK	Unity high
A3_nation_08_Celtiberia.v2.png	nation	8	OK	Tax rate 40%
A3_nation_08_Celtiberia.v2.png	nation	8	OK	INTERNATIONAL RELATIONS
A3_nation_08_Celtiberia.v2.png	nation	8	OK	Rome
A3_nation_08_Celtiberia.v2.png	nation	8	OK	Carthage war
A3_nation_08_Celtiberia.v2.png	nation	8	OK	Seleucid
A3_nation_08_Celtiberia.v2.png	nation	8	OK	Ptolemaic
A3_nation_08_Celtiberia.v2.png	nation	8	OK	Macedonia
A3_nation_08_Celtiberia.v2.png	nation	8	OK	Numidia
A3_nation_08_Celtiberia.v2.png	nation	8	OK	Gaul trade
A3_nation_08_Celtiberia.v2.png	nation	8	OK	Greece
A3_nation_08_Celtiberia.v2.png	nation	8	OK	Illyria
A3_nation_08_Celtiberia.v2.png	nation	8	OK	Dacia trade
A3_nation_08_Celtiberia.v2.png	nation	8	OK	Bithynia
A3_nation_08_Celtiberia.v2.png	nation	8	OK	Galatia
A3_nation_08_Celtiberia.v2.png	nation	8	OK	Armenia
A3_nation_08_Celtiberia.v2.png	nation	8	OK	Media trade
A3_nation_08_Celtiberia.v2.png	nation	8	OK-OCR-fuzzy	'( Thracia conquerred by Seleucid )' ~ '( Thracia conquerred by Seleucid }'
A3_nation_09_Illyria.v2.png	nation	9	OK	Nation Illyria
A3_nation_09_Illyria.v2.png	nation	9	OK	Leader Epaminondas
A3_nation_09_Illyria.v2.png	nation	9	OK	Capital Scodra
A3_nation_09_Illyria.v2.png	nation	9	OK	Cities 9
A3_nation_09_Illyria.v2.png	nation	9	OK	Population 100,000
A3_nation_09_Illyria.v2.png	nation	9	OK	Unity very high
A3_nation_09_Illyria.v2.png	nation	9	OK	Tax rate 1%
A3_nation_09_Illyria.v2.png	nation	9	OK	INTERNATIONAL RELATIONS
A3_nation_09_Illyria.v2.png	nation	9	OK	Rome trade
A3_nation_09_Illyria.v2.png	nation	9	OK	Carthage
A3_nation_09_Illyria.v2.png	nation	9	OK	Seleucid
A3_nation_09_Illyria.v2.png	nation	9	OK	Ptolemaic
A3_nation_09_Illyria.v2.png	nation	9	OK	Macedonia
A3_nation_09_Illyria.v2.png	nation	9	OK	Numidia
A3_nation_09_Illyria.v2.png	nation	9	OK	Gaul
A3_nation_09_Illyria.v2.png	nation	9	OK	Greece
A3_nation_09_Illyria.v2.png	nation	9	OK	Celtiberia
A3_nation_09_Illyria.v2.png	nation	9	OK	Dacia
A3_nation_09_Illyria.v2.png	nation	9	OK	Bithynia
A3_nation_09_Illyria.v2.png	nation	9	OK	Galatia
A3_nation_09_Illyria.v2.png	nation	9	OK	Armenia trade
A3_nation_09_Illyria.v2.png	nation	9	OK	Media trade
A3_nation_09_Illyria.v2.png	nation	9	OK-OCR-fuzzy	'( Thracia conquerred by Seleucid )' ~ '( Thracia conquerred by Seleucid }'
A3_nation_10_Dacia.v2.png	nation	10	OK	Nation Dacia
A3_nation_10_Dacia.v2.png	nation	10	OK	Leader Theudebert
A3_nation_10_Dacia.v2.png	nation	10	OK	Capital Sirmium
A3_nation_10_Dacia.v2.png	nation	10	OK	Cities 8
A3_nation_10_Dacia.v2.png	nation	10	OK	Population 3
A3_nation_10_Dacia.v2.png	nation	10	OK	Unity very high
A3_nation_10_Dacia.v2.png	nation	10	OK	Tax rate 2%
A3_nation_10_Dacia.v2.png	nation	10	OK	INTERNATIONAL RELATIONS
A3_nation_10_Dacia.v2.png	nation	10	OK	Rome
A3_nation_10_Dacia.v2.png	nation	10	OK	Carthage
A3_nation_10_Dacia.v2.png	nation	10	OK	Seleucid
A3_nation_10_Dacia.v2.png	nation	10	OK	Ptolemaic trade
A3_nation_10_Dacia.v2.png	nation	10	OK	Macedonia
A3_nation_10_Dacia.v2.png	nation	10	OK	Numidia
A3_nation_10_Dacia.v2.png	nation	10	OK	Gaul
A3_nation_10_Dacia.v2.png	nation	10	OK	Greece
A3_nation_10_Dacia.v2.png	nation	10	OK	Celtiberia trade
A3_nation_10_Dacia.v2.png	nation	10	OK	Illyria
A3_nation_10_Dacia.v2.png	nation	10	OK	Bithynia trade
A3_nation_10_Dacia.v2.png	nation	10	OK	Galatia
A3_nation_10_Dacia.v2.png	nation	10	OK	Armenia
A3_nation_10_Dacia.v2.png	nation	10	OK	Media
A3_nation_10_Dacia.v2.png	nation	10	OK-OCR-fuzzy	'( Thracia conquerred by Seleucid )' ~ '( Thracia conquerred by Seleucid }'
A3_nation_11_Bithynia.v2.png	nation	11	OK	Nation Bithynia
A3_nation_11_Bithynia.v2.png	nation	11	OK	Leader Stesichorus
A3_nation_11_Bithynia.v2.png	nation	11	OK	Capital Sinope
A3_nation_11_Bithynia.v2.png	nation	11	OK	Cities 13
A3_nation_11_Bithynia.v2.png	nation	11	OK	Population 40
A3_nation_11_Bithynia.v2.png	nation	11	OK	Unity excellent
A3_nation_11_Bithynia.v2.png	nation	11	OK	Tax rate 3%
A3_nation_11_Bithynia.v2.png	nation	11	OK	INTERNATIONAL RELATIONS
A3_nation_11_Bithynia.v2.png	nation	11	OK	Rome
A3_nation_11_Bithynia.v2.png	nation	11	OK	Carthage
A3_nation_11_Bithynia.v2.png	nation	11	OK	Seleucid war
A3_nation_11_Bithynia.v2.png	nation	11	OK	Ptolemaic
A3_nation_11_Bithynia.v2.png	nation	11	OK	Macedonia
A3_nation_11_Bithynia.v2.png	nation	11	OK	Numidia
A3_nation_11_Bithynia.v2.png	nation	11	OK	Gaul
A3_nation_11_Bithynia.v2.png	nation	11	OK	Greece
A3_nation_11_Bithynia.v2.png	nation	11	OK	Celtiberia
A3_nation_11_Bithynia.v2.png	nation	11	OK	Illyria
A3_nation_11_Bithynia.v2.png	nation	11	OK	Dacia trade
A3_nation_11_Bithynia.v2.png	nation	11	OK	Galatia ally
A3_nation_11_Bithynia.v2.png	nation	11	OK	Armenia trade
A3_nation_11_Bithynia.v2.png	nation	11	OK	Media
A3_nation_11_Bithynia.v2.png	nation	11	OK-OCR-fuzzy	'( Thracia conquerred by Seleucid )' ~ '( Thracia conquerred by Seleucid }'
A3_nation_12_Galatia.v2.png	nation	12	OK	Nation Galatia
A3_nation_12_Galatia.v2.png	nation	12	OK	Leader Androcles
A3_nation_12_Galatia.v2.png	nation	12	OK	Capital Ancyra
A3_nation_12_Galatia.v2.png	nation	12	OK	Cities 9
A3_nation_12_Galatia.v2.png	nation	12	OK	Population 500
A3_nation_12_Galatia.v2.png	nation	12	OK	Unity excellent
A3_nation_12_Galatia.v2.png	nation	12	OK	Tax rate 4%
A3_nation_12_Galatia.v2.png	nation	12	OK	INTERNATIONAL RELATIONS
A3_nation_12_Galatia.v2.png	nation	12	OK	Rome
A3_nation_12_Galatia.v2.png	nation	12	OK	Carthage
A3_nation_12_Galatia.v2.png	nation	12	OK	Seleucid war
A3_nation_12_Galatia.v2.png	nation	12	OK	Ptolemaic
A3_nation_12_Galatia.v2.png	nation	12	OK	Macedonia
A3_nation_12_Galatia.v2.png	nation	12	OK	Numidia
A3_nation_12_Galatia.v2.png	nation	12	OK	Gaul
A3_nation_12_Galatia.v2.png	nation	12	OK	Greece
A3_nation_12_Galatia.v2.png	nation	12	OK	Celtiberia
A3_nation_12_Galatia.v2.png	nation	12	OK	Illyria
A3_nation_12_Galatia.v2.png	nation	12	OK	Dacia
A3_nation_12_Galatia.v2.png	nation	12	OK	Bithynia ally
A3_nation_12_Galatia.v2.png	nation	12	OK	Armenia
A3_nation_12_Galatia.v2.png	nation	12	OK	Media
A3_nation_12_Galatia.v2.png	nation	12	OK-OCR-fuzzy	'( Thracia conquerred by Seleucid )' ~ '( Thracia conquerred by Seleucid }'
A3_nation_13_Armenia.v2.png	nation	13	OK	Nation Armenia
A3_nation_13_Armenia.v2.png	nation	13	OK	Leader Mesa
A3_nation_13_Armenia.v2.png	nation	13	OK	Capital Erivan
A3_nation_13_Armenia.v2.png	nation	13	OK	Cities 10
A3_nation_13_Armenia.v2.png	nation	13	OK	Population 5,000
A3_nation_13_Armenia.v2.png	nation	13	OK	Unity
A3_nation_13_Armenia.v2.png	nation	13	OK	Tax rate 6%
A3_nation_13_Armenia.v2.png	nation	13	OK	INTERNATIONAL RELATIONS
A3_nation_13_Armenia.v2.png	nation	13	OK	Rome
A3_nation_13_Armenia.v2.png	nation	13	OK	Carthage
A3_nation_13_Armenia.v2.png	nation	13	OK	Seleucid
A3_nation_13_Armenia.v2.png	nation	13	OK	Ptolemaic
A3_nation_13_Armenia.v2.png	nation	13	OK	Macedonia
A3_nation_13_Armenia.v2.png	nation	13	OK	Numidia
A3_nation_13_Armenia.v2.png	nation	13	OK	Gaul trade
A3_nation_13_Armenia.v2.png	nation	13	OK	Greece
A3_nation_13_Armenia.v2.png	nation	13	OK	Celtiberia
A3_nation_13_Armenia.v2.png	nation	13	OK	Illyria trade
A3_nation_13_Armenia.v2.png	nation	13	OK	Dacia
A3_nation_13_Armenia.v2.png	nation	13	OK	Bithynia trade
A3_nation_13_Armenia.v2.png	nation	13	OK	Galatia
A3_nation_13_Armenia.v2.png	nation	13	OK	Media ally
A3_nation_13_Armenia.v2.png	nation	13	OK-OCR-fuzzy	'( Thracia conquerred by Seleucid )' ~ '( Thracia conquerred by Seleucid }'
A3_nation_14_Media.v2.png	nation	14	OK	Nation Media
A3_nation_14_Media.v2.png	nation	14	OK	Leader Samuramat
A3_nation_14_Media.v2.png	nation	14	OK	Capital Ecbatana
A3_nation_14_Media.v2.png	nation	14	OK	Cities 14
A3_nation_14_Media.v2.png	nation	14	OK	Population 50,000
A3_nation_14_Media.v2.png	nation	14	OK	Unity
A3_nation_14_Media.v2.png	nation	14	OK	Tax rate 7%
A3_nation_14_Media.v2.png	nation	14	OK	INTERNATIONAL RELATIONS
A3_nation_14_Media.v2.png	nation	14	OK	Rome
A3_nation_14_Media.v2.png	nation	14	OK	Carthage
A3_nation_14_Media.v2.png	nation	14	OK	Seleucid trade
A3_nation_14_Media.v2.png	nation	14	OK	Ptolemaic
A3_nation_14_Media.v2.png	nation	14	OK	Macedonia
A3_nation_14_Media.v2.png	nation	14	OK	Numidia
A3_nation_14_Media.v2.png	nation	14	OK	Gaul
A3_nation_14_Media.v2.png	nation	14	OK	Greece
A3_nation_14_Media.v2.png	nation	14	OK	Celtiberia trade
A3_nation_14_Media.v2.png	nation	14	OK	Illyria trade
A3_nation_14_Media.v2.png	nation	14	OK	Dacia
A3_nation_14_Media.v2.png	nation	14	OK	Bithynia
A3_nation_14_Media.v2.png	nation	14	OK	Galatia
A3_nation_14_Media.v2.png	nation	14	OK	Armenia ally
A3_nation_14_Media.v2.png	nation	14	OK-OCR-fuzzy	'( Thracia conquerred by Seleucid )' ~ '( Thracia conquerred by Seleucid }'
A4_army_00_left.png	army_left	0	OK	Army of Rome
A4_army_00_left.png	army_left	0	OK	Moves 0
A4_army_00_left.png	army_left	0	OK	Supply 173 tons (72%)
A4_army_00_left.png	army_left	0	OK	Morale very low
A4_army_00_left.png	army_left	0	OK	Money 5 talents
A4_army_00_left.png	army_left	0	OK	Terrain Plain
A4_army_00_left.png	army_left	0	OK	Light infantry 4,800
A4_army_00_left.png	army_left	0	OK	Heavy infantry 16,100
A4_army_00_left.png	army_left	0	OK	Archers 0
A4_army_00_left.png	army_left	0	OK	Light cavalry 900
A4_army_00_left.png	army_left	0	OK	Heavy cavalry 1,900
A4_army_00_left.png	army_left	0	OK	Total troops 23,700
A4_army_00_left.png	army_left	0	OK	No. of units 6
A4_army_00_left.png	army_left	0	OK	Regulars cost 232 talents per quarter
A4_army_00_left.png	army_left	0	OK	Mercenary pay 0 talents per quarter
A4_army_00_right.png	army_right	0	OK	Army of Rome
A4_army_00_right.png	army_right	0	OK-OCR-fuzzy	'1st Foot Battalion Light infantry 4,800 average' ~ 'lst Foot Battalion Light infantry 4,800 average'
A4_army_00_right.png	army_right	0	OK-OCR-fuzzy	'1st Guards Battalion Heavy infantry 5,000 very good' ~ '1st Guards Battalion Heavy infantry 5,000 very'
A4_army_00_right.png	army_right	0	OK-OCR-fuzzy	'2nd Guards Battalion Heavy infantry 5,200 good' ~ '2nd Guards Battalion Heavy infantry 5,200 goox'
A4_army_00_right.png	army_right	0	OK	3rd Guards Battalion Heavy infantry 5,900 good
A4_army_00_right.png	army_right	0	OK-OCR-fuzzy	'1st Lancers Battalion Light cavalry 900 average' ~ 'lst Lancers Battalion Light cavalry 900 average'
A4_army_00_right.png	army_right	0	OK-OCR-fuzzy	'1st Dragoons Battalion Heavy cavalry 1,900 good' ~ '1st Dragoons Battalion Heavy cavalry 1,900 goc'
A4_army_01_left.png	army_left	1	OK	Army of Rome
A4_army_01_left.png	army_left	1	OK	Moves 3
A4_army_01_left.png	army_left	1	OK	Supply 216 tons (234%)
A4_army_01_left.png	army_left	1	OK	Morale very low
A4_army_01_left.png	army_left	1	OK	Money 22 talents
A4_army_01_left.png	army_left	1	OK	Terrain Desert
A4_army_01_left.png	army_left	1	OK	Light infantry 199
A4_army_01_left.png	army_left	1	OK	Heavy infantry 5,699
A4_army_01_left.png	army_left	1	OK	Archers 0
A4_army_01_left.png	army_left	1	OK	Light cavalry 1,500
A4_army_01_left.png	army_left	1	OK	Heavy cavalry 1,800
A4_army_01_left.png	army_left	1	OK	Total troops 9,198
A4_army_01_left.png	army_left	1	OK	No. of units 6
A4_army_01_left.png	army_left	1	OK	Regulars cost 111 talents per quarter
A4_army_01_left.png	army_left	1	OK	Mercenary pay 0 talents per quarter
A4_army_01_right.png	army_right	1	OK	Army of Rome
A4_army_01_right.png	army_right	1	OK	2nd Foot Battalion Light infantry 199 average
A4_army_01_right.png	army_right	1	OK-OCR-fuzzy	'4th Guards Battalion Heavy infantry 399 very good' ~ '4th Guards Battalion Heavy infantry 399 verygi'
A4_army_01_right.png	army_right	1	OK	5th Guards Battalion Heavy infantry 200 good
A4_army_01_right.png	army_right	1	OK	6th Guards Battalion Heavy infantry 5,100 good
A4_army_01_right.png	army_right	1	OK	2nd Lancers Battalion Light cavalry 1,500 good
A4_army_01_right.png	army_right	1	OK-OCR-fuzzy	'2nd Dragoons Battalion Heavy cavalry 1,800 good' ~ '2nd Dragoons Battalion Heavy cavalry 1,800 go'
A4_army_02_left.png	army_left	2	OK	Army of Rome
A4_army_02_left.png	army_left	2	OK	Moves 6
A4_army_02_left.png	army_left	2	OK	Supply 308 tons (90%)
A4_army_02_left.png	army_left	2	OK	Morale very low
A4_army_02_left.png	army_left	2	OK	Money 39 talents
A4_army_02_left.png	army_left	2	OK	Terrain Forest
A4_army_02_left.png	army_left	2	OK	Light infantry 16,800
A4_army_02_left.png	army_left	2	OK	Heavy infantry 12,700
A4_army_02_left.png	army_left	2	OK	Archers 0
A4_army_02_left.png	army_left	2	OK	Light cavalry 1,200
A4_army_02_left.png	army_left	2	OK	Heavy cavalry 3,200
A4_army_02_left.png	army_left	2	OK	Total troops 33,900
A4_army_02_left.png	army_left	2	OK	No. of units 8
A4_army_02_left.png	army_left	2	OK	Regulars cost 54 talents per quarter
A4_army_02_left.png	army_left	2	OK	Mercenary pay 304 talents per quarter
A4_army_02_right.png	army_right	2	OK	Army of Rome
A4_army_02_right.png	army_right	2	OK	Numidian Light infantry 7,800 good
A4_army_02_right.png	army_right	2	OK	Celtiberian Light infantry 9,000 poor
A4_army_02_right.png	army_right	2	OK-OCR-fuzzy	'1st Guards Battalion Heavy infantry 3,500 very good' ~ 'lst Guards Battalion Heavy infantry 3,500 very'
A4_army_02_right.png	army_right	2	OK	Celtiberian Heavy infantry 5,200 good
A4_army_02_right.png	army_right	2	OK	Celtiberian Heavy infantry 4,000 average
A4_army_02_right.png	army_right	2	OK	Numidian Light cavalry 1,200 average
A4_army_02_right.png	army_right	2	OK-OCR-fuzzy	'1st Dragoons Battalion Heavy cavalry 1,100 good' ~ '1st Dragoons Battalion Heavy cavalry 1,100 goc'
A4_army_02_right.png	army_right	2	OK	Numidian Heavy cavalry 2,100 very good
A4_army_03_left.png	army_left	3	OK	Army of Rome
A4_army_03_left.png	army_left	3	OK	Moves 9
A4_army_03_left.png	army_left	3	OK	Supply 204 tons (109%)
A4_army_03_left.png	army_left	3	OK	Morale low
A4_army_03_left.png	army_left	3	OK	Money 56 talents
A4_army_03_left.png	army_left	3	OK	Terrain Mountains
A4_army_03_left.png	army_left	3	OK	Light infantry 4,800
A4_army_03_left.png	army_left	3	OK	Heavy infantry 8,000
A4_army_03_left.png	army_left	3	OK	Archers 2,700
A4_army_03_left.png	army_left	3	OK	Light cavalry 0
A4_army_03_left.png	army_left	3	OK	Heavy cavalry 3,100
A4_army_03_left.png	army_left	3	OK	Total troops 18,600
A4_army_03_left.png	army_left	3	OK	No. of units 6
A4_army_03_left.png	army_left	3	OK	Regulars cost 42 talents per quarter
A4_army_03_left.png	army_left	3	OK	Mercenary pay 182 talents per quarter
A4_army_03_right.png	army_right	3	OK	Army of Rome
A4_army_03_right.png	army_right	3	OK	Greek Light infantry 4,800 good
A4_army_03_right.png	army_right	3	OK-OCR-fuzzy	'2nd Guards Battalion Heavy infantry 2,300 average' ~ '2nd Guards Battalion Heavy infantry 2,300 aver'
A4_army_03_right.png	army_right	3	OK	Greek Heavy infantry 5,700 good
A4_army_03_right.png	army_right	3	OK	Moor Archers 2,700 average
A4_army_03_right.png	army_right	3	OK-OCR-fuzzy	'2nd Dragoons Battalion Heavy cavalry 1,100 poor' ~ '2nd Dragoons Battalion Heavy cavalry 1,100 po'
A4_army_03_right.png	army_right	3	OK	Numidian Heavy cavalry 2,000 good
A4_army_04_left.png	army_left	4	OK	Army of Rome
A4_army_04_left.png	army_left	4	OK	Moves 1
A4_army_04_left.png	army_left	4	OK	Supply 523 tons (140%)
A4_army_04_left.png	army_left	4	OK	Morale low
A4_army_04_left.png	army_left	4	OK	Money 73 talents
A4_army_04_left.png	army_left	4	OK	Terrain Plain
A4_army_04_left.png	army_left	4	OK	Light infantry 22,540
A4_army_04_left.png	army_left	4	OK	Heavy infantry 6,900
A4_army_04_left.png	army_left	4	OK	Archers 4,280
A4_army_04_left.png	army_left	4	OK	Light cavalry 1,480
A4_army_04_left.png	army_left	4	OK	Heavy cavalry 2,000
A4_army_04_left.png	army_left	4	OK	Total troops 37,200
A4_army_04_left.png	army_left	4	OK	No. of units 10
A4_army_04_left.png	army_left	4	OK	Regulars cost 156 talents per quarter
A4_army_04_left.png	army_left	4	OK	Mercenary pay 151 talents per quarter
A4_army_04_right.png	army_right	4	OK	Army of Rome
A4_army_04_right.png	army_right	4	OK-OCR-fuzzy	'1st Foot Battalion Light infantry 5,720 average' ~ 'lst Foot Battalion Light infantry 5,720 average'
A4_army_04_right.png	army_right	4	OK	2nd Foot Battalion Light infantry 6,220 average
A4_army_04_right.png	army_right	4	OK	Greek Light infantry 4,180 very good
A4_army_04_right.png	army_right	4	OK	Persian Light infantry 6,420 average
A4_army_04_right.png	army_right	4	OK	1st Guards Battalion Heavy infantry 2,680 good
A4_army_04_right.png	army_right	4	OK	Greek Heavy infantry 4,220 very good
A4_army_04_right.png	army_right	4	OK	1st Bowmen Battalion Archers 2,140 average
A4_army_04_right.png	army_right	4	OK-OCR-fuzzy	'1st Dragoons Battalion Heavy cavalry 2,000 very good' ~ '1st Dragoons Battalion Heavy cavalry 2,000 ver'
A4_army_04_right.png	army_right	4	OK	Mysian Archers 2,140 good
A4_army_04_right.png	army_right	4	OK-OCR-fuzzy	'1st Lancers Battalion Light cavalry 1,480 average' ~ 'lst Lancers Battalion Light cavalry 1,480 avera'
A4_army_05_left.png	army_left	5	OK	Army of Rome
A4_army_05_left.png	army_left	5	OK	Moves 4
A4_army_05_left.png	army_left	5	OK	Supply 561 tons (150%)
A4_army_05_left.png	army_left	5	OK	Morale normal
A4_army_05_left.png	army_left	5	OK	Money 90 talents
A4_army_05_left.png	army_left	5	OK	Terrain River
A4_army_05_left.png	army_left	5	OK	Light infantry 23,000
A4_army_05_left.png	army_left	5	OK	Heavy infantry 9,300
A4_army_05_left.png	army_left	5	OK	Archers 1,200
A4_army_05_left.png	army_left	5	OK	Light cavalry 2,400
A4_army_05_left.png	army_left	5	OK	Heavy cavalry 1,400
A4_army_05_left.png	army_left	5	OK	Total troops 37,300
A4_army_05_left.png	army_left	5	OK	No. of units 9
A4_army_05_left.png	army_left	5	OK	Regulars cost 220 talents per quarter
A4_army_05_left.png	army_left	5	OK	Mercenary pay 73 talents per quarter
A4_army_05_right.png	army_right	5	OK	Army of Rome
A4_army_05_right.png	army_right	5	OK	3rd Foot Battalion Light infantry 8,700 poor
A4_army_05_right.png	army_right	5	OK	4th Foot Battalion Light infantry 7,800 poor
A4_army_05_right.png	army_right	5	OK	Cilician Light infantry 6,500 good
A4_army_05_right.png	army_right	5	OK-OCR-fuzzy	'2nd Guards Battalion Heavy infantry 5,000 good' ~ '2nd Guards Battalion Heavy infantry 5,000 goox'
A4_army_05_right.png	army_right	5	OK	3rd Guards Battalion Heavy infantry 4,300 good
A4_army_05_right.png	army_right	5	OK	3rd Bowmen Battalion Archers 1,200 average
A4_army_05_right.png	army_right	5	OK-OCR-fuzzy	'2nd Lancers Battalion Light cavalry 900 average' ~ '2nd Lancers Battalion Light cavalry 900 averag'
A4_army_05_right.png	army_right	5	OK	Cilician Light cavalry 1,500 good
A4_army_05_right.png	army_right	5	OK-OCR-fuzzy	'2nd Dragoons Battalion Heavy cavalry 1,400 good' ~ '2nd Dragoons Battalion Heavy cavalry 1,400 go'
A4_army_06_left.png	army_left	6	OK	Army of Rome
A4_army_06_left.png	army_left	6	OK	Moves 7
A4_army_06_left.png	army_left	6	OK	Supply 367 tons (166%)
A4_army_06_left.png	army_left	6	OK	Morale normal
A4_army_06_left.png	army_left	6	OK	Money 107 talents
A4_army_06_left.png	army_left	6	OK	Terrain River
A4_army_06_left.png	army_left	6	OK	Light infantry 16,800
A4_army_06_left.png	army_left	6	OK	Heavy infantry 2,700
A4_army_06_left.png	army_left	6	OK	Archers 0
A4_army_06_left.png	army_left	6	OK	Light cavalry 2,500
A4_army_06_left.png	army_left	6	OK	Heavy cavalry 0
A4_army_06_left.png	army_left	6	OK	Total troops 22,000
A4_army_06_left.png	army_left	6	OK	No. of units 6
A4_army_06_left.png	army_left	6	OK	Regulars cost 103 talents per quarter
A4_army_06_left.png	army_left	6	OK	Mercenary pay 54 talents per quarter
A4_army_06_right.png	army_right	6	OK	Army of Rome
A4_army_06_right.png	army_right	6	OK	1st Foot Battalion Light infantry 6,300 average
A4_army_06_right.png	army_right	6	OK	2nd Foot Battalion Light infantry 6,300 average
A4_army_06_right.png	army_right	6	OK-OCR-fuzzy	'Bactrian Light infantry 4,200 average' ~ 'Bactrian Lightinfantry 4,200 average'
A4_army_06_right.png	army_right	6	OK-OCR-fuzzy	'1st Guards Battalion Heavy infantry 2,700 average' ~ '1st Guards Battalion Heavy infantry 2,700 aver'
A4_army_06_right.png	army_right	6	OK	1st Lancers Battalion Light cavalry 1,100 poor
A4_army_06_right.png	army_right	6	OK	Thessalian Light cavalry 1,400 good
A4_army_07_left.png	army_left	7	OK	Army of Rome
A4_army_07_left.png	army_left	7	OK	Moves 10
A4_army_07_left.png	army_left	7	OK	Supply 902 tons (140%)
A4_army_07_left.png	army_left	7	OK	Morale high
A4_army_07_left.png	army_left	7	OK	Money 124 talents
A4_army_07_left.png	army_left	7	OK	Terrain Sea
A4_army_07_left.png	army_left	7	OK	Light infantry 48,730
A4_army_07_left.png	army_left	7	OK	Heavy infantry 9,500
A4_army_07_left.png	army_left	7	OK	Archers 1,200
A4_army_07_left.png	army_left	7	OK	Light cavalry 1,700
A4_army_07_left.png	army_left	7	OK	Heavy cavalry 2,900
A4_army_07_left.png	army_left	7	OK	Total troops 64,030
A4_army_07_left.png	army_left	7	OK	No. of units 11
A4_army_07_left.png	army_left	7	OK	Regulars cost 169 talents per quarter
A4_army_07_left.png	army_left	7	OK	Mercenary pay 348 talents per quarter
A4_army_07_right.png	army_right	7	OK	Army of Rome
A4_army_07_right.png	army_right	7	OK	3rd Foot Battalion Light infantry 8,600 poor
A4_army_07_right.png	army_right	7	OK	4th Foot Battalion Light infantry 10,000 poor
A4_army_07_right.png	army_right	7	OK	Greek Light infantry 9,000 good
A4_army_07_right.png	army_right	7	OK	Elymaian Light infantry 13,500 average
A4_army_07_right.png	army_right	7	OK-OCR-fuzzy	'2nd Guards Battalion Heavy infantry 3,500 average' ~ '2nd Guards Battalion Heavy infantry 3,500 aver'
A4_army_07_right.png	army_right	7	OK	Greek Heavy infantry 6,000 very good
A4_army_07_right.png	army_right	7	OK-OCR-fuzzy	'1st Bowmen Battalion Archers 1,200 poor' ~ 'lst Bowmen Battalion Archers 1,200 poor'
A4_army_07_right.png	army_right	7	OK	Elymaian Light cavalry 1,700 average
A4_army_07_right.png	army_right	7	OK-OCR-fuzzy	'2nd Dragoons Battalion Heavy cavalry 1,800 good' ~ '2nd Dragoons Battalion Heavy cavalry 1,800 go'
A4_army_07_right.png	army_right	7	OK	Elymaian Heavy cavalry 1,100 good
A4_army_07_right.png	army_right	7	OK	Egyptian Light infantry 7,630 good
A4_army_08_left.png	army_left	8	OK	Army of Rome
A4_army_08_left.png	army_left	8	OK	Moves 2
A4_army_08_left.png	army_left	8	OK	Supply 597 tons (200%)
A4_army_08_left.png	army_left	8	OK	Morale high
A4_army_08_left.png	army_left	8	OK	Money 141 talents
A4_army_08_left.png	army_left	8	OK	Terrain Sea
A4_army_08_left.png	army_left	8	OK	Light infantry 12,300
A4_army_08_left.png	army_left	8	OK	Heavy infantry 15,400
A4_army_08_left.png	army_left	8	OK	Archers 0
A4_army_08_left.png	army_left	8	OK	Light cavalry 1,300
A4_army_08_left.png	army_left	8	OK	Heavy cavalry 800
A4_army_08_left.png	army_left	8	OK	Total troops 29,800
A4_army_08_left.png	army_left	8	OK	No. of units 7
A4_army_08_left.png	army_left	8	OK	Regulars cost 171 talents per quarter
A4_army_08_left.png	army_left	8	OK	Mercenary pay 97 talents per quarter
A4_army_08_right.png	army_right	8	OK	Army of Rome
A4_army_08_right.png	army_right	8	OK	1st Foot Battalion Light infantry 7,900 good
A4_army_08_right.png	army_right	8	OK	Elymaian Light infantry 4,400 average
A4_army_08_right.png	army_right	8	OK-OCR-fuzzy	'1st Guards Battalion Heavy infantry 5,700 elite' ~ 'lst Guards Battalion Heavy infantry 5,700 elite'
A4_army_08_right.png	army_right	8	OK	2nd Guards Battalion Heavy infantry 6,000 elite
A4_army_08_right.png	army_right	8	OK	Greek Heavy infantry 3,700 good
A4_army_08_right.png	army_right	8	OK	Elymaian Light cavalry 1,300 average
A4_army_08_right.png	army_right	8	OK-OCR-fuzzy	'1st Dragoons Battalion Heavy cavalry 800 average' ~ '1st Dragoons Battalion Heavy cavalry 800 avera'
A4_army_09_left.png	army_left	9	OK	Army of Rome
A4_army_09_left.png	army_left	9	OK	Moves 5
A4_army_09_left.png	army_left	9	OK	Supply 608 tons (150%)
A4_army_09_left.png	army_left	9	OK	Morale very high
A4_army_09_left.png	army_left	9	OK	Money 158 talents
A4_army_09_left.png	army_left	9	OK	Terrain Plain
A4_army_09_left.png	army_left	9	OK	Light infantry 33,600
A4_army_09_left.png	army_left	9	OK	Heavy infantry 4,900
A4_army_09_left.png	army_left	9	OK	Archers 0
A4_army_09_left.png	army_left	9	OK	Light cavalry 1,400
A4_army_09_left.png	army_left	9	OK	Heavy cavalry 600
A4_army_09_left.png	army_left	9	OK	Total troops 40,500
A4_army_09_left.png	army_left	9	OK	No. of units 8
A4_army_09_left.png	army_left	9	OK	Regulars cost 188 talents per quarter
A4_army_09_left.png	army_left	9	OK	Mercenary pay 65 talents per quarter
A4_army_09_right.png	army_right	9	OK	Army of Rome
A4_army_09_right.png	army_right	9	OK	1st Foot Battalion Light infantry 8,000 poor
A4_army_09_right.png	army_right	9	OK	2nd Foot Battalion Light infantry 9,200 average
A4_army_09_right.png	army_right	9	OK	Ligurian Light infantry 7,800 poor
A4_army_09_right.png	army_right	9	OK	3rd Foot Battalion Light infantry 8,600 average
A4_army_09_right.png	army_right	9	OK	Spanish Heavy infantry 2,200 average
A4_army_09_right.png	army_right	9	OK-OCR-fuzzy	'1st Guards Battalion Heavy infantry 2,700 average' ~ '1st Guards Battalion Heavy infantry 2,700 aver'
A4_army_09_right.png	army_right	9	OK-OCR-fuzzy	'1st Lancers Battalion Light cavalry 1,400 average' ~ 'lst Lancers Battalion Light cavalry 1,400 avera'
A4_army_09_right.png	army_right	9	OK	1st Dragoons Battalion Heavy cavalry 600 good
A4_army_10_left.png	army_left	10	OK	Army of Rome
A4_army_10_left.png	army_left	10	OK	Moves 8
A4_army_10_left.png	army_left	10	OK	Supply 622 tons (183%)
A4_army_10_left.png	army_left	10	OK	Morale very high
A4_army_10_left.png	army_left	10	OK	Money 175 talents
A4_army_10_left.png	army_left	10	OK	Terrain Desert
A4_army_10_left.png	army_left	10	OK	Light infantry 19,700
A4_army_10_left.png	army_left	10	OK	Heavy infantry 11,100
A4_army_10_left.png	army_left	10	OK	Archers 0
A4_army_10_left.png	army_left	10	OK	Light cavalry 1,400
A4_army_10_left.png	army_left	10	OK	Heavy cavalry 1,700
A4_army_10_left.png	army_left	10	OK	Total troops 33,900
A4_army_10_left.png	army_left	10	OK	No. of units 7
A4_army_10_left.png	army_left	10	OK	Regulars cost 177 talents per quarter
A4_army_10_left.png	army_left	10	OK	Mercenary pay 111 talents per quarter
A4_army_10_right.png	army_right	10	OK	Army of Rome
A4_army_10_right.png	army_right	10	OK	1st Foot Battalion Light infantry 7,800 poor
A4_army_10_right.png	army_right	10	OK	2nd Foot Battalion Light infantry 5,900 good
A4_army_10_right.png	army_right	10	OK	Gallic Light infantry 6,000 average
A4_army_10_right.png	army_right	10	OK-OCR-fuzzy	'1st Guards Battalion Heavy infantry 5,700 average' ~ '1st Guards Battalion Heavy infantry 5,700 aver'
A4_army_10_right.png	army_right	10	OK	Greek Heavy infantry 5,400 good
A4_army_10_right.png	army_right	10	OK-OCR-fuzzy	'1st Lancers Battalion Light cavalry 1,400 average' ~ 'lst Lancers Battalion Light cavalry 1,400 avera'
A4_army_10_right.png	army_right	10	OK-OCR-fuzzy	'1st Dragoons Battalion Heavy cavalry 1,700 average' ~ '1st Dragoons Battalion Heavy cavalry 1,700 ave'
A4_army_11_left.png	army_left	11	OK	Army of Rome
A4_army_11_left.png	army_left	11	OK	Moves 0
A4_army_11_left.png	army_left	11	OK	Supply 635 tons (188%)
A4_army_11_left.png	army_left	11	OK	Morale excellent
A4_army_11_left.png	army_left	11	OK	Money 192 talents
A4_army_11_left.png	army_left	11	OK	Terrain Forest
A4_army_11_left.png	army_left	11	OK	Light infantry 17,100
A4_army_11_left.png	army_left	11	OK	Heavy infantry 10,800
A4_army_11_left.png	army_left	11	OK	Archers 2,100
A4_army_11_left.png	army_left	11	OK	Light cavalry 1,800
A4_army_11_left.png	army_left	11	OK	Heavy cavalry 1,800
A4_army_11_left.png	army_left	11	OK	Total troops 33,600
A4_army_11_left.png	army_left	11	OK	No. of units 8
A4_army_11_left.png	army_left	11	OK	Regulars cost 201 talents per quarter
A4_army_11_left.png	army_left	11	OK	Mercenary pay 79 talents per quarter
A4_army_11_right.png	army_right	11	OK	Army of Rome
A4_army_11_right.png	army_right	11	OK	Sarmatian Light infantry 8,700 average
A4_army_11_right.png	army_right	11	OK-OCR-fuzzy	'1st Foot Battalion Light infantry 8,400 average' ~ 'lst Foot Battalion Light infantry 8,400 average'
A4_army_11_right.png	army_right	11	OK-OCR-fuzzy	'1st Guards Battalion Heavy infantry 4,800 average' ~ 'lst Guards Battalion Heavy infantry 4,800 aver'
A4_army_11_right.png	army_right	11	OK-OCR-fuzzy	'2nd Guards Battalion Heavy infantry 6,000 average' ~ '2nd Guards Battalion Heavy infantry 6,000 aver'
A4_army_11_right.png	army_right	11	OK	Rhodian Archers 2,100 average
A4_army_11_right.png	army_right	11	OK-OCR-fuzzy	'1st Lancers Battalion Light cavalry 1,000 poor' ~ 'lst Lancers Battalion Light cavalry 1,000 poor'
A4_army_11_right.png	army_right	11	OK	Rhoxolani Light cavalry 800 good
A4_army_11_right.png	army_right	11	OK-OCR-fuzzy	'1st Dragoons Battalion Heavy cavalry 1,800 good' ~ '1st Dragoons Battalion Heavy cavalry 1,800 goc'
A4_army_12_left.png	army_left	12	OK	Army of Rome
A4_army_12_left.png	army_left	12	OK	Moves 3
A4_army_12_left.png	army_left	12	OK	Supply 588 tons (304%)
A4_army_12_left.png	army_left	12	OK	Morale excellent
A4_army_12_left.png	army_left	12	OK	Money 209 talents
A4_army_12_left.png	army_left	12	OK	Terrain Mountains
A4_army_12_left.png	army_left	12	OK	Light infantry 12,200
A4_army_12_left.png	army_left	12	OK	Heavy infantry 3,500
A4_army_12_left.png	army_left	12	OK	Archers 0
A4_army_12_left.png	army_left	12	OK	Light cavalry 2,800
A4_army_12_left.png	army_left	12	OK	Heavy cavalry 800
A4_army_12_left.png	army_left	12	OK	Total troops 19,300
A4_army_12_left.png	army_left	12	OK	No. of units 5
A4_army_12_left.png	army_left	12	OK	Regulars cost 77 talents per quarter
A4_army_12_left.png	army_left	12	OK	Mercenary pay 97 talents per quarter
A4_army_12_right.png	army_right	12	OK	Army of Rome
A4_army_12_right.png	army_right	12	OK	1st Foot Battalion Light infantry 5,800 average
A4_army_12_right.png	army_right	12	OK	2nd Foot Battalion Light infantry 6,400 good
A4_army_12_right.png	army_right	12	OK	Galatian Heavy infantry 3,500 good
A4_army_12_right.png	army_right	12	OK	Getai Light cavalry 2,800 average
A4_army_12_right.png	army_right	12	OK-OCR-fuzzy	'1st Dragoons Battalion Heavy cavalry 800 average' ~ '1st Dragoons Battalion Heavy cavalry 800 avera'
A4_army_13_left.png	army_left	13	OK	Army of Rome
A4_army_13_left.png	army_left	13	OK	Moves 6
A4_army_13_left.png	army_left	13	OK	Supply 861 tons (228%)
A4_army_13_left.png	army_left	13	OK	Morale
A4_army_13_left.png	army_left	13	OK	Money 226 talents
A4_army_13_left.png	army_left	13	OK	Terrain Plain
A4_army_13_left.png	army_left	13	OK	Light infantry 22,500
A4_army_13_left.png	army_left	13	OK	Heavy infantry 5,300
A4_army_13_left.png	army_left	13	OK	Archers 800
A4_army_13_left.png	army_left	13	OK	Light cavalry 8,200
A4_army_13_left.png	army_left	13	OK	Heavy cavalry 900
A4_army_13_left.png	army_left	13	OK	Total troops 37,700
A4_army_13_left.png	army_left	13	OK	No. of units 9
A4_army_13_left.png	army_left	13	OK	Regulars cost 141 talents per quarter
A4_army_13_left.png	army_left	13	OK	Mercenary pay 222 talents per quarter
A4_army_13_right.png	army_right	13	OK	Army of Rome
A4_army_13_right.png	army_right	13	OK-OCR-fuzzy	'1st Foot Battalion Light infantry 7,500 average' ~ 'lst Foot Battalion Light infantry 7,500 average'
A4_army_13_right.png	army_right	13	OK	2nd Foot Battalion Light infantry 6,900 average
A4_army_13_right.png	army_right	13	OK	Kardackian Light infantry 8,100 good
A4_army_13_right.png	army_right	13	OK-OCR-fuzzy	'1st Guards Battalion Heavy infantry 1,900 average' ~ 'lst Guards Battalion Heavy infantry 1,900 aver:'
A4_army_13_right.png	army_right	13	OK	Persian Heavy infantry 3,400 average
A4_army_13_right.png	army_right	13	OK	Sarmatian Archers 800 good
A4_army_13_right.png	army_right	13	OK-OCR-fuzzy	'1st Lancers Battalion Light cavalry 2,400 poor' ~ 'lst Lancers Battalion Light cavalry 2,400 poor'
A4_army_13_right.png	army_right	13	OK	Scythian Light cavalry 5,800 good
A4_army_13_right.png	army_right	13	OK-OCR-fuzzy	'1st Dragoons Battalion Heavy cavalry 900 average' ~ '1st Dragoons Battalion Heavy cavalry 900 avera'
A5_f5a_fleet2_left.png	fleet_left	2	OK	Fleet of Rome
A5_f5a_fleet2_left.png	fleet_left	2	OK	Moves 25
A5_f5a_fleet2_left.png	fleet_left	2	OK	Ships 30
A5_f5a_fleet2_left.png	fleet_left	2	OK	Repair 55%
A5_f5a_fleet2_left.png	fleet_left	2	OK	Supply 50 tons (20%)
A5_f5a_fleet2_left.png	fleet_left	2	OK	Money 123 talents
A5_f5a_fleet2_left.png	fleet_left	2	OK	Capacity 15,000 troops
A5_f5a_fleet2_left.png	fleet_left	2	OK	Sea calm
A5_f5a_fleet2_left.png	fleet_left	2	OK	Army
A5_f5a_fleet2_left.png	fleet_left	2	OK	Supply 0 tons (0%)
A5_f5a_fleet2_left.png	fleet_left	2	OK	Morale very low
A5_f5a_fleet2_left.png	fleet_left	2	OK	Money 100 talents
A5_f5a_fleet2_left.png	fleet_left	2	OK	Light infantry 4,800
A5_f5a_fleet2_left.png	fleet_left	2	OK	Heavy infantry 5,000
A5_f5a_fleet2_left.png	fleet_left	2	OK	Archers 0
A5_f5a_fleet2_left.png	fleet_left	2	OK	Light cavalry 900
A5_f5a_fleet2_left.png	fleet_left	2	OK	Heavy cavalry 0
A5_f5a_fleet2_left.png	fleet_left	2	OK	Total troops 10,700
A5_f5a_fleet2_left.png	fleet_left	2	OK	No. of units 3
A5_f5a_fleet2_left.png	fleet_left	2	OK	Regulars cost 86 talents per quarter
A5_f5a_fleet2_left.png	fleet_left	2	OK	Mercenary pay 0 talents per quarter
A5_f5a_fleet2_right.png	fleet_right	2	OK	Army of Rome
A5_f5a_fleet2_right.png	fleet_right	2	OK-OCR-fuzzy	'1st Foot Battalion Light infantry 4,800 average' ~ 'lst Foot Battalion Light infantry 4,800 average'
A5_f5a_fleet2_right.png	fleet_right	2	OK-OCR-fuzzy	'1st Guards Battalion Heavy infantry 5,000 very good' ~ '1st Guards Battalion Heavy infantry 5,000 very'
A5_f5a_fleet2_right.png	fleet_right	2	OK-OCR-fuzzy	'1st Lancers Battalion Light cavalry 900 average' ~ 'lst Lancers Battalion Light cavalry 900 average'
A5_f5a_fleet0_left.png	fleet_left	0	OK	Fleet of Carthage
A5_f5a_fleet0_left.png	fleet_left	0	OK	Moves
A5_f5a_fleet0_left.png	fleet_left	0	OK	Ships 90
A5_f5a_fleet0_left.png	fleet_left	0	OK	Repair
A5_f5a_fleet0_left.png	fleet_left	0	OK	Supply
A5_f5a_fleet0_left.png	fleet_left	0	OK	Money
A5_f5a_fleet0_left.png	fleet_left	0	OK	Capacity 45,000 troops
A5_f5a_fleet0_left.png	fleet_left	0	OK	Sea rough
A5_f5a_fleet0_right.png	fleet_right	0	OK	Fleet of Carthage
A5_f5a_fleet0_right.png	fleet_right	0	OK	Moves
A5_f5a_fleet0_right.png	fleet_right	0	OK	Ships 90
A5_f5a_fleet0_right.png	fleet_right	0	OK	Repair
A5_f5a_fleet0_right.png	fleet_right	0	OK	Supply
A5_f5a_fleet0_right.png	fleet_right	0	OK	Money
A5_f5a_fleet0_right.png	fleet_right	0	OK	Capacity 45,000 troops
A5_f5a_fleet0_right.png	fleet_right	0	OK	Sea rough
A5_f5a_fleet1_left.png	fleet_left	1	OK	Fleet of Ptolemaic
A5_f5a_fleet1_left.png	fleet_left	1	OK	Moves
A5_f5a_fleet1_left.png	fleet_left	1	OK	Ships 70
A5_f5a_fleet1_left.png	fleet_left	1	OK	Repair
A5_f5a_fleet1_left.png	fleet_left	1	OK	Supply
A5_f5a_fleet1_left.png	fleet_left	1	OK	Money
A5_f5a_fleet1_left.png	fleet_left	1	OK	Capacity 35,000 troops
A5_f5a_fleet1_left.png	fleet_left	1	OK	Sea rough
A5_f5a_fleet1_right.png	fleet_right	1	OK	Fleet of Ptolemaic
A5_f5a_fleet1_right.png	fleet_right	1	OK	Moves
A5_f5a_fleet1_right.png	fleet_right	1	OK	Ships 70
A5_f5a_fleet1_right.png	fleet_right	1	OK	Repair
A5_f5a_fleet1_right.png	fleet_right	1	OK	Supply
A5_f5a_fleet1_right.png	fleet_right	1	OK	Money
A5_f5a_fleet1_right.png	fleet_right	1	OK	Capacity 35,000 troops
A5_f5a_fleet1_right.png	fleet_right	1	OK	Sea rough
A5_f5b_fleet2_left.png	fleet_left	2	OK	Fleet of Rome
A5_f5b_fleet2_left.png	fleet_left	2	OK	Moves 7
A5_f5b_fleet2_left.png	fleet_left	2	OK	Ships 100
A5_f5b_fleet2_left.png	fleet_left	2	OK	Repair 100%
A5_f5b_fleet2_left.png	fleet_left	2	OK	Supply 800 tons (100%)
A5_f5b_fleet2_left.png	fleet_left	2	OK	Money 5000 talents
A5_f5b_fleet2_left.png	fleet_left	2	OK	Capacity 50,000 troops
A5_f5b_fleet2_left.png	fleet_left	2	OK	Sea rough
A5_f5b_fleet2_left.png	fleet_left	2	OK	Army
A5_f5b_fleet2_left.png	fleet_left	2	OK	Supply 0 tons (0%)
A5_f5b_fleet2_left.png	fleet_left	2	OK	Morale very low
A5_f5b_fleet2_left.png	fleet_left	2	OK	Money 100 talents
A5_f5b_fleet2_left.png	fleet_left	2	OK	Light infantry 4,800
A5_f5b_fleet2_left.png	fleet_left	2	OK	Heavy infantry 5,000
A5_f5b_fleet2_left.png	fleet_left	2	OK	Archers 0
A5_f5b_fleet2_left.png	fleet_left	2	OK	Light cavalry 900
A5_f5b_fleet2_left.png	fleet_left	2	OK	Heavy cavalry 0
A5_f5b_fleet2_left.png	fleet_left	2	OK	Total troops 10,700
A5_f5b_fleet2_left.png	fleet_left	2	OK	No. of units 3
A5_f5b_fleet2_left.png	fleet_left	2	OK	Regulars cost 86 talents per quarter
A5_f5b_fleet2_left.png	fleet_left	2	OK	Mercenary pay 0 talents per quarter
A5_f5b_fleet2_right.png	fleet_right	2	OK	Army of Rome
A5_f5b_fleet2_right.png	fleet_right	2	OK-OCR-fuzzy	'1st Foot Battalion Light infantry 4,800 average' ~ 'lst Foot Battalion Light infantry 4,800 average'
A5_f5b_fleet2_right.png	fleet_right	2	OK-OCR-fuzzy	'1st Guards Battalion Heavy infantry 5,000 very good' ~ '1st Guards Battalion Heavy infantry 5,000 very'
A5_f5b_fleet2_right.png	fleet_right	2	OK-OCR-fuzzy	'1st Lancers Battalion Light cavalry 900 average' ~ 'lst Lancers Battalion Light cavalry 900 average'
A5_f5b_fleet0_left.png	fleet_left	0	OK	Fleet of Carthage
A5_f5b_fleet0_left.png	fleet_left	0	OK	Moves
A5_f5b_fleet0_left.png	fleet_left	0	OK	Ships 10
A5_f5b_fleet0_left.png	fleet_left	0	OK	Repair
A5_f5b_fleet0_left.png	fleet_left	0	OK	Supply
A5_f5b_fleet0_left.png	fleet_left	0	OK	Money
A5_f5b_fleet0_left.png	fleet_left	0	OK	Capacity 5,000 troops
A5_f5b_fleet0_left.png	fleet_left	0	OK	Sea rough
A5_f5b_fleet0_right.png	fleet_right	0	OK	Fleet of Carthage
A5_f5b_fleet0_right.png	fleet_right	0	OK	Moves
A5_f5b_fleet0_right.png	fleet_right	0	OK	Ships 10
A5_f5b_fleet0_right.png	fleet_right	0	OK	Repair
A5_f5b_fleet0_right.png	fleet_right	0	OK	Supply
A5_f5b_fleet0_right.png	fleet_right	0	OK	Money
A5_f5b_fleet0_right.png	fleet_right	0	OK	Capacity 5,000 troops
A5_f5b_fleet0_right.png	fleet_right	0	OK	Sea rough
A5_f5b_fleet1_left.png	fleet_left	1	OK	Fleet of Ptolemaic
A5_f5b_fleet1_left.png	fleet_left	1	OK	Moves
A5_f5b_fleet1_left.png	fleet_left	1	OK	Ships 70
A5_f5b_fleet1_left.png	fleet_left	1	OK	Repair
A5_f5b_fleet1_left.png	fleet_left	1	OK	Supply
A5_f5b_fleet1_left.png	fleet_left	1	OK	Money
A5_f5b_fleet1_left.png	fleet_left	1	OK	Capacity 35,000 troops
A5_f5b_fleet1_left.png	fleet_left	1	OK	Sea calm
A5_f5b_fleet1_right.png	fleet_right	1	OK	Fleet of Ptolemaic
A5_f5b_fleet1_right.png	fleet_right	1	OK	Moves
A5_f5b_fleet1_right.png	fleet_right	1	OK	Ships 70
A5_f5b_fleet1_right.png	fleet_right	1	OK	Repair
A5_f5b_fleet1_right.png	fleet_right	1	OK	Supply
A5_f5b_fleet1_right.png	fleet_right	1	OK	Money
A5_f5b_fleet1_right.png	fleet_right	1	OK	Capacity 35,000 troops
A5_f5b_fleet1_right.png	fleet_right	1	OK	Sea calm
A5_f5c_fleet0_left.png	fleet_left	0	OK	Fleet of Carthage
A5_f5c_fleet0_left.png	fleet_left	0	OK	Moves
A5_f5c_fleet0_left.png	fleet_left	0	OK	Ships 90
A5_f5c_fleet0_left.png	fleet_left	0	OK	Repair
A5_f5c_fleet0_left.png	fleet_left	0	OK	Supply
A5_f5c_fleet0_left.png	fleet_left	0	OK	Money
A5_f5c_fleet0_left.png	fleet_left	0	OK	Capacity 45,000 troops
A5_f5c_fleet0_left.png	fleet_left	0	OK	Sea calm
A5_f5c_fleet0_left.png	fleet_left	0	OK	Army
A5_f5c_fleet0_left.png	fleet_left	0	OK	Supply
A5_f5c_fleet0_left.png	fleet_left	0	OK	Morale
A5_f5c_fleet0_left.png	fleet_left	0	OK	Money
A5_f5c_fleet0_left.png	fleet_left	0	OK	Light infantry 4,800
A5_f5c_fleet0_left.png	fleet_left	0	OK	Heavy infantry 14,000
A5_f5c_fleet0_left.png	fleet_left	0	OK	Archers 2,700
A5_f5c_fleet0_left.png	fleet_left	0	OK	Light cavalry 0
A5_f5c_fleet0_left.png	fleet_left	0	OK	Heavy cavalry 3,100
A5_f5c_fleet0_left.png	fleet_left	0	OK	Total troops 24,600
A5_f5c_fleet0_right.png	fleet_right	0	OK	Fleet of Carthage
A5_f5c_fleet0_right.png	fleet_right	0	OK	Moves
A5_f5c_fleet0_right.png	fleet_right	0	OK	Ships 90
A5_f5c_fleet0_right.png	fleet_right	0	OK	Repair
A5_f5c_fleet0_right.png	fleet_right	0	OK	Supply
A5_f5c_fleet0_right.png	fleet_right	0	OK	Money
A5_f5c_fleet0_right.png	fleet_right	0	OK	Capacity 45,000 troops
A5_f5c_fleet0_right.png	fleet_right	0	OK	Sea calm
A5_f5c_fleet0_right.png	fleet_right	0	OK	Army
A5_f5c_fleet0_right.png	fleet_right	0	OK	Supply
A5_f5c_fleet0_right.png	fleet_right	0	OK	Morale
A5_f5c_fleet0_right.png	fleet_right	0	OK	Money
A5_f5c_fleet0_right.png	fleet_right	0	OK	Light infantry 4,800
A5_f5c_fleet0_right.png	fleet_right	0	OK	Heavy infantry 14,000
A5_f5c_fleet0_right.png	fleet_right	0	OK	Archers 2,700
A5_f5c_fleet0_right.png	fleet_right	0	OK	Light cavalry 0
A5_f5c_fleet0_right.png	fleet_right	0	OK	Heavy cavalry 3,100
A5_f5c_fleet0_right.png	fleet_right	0	OK	Total troops 24,600
A5_f5c_fleet2_left.png	fleet_left	2	OK	Fleet of Rome
A5_f5c_fleet2_left.png	fleet_left	2	OK	Moves 0
A5_f5c_fleet2_left.png	fleet_left	2	OK	Ships 30
A5_f5c_fleet2_left.png	fleet_left	2	OK	Repair 100%
A5_f5c_fleet2_left.png	fleet_left	2	OK	Supply 50 tons (20%)
A5_f5c_fleet2_left.png	fleet_left	2	OK	Money 0 talents
A5_f5c_fleet2_left.png	fleet_left	2	OK	Capacity 15,000 troops
A5_f5c_fleet2_left.png	fleet_left	2	OK	Sea calm
A5_f5c_fleet2_right.png	fleet_right	2	OK	Fleet of Rome
A5_f5c_fleet2_right.png	fleet_right	2	OK	Moves 0
A5_f5c_fleet2_right.png	fleet_right	2	OK	Ships 30
A5_f5c_fleet2_right.png	fleet_right	2	OK	Repair 100%
A5_f5c_fleet2_right.png	fleet_right	2	OK	Supply 50 tons (20%)
A5_f5c_fleet2_right.png	fleet_right	2	OK	Money 0 talents
A5_f5c_fleet2_right.png	fleet_right	2	OK	Capacity 15,000 troops
A5_f5c_fleet2_right.png	fleet_right	2	OK	Sea calm
A5_foreign_army2_left.png	army_foreign_left	2	OK	Army of Carthage
A5_foreign_army2_left.png	army_foreign_left	2	OK	Moves
A5_foreign_army2_left.png	army_foreign_left	2	OK	Supply
A5_foreign_army2_left.png	army_foreign_left	2	OK	Morale
A5_foreign_army2_left.png	army_foreign_left	2	OK	Money
A5_foreign_army2_left.png	army_foreign_left	2	OK	Terrain Plain
A5_foreign_army2_left.png	army_foreign_left	2	OK	Light infantry 16,800
A5_foreign_army2_left.png	army_foreign_left	2	OK	Heavy infantry 12,700
A5_foreign_army2_left.png	army_foreign_left	2	OK	Archers 0
A5_foreign_army2_left.png	army_foreign_left	2	OK	Light cavalry 1,200
A5_foreign_army2_left.png	army_foreign_left	2	OK	Heavy cavalry 3,200
A5_foreign_army2_left.png	army_foreign_left	2	OK	Total troops 33,900
A5_foreign_army2_right.png	army_foreign_right	2	OK	Army of Carthage
A5_foreign_army2_right.png	army_foreign_right	2	OK	Moves
A5_foreign_army2_right.png	army_foreign_right	2	OK	Supply
A5_foreign_army2_right.png	army_foreign_right	2	OK	Morale
A5_foreign_army2_right.png	army_foreign_right	2	OK	Money
A5_foreign_army2_right.png	army_foreign_right	2	OK	Terrain Plain
A5_foreign_army2_right.png	army_foreign_right	2	OK	Light infantry 16,800
A5_foreign_army2_right.png	army_foreign_right	2	OK	Heavy infantry 12,700
A5_foreign_army2_right.png	army_foreign_right	2	OK	Archers 0
A5_foreign_army2_right.png	army_foreign_right	2	OK	Light cavalry 1,200
A5_foreign_army2_right.png	army_foreign_right	2	OK	Heavy cavalry 3,200
A5_foreign_army2_right.png	army_foreign_right	2	OK	Total troops 33,900
A5_foreign_army7_left.png	army_foreign_left	7	OK	Army of Ptolemaic
A5_foreign_army7_left.png	army_foreign_left	7	OK	Moves
A5_foreign_army7_left.png	army_foreign_left	7	OK	Supply
A5_foreign_army7_left.png	army_foreign_left	7	OK	Morale
A5_foreign_army7_left.png	army_foreign_left	7	OK	Money
A5_foreign_army7_left.png	army_foreign_left	7	OK	Terrain Plain
A5_foreign_army7_left.png	army_foreign_left	7	OK	Light infantry 48,730
A5_foreign_army7_left.png	army_foreign_left	7	OK	Heavy infantry 9,500
A5_foreign_army7_left.png	army_foreign_left	7	OK	Archers 1,200
A5_foreign_army7_left.png	army_foreign_left	7	OK	Light cavalry 1,700
A5_foreign_army7_left.png	army_foreign_left	7	OK	Heavy cavalry 2,900
A5_foreign_army7_left.png	army_foreign_left	7	OK	Total troops 64,030
A5_foreign_army7_right.png	army_foreign_right	7	OK	Army of Ptolemaic
A5_foreign_army7_right.png	army_foreign_right	7	OK	Moves
A5_foreign_army7_right.png	army_foreign_right	7	OK	Supply
A5_foreign_army7_right.png	army_foreign_right	7	OK	Morale
A5_foreign_army7_right.png	army_foreign_right	7	OK	Money
A5_foreign_army7_right.png	army_foreign_right	7	OK	Terrain Plain
A5_foreign_army7_right.png	army_foreign_right	7	OK	Light infantry 48,730
A5_foreign_army7_right.png	army_foreign_right	7	OK	Heavy infantry 9,500
A5_foreign_army7_right.png	army_foreign_right	7	OK	Archers 1,200
A5_foreign_army7_right.png	army_foreign_right	7	OK	Light cavalry 1,700
A5_foreign_army7_right.png	army_foreign_right	7	OK	Heavy cavalry 2,900
A5_foreign_army7_right.png	army_foreign_right	7	OK	Total troops 64,030
A5_foreign_army4_left.png	army_foreign_left	4	OK	Army of Seleucid
A5_foreign_army4_left.png	army_foreign_left	4	OK	Moves
A5_foreign_army4_left.png	army_foreign_left	4	OK	Supply
A5_foreign_army4_left.png	army_foreign_left	4	OK	Morale
A5_foreign_army4_left.png	army_foreign_left	4	OK	Money
A5_foreign_army4_left.png	army_foreign_left	4	OK	Terrain Plain
A5_foreign_army4_left.png	army_foreign_left	4	OK	Light infantry 22,540
A5_foreign_army4_left.png	army_foreign_left	4	OK	Heavy infantry 6,900
A5_foreign_army4_left.png	army_foreign_left	4	OK	Archers 4,280
A5_foreign_army4_left.png	army_foreign_left	4	OK	Light cavalry 1,480
A5_foreign_army4_left.png	army_foreign_left	4	OK	Heavy cavalry 2,000
A5_foreign_army4_left.png	army_foreign_left	4	OK	Total troops 37,200
A5_foreign_army4_right.png	army_foreign_right	4	OK	Army of Seleucid
A5_foreign_army4_right.png	army_foreign_right	4	OK	Moves
A5_foreign_army4_right.png	army_foreign_right	4	OK	Supply
A5_foreign_army4_right.png	army_foreign_right	4	OK	Morale
A5_foreign_army4_right.png	army_foreign_right	4	OK	Money
A5_foreign_army4_right.png	army_foreign_right	4	OK	Terrain Plain
A5_foreign_army4_right.png	army_foreign_right	4	OK	Light infantry 22,540
A5_foreign_army4_right.png	army_foreign_right	4	OK	Heavy infantry 6,900
A5_foreign_army4_right.png	army_foreign_right	4	OK	Archers 4,280
A5_foreign_army4_right.png	army_foreign_right	4	OK	Light cavalry 1,480
A5_foreign_army4_right.png	army_foreign_right	4	OK	Heavy cavalry 2,000
A5_foreign_army4_right.png	army_foreign_right	4	OK	Total troops 37,200
A6_army0_right.png	army_right	0	OK	Army of Rome
A6_army0_right.png	army_right	0	OK	Test unit 0 Light infantry 1,000 not ready
A6_army0_right.png	army_right	0	OK	Test unit 1 Heavy infantry 1,100 not ready
A6_army0_right.png	army_right	0	OK	Test unit 2 Archers 1,200 not ready
A6_army0_right.png	army_right	0	OK-OCR-fuzzy	'Test unit 3 Light cavalry 1,300 not ready' ~ 'Test unit 3. Light cavalry 1,300 not ready'
A6_army0_right.png	army_right	0	OK	Test unit 4 Heavy cavalry 1,400 very poor
A6_army0_right.png	army_right	0	OK-OCR-fuzzy	'Test unit 5 Light infantry 1,500 poor' ~ 'Test unit5 Light infantry 1,500 poor'
A6_army0_right.png	army_right	0	OK	Test unit 6 Heavy infantry 1,600 average
A6_army0_right.png	army_right	0	OK	Test unit 7 Archers 1,700 good
A6_army0_right.png	army_right	0	OK	Test unit 8 Light cavalry 1,800 very good
A6_army0_right.png	army_right	0	OK-OCR-fuzzy	'Test unit 9 Heavy cavalry 1,900 elite' ~ 'Test unit9 Heavy cavalry 1,900 elite'
A6_army0_right.png	army_right	0	OK	Test unit 10 Light infantry 2,000
A6_army0_right.png	army_right	0	OK	Test unit 11 Heavy infantry 2,100
A6_army0_right_scrolled.png	army_right_scrolled	0	OK	Light infantry 1,000 not ready
A6_army0_right_scrolled.png	army_right_scrolled	0	OK	Heavy infantry 1,100 not ready
A6_army0_right_scrolled.png	army_right_scrolled	0	OK	Archers 1,200 not ready
A6_army0_right_scrolled.png	army_right_scrolled	0	OK	Light cavalry 1,300 not ready
A6_army0_right_scrolled.png	army_right_scrolled	0	OK	Heavy cavalry 1,400 very poor
A6_army0_right_scrolled.png	army_right_scrolled	0	OK	Light infantry 1,500 poor
A6_army0_right_scrolled.png	army_right_scrolled	0	OK	Heavy infantry 1,600 average
A6_army0_right_scrolled.png	army_right_scrolled	0	OK	Archers 1,700 good
A6_army0_right_scrolled.png	army_right_scrolled	0	OK	Light cavalry 1,800 very good
A6_army0_right_scrolled.png	army_right_scrolled	0	OK	Heavy cavalry 1,900 elite
A6_army0_right_scrolled.png	army_right_scrolled	0	OK	Light infantry 2,000
A6_army0_right_scrolled.png	army_right_scrolled	0	OK	Heavy infantry 2,100
A6_army0_left.png	army_left	0	OK	Army of Rome
A6_army0_left.png	army_left	0	OK	Moves 8
A6_army0_left.png	army_left	0	OK	Supply 170 tons (91%)
A6_army0_left.png	army_left	0	OK	Morale very high
A6_army0_left.png	army_left	0	OK	Money 100 talents
A6_army0_left.png	army_left	0	OK	Terrain Plain
A6_army0_left.png	army_left	0	OK	Light infantry 4,500
A6_army0_left.png	army_left	0	OK	Heavy infantry 4,800
A6_army0_left.png	army_left	0	OK	Archers 2,900
A6_army0_left.png	army_left	0	OK	Light cavalry 3,100
A6_army0_left.png	army_left	0	OK	Heavy cavalry 3,300
A6_army0_left.png	army_left	0	OK	Total troops 18,600
A6_army0_left.png	army_left	0	OK	No. of units 12
A6_army0_left.png	army_left	0	OK	Regulars cost 191 talents per quarter
A6_army0_left.png	army_left	0	OK	Mercenary pay 0 talents per quarter
A6_army1_right.png	army_right	1	OK	Army of Rome
A6_army1_right.png	army_right	1	OK	2nd Foot Battalion Light infantry 4,100 average
A6_army1_right_scrolled.png	army_right_scrolled	1	OK	Light infantry 4,100 average
A6_army1_left.png	army_left	1	OK	Army of Rome
A6_army1_left.png	army_left	1	OK	Moves 8
A6_army1_left.png	army_left	1	OK	Supply 176 tons (106%)
A6_army1_left.png	army_left	1	OK	Morale very high
A6_army1_left.png	army_left	1	OK	Money 100 talents
A6_army1_left.png	army_left	1	OK	Terrain Plain
A6_army1_left.png	army_left	1	OK	Light infantry 4,100
A6_army1_left.png	army_left	1	OK	Heavy infantry 9,100
A6_army1_left.png	army_left	1	OK	Archers 0
A6_army1_left.png	army_left	1	OK	Light cavalry 1,500
A6_army1_left.png	army_left	1	OK	Heavy cavalry 1,800
A6_army1_left.png	army_left	1	OK	Total troops 16,500
A6_army1_left.png	army_left	1	OK	No. of units 6
A6_army1_left.png	army_left	1	OK	Regulars cost 167 talents per quarter
A6_army1_left.png	army_left	1	OK	Mercenary pay 0 talents per quarter
A6_merc_rome.png	merc_list	85	OK	Mercenaries at Rome
A6_merc_rome_scrolled.png	merc_list_scrolled	85	OK-OCR-fuzzy	'Light infantry 1,500 very poor' ~ 'Celtiberian Lightinfantry 1,500 very poor'
A6_merc_rome_scrolled.png	merc_list_scrolled	85	OK	Archers 800 elite
A6_merc_rome_scrolled.png	merc_list_scrolled	85	OK	Heavy cavalry 0 not ready
A6_merc_carthago.png	merc_list	72	OK	Mercenaries at Carthago
A6_merc_carthago_scrolled.png	merc_list_scrolled	72	OK	Light cavalry 2,500 very good
A6_merc_carthago_scrolled.png	merc_list_scrolled	72	OK	Heavy infantry 6,000 very good
A6_merc_capua.png	merc_list	100	OK	There are no mercenaries at Capua
A6_city097_Cales.png	city_own	97	OK	City Cales (capital of Rome)
A6_city097_Cales.png	city_own	97	OK	Controlled by Rome
A6_city097_Cales.png	city_own	97	OK	Allegiance to Rome
A6_city097_Cales.png	city_own	97	OK	Population 28,000 (100%)
A6_city097_Cales.png	city_own	97	OK	Loyalty high
A6_city097_Cales.png	city_own	97	OK	Fortification 51%
A6_city097_Cales.png	city_own	97	OK	Tribute 11 talents
A6_city097_Cales.png	city_own	97	OK	Supply 123 tons
A6_nation01_Carthage.png	nation	1	OK	Nation Carthage
A6_nation01_Carthage.png	nation	1	OK	Leader Agis
A6_nation01_Carthage.png	nation	1	OK	Capital Cales
A6_nation01_Carthage.png	nation	1	OK	Cities 34
A6_nation01_Carthage.png	nation	1	OK	Population 4,821,000
A6_nation01_Carthage.png	nation	1	OK	Unity high
A6_nation01_Carthage.png	nation	1	OK	Tax rate 5%
A6_nation01_Carthage.png	nation	1	OK	INTERNATIONAL RELATIONS
A6_nation01_Carthage.png	nation	1	OK	Rome
A6_nation01_Carthage.png	nation	1	OK	Seleucid trade
A6_nation01_Carthage.png	nation	1	OK	Ptolemaic
A6_nation01_Carthage.png	nation	1	OK	Macedonia
A6_nation01_Carthage.png	nation	1	OK	Numidia ally
A6_nation01_Carthage.png	nation	1	OK	Gaul
A6_nation01_Carthage.png	nation	1	OK	Greece trade
A6_nation01_Carthage.png	nation	1	OK	Celtiberia war
A6_nation01_Carthage.png	nation	1	OK	Illyria
A6_nation01_Carthage.png	nation	1	OK	Dacia
A6_nation01_Carthage.png	nation	1	OK	Bithynia
A6_nation01_Carthage.png	nation	1	OK	Galatia
A6_nation01_Carthage.png	nation	1	OK	Armenia
A6_nation01_Carthage.png	nation	1	OK	Media
A6_nation01_Carthage.png	nation	1	OK	Thracia trade
