png	seen	reason	checked_by_eye
A4_army_00_right.png	(<j >)	the horizontal scroll bar (arrow glyphs) at the bottom of the 330x730 crop, read by the OCR as text; not panel content	bottom strip in eye_corrections_r2.png (batch 4)
A4_army_01_right.png	<j] >|	the horizontal scroll bar (arrow glyphs) at the bottom of the 330x730 crop, read by the OCR as text; not panel content	bottom strip in eye_corrections_r2.png (batch 4)
A4_army_02_right.png	>|	the horizontal scroll bar (arrow glyphs) at the bottom of the 330x730 crop, read by the OCR as text; not panel content	bottom strip in eye_corrections_r2.png (batch 4)
A4_army_02_right.png	i<}	the horizontal scroll bar (arrow glyphs) at the bottom of the 330x730 crop, read by the OCR as text; not panel content	bottom strip in eye_corrections_r2.png (batch 4)
A4_army_03_right.png	<j] >|	the horizontal scroll bar (arrow glyphs) at the bottom of the 330x730 crop, read by the OCR as text; not panel content	bottom strip in eye_corrections_r2.png (batch 4)
A4_army_04_right.png	(<j >)	the horizontal scroll bar (arrow glyphs) at the bottom of the 330x730 crop, read by the OCR as text; not panel content	bottom strip in eye_corrections_r2.png (batch 4)
A4_army_05_right.png	<j] >|	the horizontal scroll bar (arrow glyphs) at the bottom of the 330x730 crop, read by the OCR as text; not panel content	bottom strip in eye_corrections_r2.png (batch 4)
A4_army_06_right.png	i<j >)	the horizontal scroll bar (arrow glyphs) at the bottom of the 330x730 crop, read by the OCR as text; not panel content	bottom strip in eye_corrections_r2.png (batch 4)
A4_army_07_right.png	i<j >|	the horizontal scroll bar (arrow glyphs) at the bottom of the 330x730 crop, read by the OCR as text; not panel content	bottom strip in eye_corrections_r2.png (batch 4)
A4_army_08_right.png	(<j >|	the horizontal scroll bar (arrow glyphs) at the bottom of the 330x730 crop, read by the OCR as text; not panel content	bottom strip in eye_corrections_r2.png (batch 4)
A4_army_09_right.png	i<j >)	the horizontal scroll bar (arrow glyphs) at the bottom of the 330x730 crop, read by the OCR as text; not panel content	bottom strip in eye_corrections_r2.png (batch 4)
A4_army_10_right.png	i<j >|	the horizontal scroll bar (arrow glyphs) at the bottom of the 330x730 crop, read by the OCR as text; not panel content	bottom strip in eye_corrections_r2.png (batch 4)
A4_army_11_right.png	i<j >)	the horizontal scroll bar (arrow glyphs) at the bottom of the 330x730 crop, read by the OCR as text; not panel content	bottom strip in eye_corrections_r2.png (batch 4)
A4_army_12_right.png	(<j >|	the horizontal scroll bar (arrow glyphs) at the bottom of the 330x730 crop, read by the OCR as text; not panel content	bottom strip in eye_corrections_r2.png (batch 4)
A4_army_13_right.png	(<j >)	the horizontal scroll bar (arrow glyphs) at the bottom of the 330x730 crop, read by the OCR as text; not panel content	bottom strip in eye_corrections_r2.png (batch 4)
A5_f5a_fleet2_right.png	(<j >)	the horizontal scroll bar (arrow glyphs) at the bottom of the 330x730 crop, read by the OCR as text; not panel content	bottom strip in eye_corrections_r2.png (batch 4)
A5_f5b_fleet2_right.png	(<j >)	the horizontal scroll bar (arrow glyphs) at the bottom of the 330x730 crop, read by the OCR as text; not panel content	bottom strip in eye_corrections_r2.png (batch 4)
