png	panel_line	expected	seen	reason	checked_by_eye
A2_city_026_Helice.png	2	Allegiance to Celtiberia	Allegiance to _—Celtiberia	OCR inserts "_-" before the name; the shot shows the clean name	eye_corrections.png (contact sheet of these rows, artifacts release batch 3)
A2_city_035_Cissa.png	2	Allegiance to Celtiberia	Allegiance to _—Celtiberia	OCR inserts "_-" before the name; the shot shows the clean name	eye_corrections.png (contact sheet of these rows, artifacts release batch 3)
A3_nation_00_Rome.png	26	( Thracia conquerred by Seleucid )	( Thracia conquerred by Seleucid }	OCR reads the closing ")" of the red conquered row as "}"; the shot shows ")"	eye_corrections.png (contact sheet of these rows, artifacts release batch 3)
A3_nation_01_Carthage.png	21	Dacia	Dacia ’	REAL game output, not an OCR error: relation value 100 (>= 6) makes the game print a stray "," from memory outside the word tables (city-table bytes), which the model does not cover	eye_corrections.png (contact sheet of these rows, artifacts release batch 3)
A3_nation_01_Carthage.png	26	( Thracia conquerred by Seleucid )	( Thracia conquerred by Seleucid }	OCR reads the closing ")" of the red conquered row as "}"; the shot shows ")"	eye_corrections.png (contact sheet of these rows, artifacts release batch 3)
A3_nation_02_Seleucid.png	26	( Thracia conquerred by Seleucid )	( Thracia conquerred by Seleucid }	OCR reads the closing ")" of the red conquered row as "}"; the shot shows ")"	eye_corrections.png (contact sheet of these rows, artifacts release batch 3)
A3_nation_03_Ptolemaic.png	26	( Thracia conquerred by Seleucid )	( Thracia conquerred by Seleucid }	OCR reads the closing ")" of the red conquered row as "}"; the shot shows ")"	eye_corrections.png (contact sheet of these rows, artifacts release batch 3)
A3_nation_04_Macedonia.png	26	( Thracia conquerred by Seleucid )	( Thracia conquerred by Seleucid }	OCR reads the closing ")" of the red conquered row as "}"; the shot shows ")"	eye_corrections.png (contact sheet of these rows, artifacts release batch 3)
A3_nation_05_Numidia.png	26	( Thracia conquerred by Seleucid )	( Thracia conquerred by Seleucid }	OCR reads the closing ")" of the red conquered row as "}"; the shot shows ")"	eye_corrections.png (contact sheet of these rows, artifacts release batch 3)
A3_nation_06_Gaul.png	26	( Thracia conquerred by Seleucid )	( Thracia conquerred by Seleucid }	OCR reads the closing ")" of the red conquered row as "}"; the shot shows ")"	eye_corrections.png (contact sheet of these rows, artifacts release batch 3)
A3_nation_07_Greece.png	4	Population 2,147,483,647	Population 2,147,483,647a'TN»C	REAL game output: a population of 2,147,483,647 (>= 10^9) prints junk glyphs after the digits (12-char field overflow); not a reachable value, not modelled	eye_corrections.png (contact sheet of these rows, artifacts release batch 3)
A3_nation_07_Greece.png	26	( Thracia conquerred by Seleucid )	( Thracia conquerred by Seleucid }	OCR reads the closing ")" of the red conquered row as "}"; the shot shows ")"	eye_corrections.png (contact sheet of these rows, artifacts release batch 3)
A3_nation_08_Celtiberia.png	26	( Thracia conquerred by Seleucid )	( Thracia conquerred by Seleucid }	OCR reads the closing ")" of the red conquered row as "}"; the shot shows ")"	eye_corrections.png (contact sheet of these rows, artifacts release batch 3)
A3_nation_08_Celtiberia.v2.png	26	( Thracia conquerred by Seleucid )	( Thracia conquerred by Seleucid }	OCR reads the closing ")" of the red conquered row as "}"; the shot shows ")"	eye_corrections.png (contact sheet of these rows, artifacts release batch 3)
A3_nation_09_Illyria.v2.png	26	( Thracia conquerred by Seleucid )	( Thracia conquerred by Seleucid }	OCR reads the closing ")" of the red conquered row as "}"; the shot shows ")"	eye_corrections.png (contact sheet of these rows, artifacts release batch 3)
A3_nation_10_Dacia.v2.png	26	( Thracia conquerred by Seleucid )	( Thracia conquerred by Seleucid }	OCR reads the closing ")" of the red conquered row as "}"; the shot shows ")"	eye_corrections.png (contact sheet of these rows, artifacts release batch 3)
A3_nation_11_Bithynia.v2.png	26	( Thracia conquerred by Seleucid )	( Thracia conquerred by Seleucid }	OCR reads the closing ")" of the red conquered row as "}"; the shot shows ")"	eye_corrections.png (contact sheet of these rows, artifacts release batch 3)
A3_nation_12_Galatia.v2.png	26	( Thracia conquerred by Seleucid )	( Thracia conquerred by Seleucid }	OCR reads the closing ")" of the red conquered row as "}"; the shot shows ")"	eye_corrections.png (contact sheet of these rows, artifacts release batch 3)
A3_nation_13_Armenia.v2.png	26	( Thracia conquerred by Seleucid )	( Thracia conquerred by Seleucid }	OCR reads the closing ")" of the red conquered row as "}"; the shot shows ")"	eye_corrections.png (contact sheet of these rows, artifacts release batch 3)
A3_nation_14_Media.v2.png	26	( Thracia conquerred by Seleucid )	( Thracia conquerred by Seleucid }	OCR reads the closing ")" of the red conquered row as "}"; the shot shows ")"	eye_corrections.png (contact sheet of these rows, artifacts release batch 3)
A6_army0_right.png	4	Test unit 3 Light cavalry 1,300 not ready	Test unit 3. Light cavalry 1,300 not ready	OCR inserts a "." after "3"; the shot shows "Test unit 3  Light cavalry"	eye_corrections.png (contact sheet of these rows, artifacts release batch 3)
A6_army0_right_scrolled.png	4	Test unit 3 Light cavalry 1,300 not ready	Test unit 3. Light cavalry 1,300 not ready	OCR inserts a "." after "3"; the shot shows "Test unit 3  Light cavalry"	eye_corrections.png (contact sheet of these rows, artifacts release batch 3)
