trial,cell,seed,answer_plan,build,box_opened,winner,loser_unity,loser_cities,armies_W,armies_L,armies_W_lt_L,unity_gt_500,cities_gt_7,preconditions_pass,box_title,buttons,answered,clicks,closed,box_text,dialog_shot,battle_ended_shot,pre_sha12,randseed_loaded,post_save,pre_snap,seconds_load,start_save
loss_s1_capture_r1,loss,1,capture,normal,True,Gaul,856,30,12992,32743,True,True,True,True,Offer of peace,No/Yes,No,3,True,"‘After defeating you in battle Gaul are willing to end their war with you, if you agree to the terms below. ‘An honourable peace with no reparations or penalt If the peace terms are acceptable click YES. ‘Otherwise to continue the war click NO. We",loss_s1_capture_r1_dialog-Offer_of_peace-1791142239.png,loss_s1_capture_r1_battle-ended.png,34a8a3aa1a16,2395332355,loss_s1_capture_r1_post.SAV,loss_s1_capture_r1_pre.snap.gz,20.2,loss_start.SAV
loss_s1_survey_r1,loss,1,capture,normal,True,Gaul,856,30,12992,32743,True,True,True,True,Offer of peace,No/Yes,No,2,True,"‘After defeating you in battle Gaul are willing to end their war with you, if you agree to the terms below. ‘An honourable peace with no reparations or penalt If the peace terms are acceptable click YES. ‘Otherwise to continue the war click NO. We",loss_s1_survey_r1_dialog-Offer_of_peace-1791142747.png,loss_s1_survey_r1_battle-ended.png,34a8a3aa1a16,2395332355,loss_s1_survey_r1_post.SAV,loss_s1_survey_r1_pre.snap.gz,20.2,loss_start.SAV
loss_s2_survey_r1,loss,2,capture,normal,False,Gaul,856,30,13050,32743,True,True,True,True,,,,,,,,loss_s2_survey_r1_battle-ended.png,8a619af98ce1,4107957490,loss_s2_survey_r1_post.SAV,loss_s2_survey_r1_pre.snap.gz,20.2,loss_start.SAV
loss_s3_survey_r1,loss,3,capture,normal,True,Gaul,856,30,12934,32743,True,True,True,True,Offer of peace,No/Yes,No,2,True,"‘After defeating you in battle Gaul are willing to end their war with you, if you agree to the terms below. ‘An honourable peace with no reparations or penalt If the peace terms are acceptable click YES. ‘Otherwise to continue the war click NO. We",loss_s3_survey_r1_dialog-Offer_of_peace-1791142857.png,loss_s3_survey_r1_battle-ended.png,e15cda5f7112,48550714,loss_s3_survey_r1_post.SAV,loss_s3_survey_r1_pre.snap.gz,20.2,loss_start.SAV
loss_s4_survey_r1,loss,4,capture,normal,False,Gaul,856,30,13050,32743,True,True,True,True,,,,,,,,loss_s4_survey_r1_battle-ended.png,78a6a065f309,537058081,loss_s4_survey_r1_post.SAV,loss_s4_survey_r1_pre.snap.gz,20.3,loss_start.SAV
loss_s5_survey_r1,loss,5,capture,normal,True,Gaul,856,30,12992,32743,True,True,True,True,Offer of peace,No/Yes,No,2,True,"‘After defeating you in battle Gaul are willing to end their war with you, if you agree to the terms below. ‘An honourable peace with no reparations or penalt If the peace terms are acceptable click YES. ‘Otherwise to continue the war click NO. We",loss_s5_survey_r1_dialog-Offer_of_peace-1791202522.png,loss_s5_survey_r1_battle-ended.png,5e73ef02e140,138295225,loss_s5_survey_r1_post.SAV,loss_s5_survey_r1_pre.snap.gz,20.4,loss_start.SAV
loss_s6_survey_r1,loss,6,capture,normal,True,Gaul,856,30,12992,32743,True,True,True,True,Offer of peace,No/Yes,No,2,True,"‘After defeating you in battle Gaul are willing to end their war with you, if you agree to the terms below. ‘An honourable peace with no reparations or penalt If the peace terms are acceptable click YES. ‘Otherwise to continue the war click NO. We",loss_s6_survey_r1_dialog-Offer_of_peace-1791202581.png,loss_s6_survey_r1_battle-ended.png,cc53b2e65742,2025122619,loss_s6_survey_r1_post.SAV,loss_s6_survey_r1_pre.snap.gz,20.4,loss_start.SAV
loss_s7_survey_r1,loss,7,capture,normal,True,Gaul,856,30,12992,32743,True,True,True,True,Offer of peace,No/Yes,No,2,True,"‘After defeating you in battle Gaul are willing to end their war with you, if you agree to the terms below. ‘An honourable peace with no reparations or penalt If the peace terms are acceptable click YES. ‘Otherwise to continue the war click NO. We",loss_s7_survey_r1_dialog-Offer_of_peace-1791202640.png,loss_s7_survey_r1_battle-ended.png,d1d836be75af,1885894340,loss_s7_survey_r1_post.SAV,loss_s7_survey_r1_pre.snap.gz,20.4,loss_start.SAV
loss_s8_survey_r1,loss,8,capture,normal,True,Gaul,856,30,12934,32743,True,True,True,True,Offer of peace,No/Yes,No,2,True,"‘After defeating you in battle Gaul are willing to end their war with you, if you agree to the terms below. ‘An honourable peace with no reparations or penalt If the peace terms are acceptable click YES. ‘Otherwise to continue the war click NO. We",loss_s8_survey_r1_dialog-Offer_of_peace-1791202699.png,loss_s8_survey_r1_battle-ended.png,f0a140802b66,2678577422,loss_s8_survey_r1_post.SAV,loss_s8_survey_r1_pre.snap.gz,20.5,loss_start.SAV
loss_s9_survey_r1,loss,9,capture,normal,False,Gaul,856,30,13050,32743,True,True,True,True,,,,,,,,loss_s9_survey_r1_battle-ended.png,4e6a1622e0e5,2257416159,loss_s9_survey_r1_post.SAV,loss_s9_survey_r1_pre.snap.gz,20.4,loss_start.SAV
loss_s10_survey_r1,loss,10,capture,normal,False,Gaul,856,30,12992,32743,True,True,True,True,,,,,,,,loss_s10_survey_r1_battle-ended.png,6106766a0c2d,3593457867,loss_s10_survey_r1_post.SAV,loss_s10_survey_r1_pre.snap.gz,20.4,loss_start.SAV
loss_s11_survey_r1,loss,11,capture,normal,False,Gaul,856,30,12934,32743,True,True,True,True,,,,,,,,loss_s11_survey_r1_battle-ended.png,10eb9fb844a4,3779068161,loss_s11_survey_r1_post.SAV,loss_s11_survey_r1_pre.snap.gz,20.4,loss_start.SAV
loss_s12_survey_r1,loss,12,capture,normal,True,Gaul,856,30,12992,32743,True,True,True,True,Offer of peace,No/Yes,No,2,True,"‘After defeating you in battle Gaul are willing to end their war with you, if you agree to the terms below. ‘An honourable peace with no reparations or penalt If the peace terms are acceptable click YES. ‘Otherwise to continue the war click NO. We",loss_s12_survey_r1_dialog-Offer_of_peace-1791202917.png,loss_s12_survey_r1_battle-ended.png,f1f88899d5d9,561173669,loss_s12_survey_r1_post.SAV,loss_s12_survey_r1_pre.snap.gz,20.4,loss_start.SAV
loss_s13_survey_r1,loss,13,capture,normal,False,Gaul,856,30,12992,32743,True,True,True,True,,,,,,,,loss_s13_survey_r1_battle-ended.png,7998c86b76ac,141661835,loss_s13_survey_r1_post.SAV,loss_s13_survey_r1_pre.snap.gz,20.5,loss_start.SAV
loss_s14_survey_r1,loss,14,capture,normal,False,Gaul,856,30,12992,32743,True,True,True,True,,,,,,,,loss_s14_survey_r1_battle-ended.png,107324d5f9b9,2078295170,loss_s14_survey_r1_post.SAV,loss_s14_survey_r1_pre.snap.gz,20.3,loss_start.SAV
loss_s15_survey_r1,loss,15,capture,normal,False,Gaul,856,30,12992,32743,True,True,True,True,,,,,,,,loss_s15_survey_r1_battle-ended.png,c9f2fba73908,2546122911,loss_s15_survey_r1_post.SAV,loss_s15_survey_r1_pre.snap.gz,20.3,loss_start.SAV
loss_s16_survey_r1,loss,16,capture,normal,False,Gaul,856,30,12992,32743,True,True,True,True,,,,,,,,loss_s16_survey_r1_battle-ended.png,4b3fb04f9d11,392357338,loss_s16_survey_r1_post.SAV,loss_s16_survey_r1_pre.snap.gz,20.3,loss_start.SAV
loss_s17_survey_r1,loss,17,capture,normal,False,Gaul,856,30,12992,32743,True,True,True,True,,,,,,,,loss_s17_survey_r1_battle-ended.png,7a1257825255,156337817,loss_s17_survey_r1_post.SAV,loss_s17_survey_r1_pre.snap.gz,20.5,loss_start.SAV
loss_s18_survey_r1,loss,18,capture,normal,True,Gaul,856,30,12992,32743,True,True,True,True,Offer of peace,No/Yes,No,2,True,"‘After defeating you in battle Gaul are willing to end their war with you, if you agree to the terms below. ‘An honourable peace with no reparations or penalt If the peace terms are acceptable click YES. ‘Otherwise to continue the war click NO. We",loss_s18_survey_r1_dialog-Offer_of_peace-1791202522.png,loss_s18_survey_r1_battle-ended.png,57ca07f10f69,1053020204,loss_s18_survey_r1_post.SAV,loss_s18_survey_r1_pre.snap.gz,20.4,loss_start.SAV
loss_s19_survey_r1,loss,19,capture,normal,False,Gaul,856,30,13050,32743,True,True,True,True,,,,,,,,loss_s19_survey_r1_battle-ended.png,216d39027de4,543146201,loss_s19_survey_r1_post.SAV,loss_s19_survey_r1_pre.snap.gz,20.4,loss_start.SAV
loss_s20_survey_r1,loss,20,capture,normal,False,Gaul,856,30,12934,32743,True,True,True,True,,,,,,,,loss_s20_survey_r1_battle-ended.png,09b96dd9e968,3649914739,loss_s20_survey_r1_post.SAV,loss_s20_survey_r1_pre.snap.gz,20.6,loss_start.SAV
loss_s21_survey_r1,loss,21,capture,normal,False,Gaul,856,30,12934,32743,True,True,True,True,,,,,,,,loss_s21_survey_r1_battle-ended.png,9eb92077a8c8,1236557651,loss_s21_survey_r1_post.SAV,loss_s21_survey_r1_pre.snap.gz,20.4,loss_start.SAV
loss_s22_survey_r1,loss,22,capture,normal,False,Gaul,856,30,12992,32743,True,True,True,True,,,,,,,,loss_s22_survey_r1_battle-ended.png,6b243d4e1e78,3325708853,loss_s22_survey_r1_post.SAV,loss_s22_survey_r1_pre.snap.gz,20.4,loss_start.SAV
loss_s23_survey_r1,loss,23,capture,normal,False,Gaul,856,30,13050,32743,True,True,True,True,,,,,,,,loss_s23_survey_r1_battle-ended.png,191702e9064f,39921852,loss_s23_survey_r1_post.SAV,loss_s23_survey_r1_pre.snap.gz,20.5,loss_start.SAV
loss_s24_survey_r1,loss,24,capture,normal,False,Gaul,856,30,12992,32743,True,True,True,True,,,,,,,,loss_s24_survey_r1_battle-ended.png,731512a31abd,667445177,loss_s24_survey_r1_post.SAV,loss_s24_survey_r1_pre.snap.gz,20.9,loss_start.SAV
loss_s25_survey_r1,loss,25,capture,normal,False,Gaul,856,30,12992,32743,True,True,True,True,,,,,,,,loss_s25_survey_r1_battle-ended.png,04b0b1653434,927815899,loss_s25_survey_r1_post.SAV,loss_s25_survey_r1_pre.snap.gz,20.4,loss_start.SAV
loss_s26_survey_r1,loss,26,capture,normal,False,Gaul,856,30,12992,32743,True,True,True,True,,,,,,,,loss_s26_survey_r1_battle-ended.png,7f77276643df,593458105,loss_s26_survey_r1_post.SAV,loss_s26_survey_r1_pre.snap.gz,20.4,loss_start.SAV
loss_s27_survey_r1,loss,27,capture,normal,False,Gaul,856,30,13050,32743,True,True,True,True,,,,,,,,loss_s27_survey_r1_battle-ended.png,76dcbc685476,3850706910,loss_s27_survey_r1_post.SAV,loss_s27_survey_r1_pre.snap.gz,20.5,loss_start.SAV
loss_s28_survey_r1,loss,28,capture,normal,True,Gaul,856,30,13050,32743,True,True,True,True,Offer of peace,No/Yes,No,2,True,"‘After defeating you in battle Gaul are willing to end their war with you, if you agree to the terms below. ‘An honourable peace with no reparations or penalt If the peace terms are acceptable click YES. ‘Otherwise to continue the war click NO. We",loss_s28_survey_r1_dialog-Offer_of_peace-1791203059.png,loss_s28_survey_r1_battle-ended.png,5c30f0d9967c,1120849666,loss_s28_survey_r1_post.SAV,loss_s28_survey_r1_pre.snap.gz,20.4,loss_start.SAV
loss_s29_survey_r1,loss,29,capture,normal,False,Gaul,856,30,12992,32743,True,True,True,True,,,,,,,,loss_s29_survey_r1_battle-ended.png,455da511b0e4,805932252,loss_s29_survey_r1_post.SAV,loss_s29_survey_r1_pre.snap.gz,20.4,loss_start.SAV
loss_s30_survey_r1,loss,30,capture,normal,True,Gaul,856,30,13050,32743,True,True,True,True,Offer of peace,No/Yes,No,2,True,"‘After defeating you in battle Gaul are willing to end their war with you, if you agree to the terms below. ‘An honourable peace with no reparations or penalt If the peace terms are acceptable click YES. ‘Otherwise to continue the war click NO. We",loss_s30_survey_r1_dialog-Offer_of_peace-1791203172.png,loss_s30_survey_r1_battle-ended.png,272dcc6f1969,296859611,loss_s30_survey_r1_post.SAV,loss_s30_survey_r1_pre.snap.gz,20.5,loss_start.SAV
loss-ncities07_s1_survey_r1,loss+ncities0=7,1,capture,normal,False,Gaul,856,7,12992,32743,True,True,False,False,,,,,,,,loss-ncities07_s1_survey_r1_battle-ended.png,9551c76614ea,2395332355,loss-ncities07_s1_survey_r1_post.SAV,loss-ncities07_s1_survey_r1_pre.snap.gz,20.5,loss+ncities0=7_start.SAV
loss-ncities07_s3_survey_r1,loss+ncities0=7,3,capture,normal,False,Gaul,856,7,12934,32743,True,True,False,False,,,,,,,,loss-ncities07_s3_survey_r1_battle-ended.png,d1a9e621f437,48550714,loss-ncities07_s3_survey_r1_post.SAV,loss-ncities07_s3_survey_r1_pre.snap.gz,20.6,loss+ncities0=7_start.SAV
loss-ncities07_s5_survey_r1,loss+ncities0=7,5,capture,normal,False,Gaul,856,7,12992,32743,True,True,False,False,,,,,,,,loss-ncities07_s5_survey_r1_battle-ended.png,90a492b8c66b,138295225,loss-ncities07_s5_survey_r1_post.SAV,loss-ncities07_s5_survey_r1_pre.snap.gz,20.6,loss+ncities0=7_start.SAV
loss-ncities08_s1_survey_r1,loss+ncities0=8,1,capture,normal,True,Gaul,856,8,12992,32743,True,True,True,True,Offer of peace,No/Yes,No,2,True,"‘After defeating you in battle Gaul are willing to end their war with you, if you agree to the terms below. ‘An honourable peace with no reparations or penalt If the peace terms are acceptable click YES. ‘Otherwise to continue the war click NO. We",loss-ncities08_s1_survey_r1_dialog-Offer_of_peace-1791204978.png,loss-ncities08_s1_survey_r1_battle-ended.png,2ec7d11f732c,2395332355,loss-ncities08_s1_survey_r1_post.SAV,loss-ncities08_s1_survey_r1_pre.snap.gz,20.6,loss+ncities0=8_start.SAV
loss-ncities08_s3_survey_r1,loss+ncities0=8,3,capture,normal,True,Gaul,856,8,12934,32743,True,True,True,True,Offer of peace,No/Yes,No,2,True,"‘After defeating you in battle Gaul are willing to end their war with you, if you agree to the terms below. ‘An honourable peace with no reparations or penalt If the peace terms are acceptable click YES. ‘Otherwise to continue the war click NO. We",loss-ncities08_s3_survey_r1_dialog-Offer_of_peace-1791205038.png,loss-ncities08_s3_survey_r1_battle-ended.png,d901e534ec7e,48550714,loss-ncities08_s3_survey_r1_post.SAV,loss-ncities08_s3_survey_r1_pre.snap.gz,20.7,loss+ncities0=8_start.SAV
loss-ncities08_s5_survey_r1,loss+ncities0=8,5,capture,normal,True,Gaul,856,8,12992,32743,True,True,True,True,Offer of peace,No/Yes,No,2,True,"‘After defeating you in battle Gaul are willing to end their war with you, if you agree to the terms below. ‘An honourable peace with no reparations or penalt If the peace terms are acceptable click YES. ‘Otherwise to continue the war click NO. We",loss-ncities08_s5_survey_r1_dialog-Offer_of_peace-1791205097.png,loss-ncities08_s5_survey_r1_battle-ended.png,40eb430f64e8,138295225,loss-ncities08_s5_survey_r1_post.SAV,loss-ncities08_s5_survey_r1_pre.snap.gz,20.6,loss+ncities0=8_start.SAV
loss-unity0524_s1_survey_r1,loss+unity0=524,1,capture,normal,False,Gaul,499,30,12992,32743,True,False,True,False,,,,,,,,loss-unity0524_s1_survey_r1_battle-ended.png,73ee2acc7b9c,2395332355,loss-unity0524_s1_survey_r1_post.SAV,loss-unity0524_s1_survey_r1_pre.snap.gz,20.5,loss+unity0=524_start.SAV
loss-unity0524_s3_survey_r1,loss+unity0=524,3,capture,normal,False,Gaul,499,30,12934,32743,True,False,True,False,,,,,,,,loss-unity0524_s3_survey_r1_battle-ended.png,2b5f812763b6,48550714,loss-unity0524_s3_survey_r1_post.SAV,loss-unity0524_s3_survey_r1_pre.snap.gz,20.6,loss+unity0=524_start.SAV
loss-unity0524_s5_survey_r1,loss+unity0=524,5,capture,normal,False,Gaul,499,30,12992,32743,True,False,True,False,,,,,,,,loss-unity0524_s5_survey_r1_battle-ended.png,988867770729,138295225,loss-unity0524_s5_survey_r1_post.SAV,loss-unity0524_s5_survey_r1_pre.snap.gz,20.5,loss+unity0=524_start.SAV
loss-unity0525_s1_survey_r1,loss+unity0=525,1,capture,normal,False,Gaul,500,30,12992,32743,True,False,True,False,,,,,,,,loss-unity0525_s1_survey_r1_battle-ended.png,a0e56e4b0d12,2395332355,loss-unity0525_s1_survey_r1_post.SAV,loss-unity0525_s1_survey_r1_pre.snap.gz,20.0,loss+unity0=525_start.SAV
loss-unity0525_s3_survey_r1,loss+unity0=525,3,capture,normal,False,Gaul,500,30,12934,32743,True,False,True,False,,,,,,,,loss-unity0525_s3_survey_r1_battle-ended.png,2e5f71e0a8c2,48550714,loss-unity0525_s3_survey_r1_post.SAV,loss-unity0525_s3_survey_r1_pre.snap.gz,20.5,loss+unity0=525_start.SAV
loss-unity0525_s5_survey_r1,loss+unity0=525,5,capture,normal,False,Gaul,500,30,12992,32743,True,False,True,False,,,,,,,,loss-unity0525_s5_survey_r1_battle-ended.png,463faea87e86,138295225,loss-unity0525_s5_survey_r1_post.SAV,loss-unity0525_s5_survey_r1_pre.snap.gz,20.5,loss+unity0=525_start.SAV
loss-unity0526_s1_survey_r1,loss+unity0=526,1,capture,normal,True,Gaul,501,30,12992,32743,True,True,True,True,Offer of peace,No/Yes,No,2,True,"‘After defeating you in battle Gaul are willing to end their war with you, if you agree to the terms below. ‘An honourable peace with no reparations or penalt If the peace terms are acceptable click YES. ‘Otherwise to continue the war click NO. We",loss-unity0526_s1_survey_r1_dialog-Offer_of_peace-1791204417.png,loss-unity0526_s1_survey_r1_battle-ended.png,e459f0b7a6d4,2395332355,loss-unity0526_s1_survey_r1_post.SAV,loss-unity0526_s1_survey_r1_pre.snap.gz,20.5,loss+unity0=526_start.SAV
loss-unity0526_s3_survey_r1,loss+unity0=526,3,capture,normal,True,Gaul,501,30,12934,32743,True,True,True,True,Offer of peace,No/Yes,No,2,True,"‘After defeating you in battle Gaul are willing to end their war with you, if you agree to the terms below. ‘An honourable peace with no reparations or penalt If the peace terms are acceptable click YES. ‘Otherwise to continue the war click NO. We",loss-unity0526_s3_survey_r1_dialog-Offer_of_peace-1791204475.png,loss-unity0526_s3_survey_r1_battle-ended.png,fa997569c4c5,48550714,loss-unity0526_s3_survey_r1_post.SAV,loss-unity0526_s3_survey_r1_pre.snap.gz,20.0,loss+unity0=526_start.SAV
loss-unity0526_s5_survey_r1,loss+unity0=526,5,capture,normal,True,Gaul,501,30,12992,32743,True,True,True,True,Offer of peace,No/Yes,No,2,True,"‘After defeating you in battle Gaul are willing to end their war with you, if you agree to the terms below. ‘An honourable peace with no reparations or penalt If the peace terms are acceptable click YES. ‘Otherwise to continue the war click NO. We",loss-unity0526_s5_survey_r1_dialog-Offer_of_peace-1791204534.png,loss-unity0526_s5_survey_r1_battle-ended.png,1afabf72a581,138295225,loss-unity0526_s5_survey_r1_post.SAV,loss-unity0526_s5_survey_r1_pre.snap.gz,20.5,loss+unity0=526_start.SAV
"loss-weak2500,weak13500_s1_survey_r1","loss+weak2=500,weak13=500",1,capture,normal,False,Gaul,856,30,12992,127,False,True,True,False,,,,,,,,"loss-weak2500,weak13500_s1_survey_r1_battle-ended.png",9169b891ba1c,2395332355,"loss-weak2500,weak13500_s1_survey_r1_post.SAV","loss-weak2500,weak13500_s1_survey_r1_pre.snap.gz",20.9,loss+weak2=500_weak13=500_start.SAV
"loss-weak2500,weak13500_s3_survey_r1","loss+weak2=500,weak13=500",3,capture,normal,False,Gaul,856,30,12934,127,False,True,True,False,,,,,,,,"loss-weak2500,weak13500_s3_survey_r1_battle-ended.png",d0f784af568f,48550714,"loss-weak2500,weak13500_s3_survey_r1_post.SAV","loss-weak2500,weak13500_s3_survey_r1_pre.snap.gz",20.8,loss+weak2=500_weak13=500_start.SAV
"loss-weak2500,weak13500_s5_survey_r1","loss+weak2=500,weak13=500",5,capture,normal,False,Gaul,856,30,12992,127,False,True,True,False,,,,,,,,"loss-weak2500,weak13500_s5_survey_r1_battle-ended.png",9009ea89d200,138295225,"loss-weak2500,weak13500_s5_survey_r1_post.SAV","loss-weak2500,weak13500_s5_survey_r1_pre.snap.gz",22.1,loss+weak2=500_weak13=500_start.SAV
win_s1_survey_r1,win,1,capture,normal,False,Rome,377,23,44455,0,False,False,True,False,,,,,,,,win_s1_survey_r1_battle-ended.png,6121bc136191,2395332355,win_s1_survey_r1_post.SAV,win_s1_survey_r1_pre.snap.gz,20.3,win_start.SAV
win_s2_survey_r1,win,2,capture,normal,False,Rome,377,23,44455,0,False,False,True,False,,,,,,,,win_s2_survey_r1_battle-ended.png,141ce915a452,4107957490,win_s2_survey_r1_post.SAV,win_s2_survey_r1_pre.snap.gz,20.2,win_start.SAV
win_s3_survey_r1,win,3,capture,normal,False,Rome,377,23,44391,0,False,False,True,False,,,,,,,,win_s3_survey_r1_battle-ended.png,d432294a43d4,48550714,win_s3_survey_r1_post.SAV,win_s3_survey_r1_pre.snap.gz,20.2,win_start.SAV
win_s4_survey_r1,win,4,capture,normal,False,Rome,377,23,44391,0,False,False,True,False,,,,,,,,win_s4_survey_r1_battle-ended.png,3429cdfd4766,537058081,win_s4_survey_r1_post.SAV,win_s4_survey_r1_pre.snap.gz,20.2,win_start.SAV
win_s5_survey_r1,win,5,capture,normal,False,Rome,377,23,44391,0,False,False,True,False,,,,,,,,win_s5_survey_r1_battle-ended.png,8967378d3000,138295225,win_s5_survey_r1_post.SAV,win_s5_survey_r1_pre.snap.gz,20.3,win_start.SAV
win_s6_survey_r1,win,6,capture,normal,False,Rome,377,23,44391,0,False,False,True,False,,,,,,,,win_s6_survey_r1_battle-ended.png,0f1da4799ccc,2025122619,win_s6_survey_r1_post.SAV,win_s6_survey_r1_pre.snap.gz,20.2,win_start.SAV
win_s7_survey_r1,win,7,capture,normal,False,Rome,377,23,44391,0,False,False,True,False,,,,,,,,win_s7_survey_r1_battle-ended.png,c7d55ec2af9b,1885894340,win_s7_survey_r1_post.SAV,win_s7_survey_r1_pre.snap.gz,20.2,win_start.SAV
win_s8_survey_r1,win,8,capture,normal,False,Rome,377,23,44455,0,False,False,True,False,,,,,,,,win_s8_survey_r1_battle-ended.png,ae225b936b2e,2678577422,win_s8_survey_r1_post.SAV,win_s8_survey_r1_pre.snap.gz,20.3,win_start.SAV
win_s9_survey_r1,win,9,capture,normal,False,Rome,377,23,44455,0,False,False,True,False,,,,,,,,win_s9_survey_r1_battle-ended.png,3243008d532a,2257416159,win_s9_survey_r1_post.SAV,win_s9_survey_r1_pre.snap.gz,20.3,win_start.SAV
win_s10_survey_r1,win,10,capture,normal,False,Rome,377,23,44327,0,False,False,True,False,,,,,,,,win_s10_survey_r1_battle-ended.png,5e760b370d9d,3593457867,win_s10_survey_r1_post.SAV,win_s10_survey_r1_pre.snap.gz,20.3,win_start.SAV
"win-own126,strong126,unity6600,weak2500,weak13500_s1_survey_r1","win+own12=6,strong12=6,unity6=600,weak2=500,weak13=500",1,capture,normal,False,Rome,575,23,11839,29700,True,True,True,True,,,,,,,,"win-own126,strong126,unity6600,weak2500,weak13500_s1_survey_r1_battle-ended.png",29d2cc3bbde7,2395332355,"win-own126,strong126,unity6600,weak2500,weak13500_s1_survey_r1_post.SAV","win-own126,strong126,unity6600,weak2500,weak13500_s1_survey_r1_pre.snap.gz",20.7,win+own12=6_strong12=6_unity6=600_weak2=500_weak13=500_start.SAV
"win-own126,strong126,unity6600,weak2500,weak13500_s2_survey_r1","win+own12=6,strong12=6,unity6=600,weak2=500,weak13=500",2,capture,normal,False,Rome,575,23,11839,29700,True,True,True,True,,,,,,,,"win-own126,strong126,unity6600,weak2500,weak13500_s2_survey_r1_battle-ended.png",6ac3e3a5265b,4107957490,"win-own126,strong126,unity6600,weak2500,weak13500_s2_survey_r1_post.SAV","win-own126,strong126,unity6600,weak2500,weak13500_s2_survey_r1_pre.snap.gz",21.1,win+own12=6_strong12=6_unity6=600_weak2=500_weak13=500_start.SAV
"win-own126,strong126,unity6600,weak2500,weak13500_s3_survey_r1","win+own12=6,strong12=6,unity6=600,weak2=500,weak13=500",3,capture,normal,True,Rome,575,23,11775,29700,True,True,True,True,Offer of peace,No/Yes,No,2,True,"After losing to you in battle Gaul are willing to end their war with you, if you agree to the terms below. ‘An honourable peace with no reparations or penalt If the peace terms are acceptable click YES. ‘Otherwise to continue the war click NO. We","win-own126,strong126,unity6600,weak2500,weak13500_s3_survey_r1_dialog-Offer_of_peace-1791203505.png","win-own126,strong126,unity6600,weak2500,weak13500_s3_survey_r1_battle-ended.png",6a9cd4dea471,48550714,"win-own126,strong126,unity6600,weak2500,weak13500_s3_survey_r1_post.SAV","win-own126,strong126,unity6600,weak2500,weak13500_s3_survey_r1_pre.snap.gz",21.1,win+own12=6_strong12=6_unity6=600_weak2=500_weak13=500_start.SAV
"win-own126,strong126,unity6600,weak2500,weak13500_s4_survey_r1","win+own12=6,strong12=6,unity6=600,weak2=500,weak13=500",4,capture,normal,False,Rome,575,23,11775,29700,True,True,True,True,,,,,,,,"win-own126,strong126,unity6600,weak2500,weak13500_s4_survey_r1_battle-ended.png",8e7d2b440b57,537058081,"win-own126,strong126,unity6600,weak2500,weak13500_s4_survey_r1_post.SAV","win-own126,strong126,unity6600,weak2500,weak13500_s4_survey_r1_pre.snap.gz",21.1,win+own12=6_strong12=6_unity6=600_weak2=500_weak13=500_start.SAV
"win-own126,strong126,unity6600,weak2500,weak13500_s5_survey_r1","win+own12=6,strong12=6,unity6=600,weak2=500,weak13=500",5,capture,normal,True,Rome,575,23,11775,29700,True,True,True,True,Offer of peace,No/Yes,No,2,True,"After losing to you in battle Gaul are willing to end their war with you, if you agree to the terms below. ‘An honourable peace with no reparations or penalt If the peace terms are acceptable click YES. ‘Otherwise to continue the war click NO. We","win-own126,strong126,unity6600,weak2500,weak13500_s5_survey_r1_dialog-Offer_of_peace-1791203620.png","win-own126,strong126,unity6600,weak2500,weak13500_s5_survey_r1_battle-ended.png",0e251b921d96,138295225,"win-own126,strong126,unity6600,weak2500,weak13500_s5_survey_r1_post.SAV","win-own126,strong126,unity6600,weak2500,weak13500_s5_survey_r1_pre.snap.gz",21.2,win+own12=6_strong12=6_unity6=600_weak2=500_weak13=500_start.SAV
