trial,seed,exe_sha256,box_opened,preconditions_pass,peace_draw_result,peace_draw_range,peace_draw_seq,n_peace_draws,reseed_records,records,overflow,reentered,hooklog
loss_s1_hook-capture_r1,1,58c683daf7dd25a10d6c3467d85c4ccc903a21f0364768cbf975fc575ac234db,False,True,4,5,49,1,,50,0,0,hooklog-loss_s1_hook-capture_r1.csv
loss_s2_hook-capture_r1,2,ca1cbf104afcea756a29c1f110a0eedbdbecb8eefbe0b947c189e920ab9eec3d,False,True,2,5,49,1,,50,0,0,hooklog-loss_s2_hook-capture_r1.csv
loss_s3_hook-capture_r1,3,3ef20b4c807c8854ba5d256f699e58786fca1a684df590753567233db000341e,False,True,4,5,53,1,,54,0,0,hooklog-loss_s3_hook-capture_r1.csv
loss_s4_hook-capture_r1,4,09bac3bfc6b9017cb51a81229ee86170db02af9cd8bf698b8ae82135aae11f22,False,True,2,5,69,1,,70,0,0,hooklog-loss_s4_hook-capture_r1.csv
loss_s5_hook-capture_r2,5,a6cf8c4fe8d4c7c95182ef5837e092dbeb30ba9c694a4d7f424b6fd670ad25b7,False,True,3,5,53,1,,54,0,0,hooklog-loss_s5_hook-capture_r2.csv
loss_s6_hook-capture_r1,6,6a4d62e9b00c6acd419c54b29e99b8cde79100905b2236a23009964fea18117a,False,True,4,5,66,1,,67,0,0,hooklog-loss_s6_hook-capture_r1.csv
loss_s7_hook-capture_r1,7,3ec4722ce97615c357ad7874b3fa2848438222a13505f17c0dc18d05872dd7a1,False,True,2,5,63,1,,64,0,0,hooklog-loss_s7_hook-capture_r1.csv
loss_s8_hook-capture_r1,8,0a79f5c9fd1ce803690418eceb1be3fae26b3b8e4d8723677a6110273f50ca93,False,True,4,5,55,1,,56,0,0,hooklog-loss_s8_hook-capture_r1.csv
loss_s9_hook-capture_r1,9,79647d7c9d56ccb10f581a5fb6e7292a1460eb5ab5da28a2595669b44bc53747,False,True,2,5,45,1,,46,0,0,hooklog-loss_s9_hook-capture_r1.csv
loss_s10_hook-capture_r1,10,2dabbfda8ba3847d7e120b9f6756db3d5a2d3ffc18106e140ce9cb4eaf334c59,True,True,0,5,68,1,69@0x457907,70,0,0,hooklog-loss_s10_hook-capture_r1.csv
loss-unity0525_s10_hook-capture_r1,10,2dabbfda8ba3847d7e120b9f6756db3d5a2d3ffc18106e140ce9cb4eaf334c59,False,False,,,,0,,68,0,0,hooklog-loss-unity0525_s10_hook-capture_r1.csv
loss-ncities07_s10_hook-capture_r1,10,2dabbfda8ba3847d7e120b9f6756db3d5a2d3ffc18106e140ce9cb4eaf334c59,False,False,,,,0,,68,0,0,hooklog-loss-ncities07_s10_hook-capture_r1.csv
"loss-weak2500,weak13500_s10_hook-capture_r1",10,2dabbfda8ba3847d7e120b9f6756db3d5a2d3ffc18106e140ce9cb4eaf334c59,False,False,,,,0,,68,0,0,"hooklog-loss-weak2500,weak13500_s10_hook-capture_r1.csv"
loss_s11_hook-capture_r1,11,1d2e5d39c68ca3495405610cfbd6947d4568152e050fc5f469eb4b29e7e5b458,True,True,1,5,65,1,66@0x457907,67,0,0,hooklog-loss_s11_hook-capture_r1.csv
loss-unity0525_s11_hook-capture_r1,11,1d2e5d39c68ca3495405610cfbd6947d4568152e050fc5f469eb4b29e7e5b458,False,False,,,,0,,65,0,0,hooklog-loss-unity0525_s11_hook-capture_r1.csv
loss-ncities07_s11_hook-capture_r1,11,1d2e5d39c68ca3495405610cfbd6947d4568152e050fc5f469eb4b29e7e5b458,False,False,,,,0,,65,0,0,hooklog-loss-ncities07_s11_hook-capture_r1.csv
"loss-weak2500,weak13500_s11_hook-capture_r1",11,1d2e5d39c68ca3495405610cfbd6947d4568152e050fc5f469eb4b29e7e5b458,False,False,,,,0,,65,0,0,"hooklog-loss-weak2500,weak13500_s11_hook-capture_r1.csv"
loss_s12_hook-capture_r1,12,ebcbf1069ce98528c0111d1959b3a4be954df36a0604e95774f6b17952cd0d91,False,True,3,5,72,1,,73,0,0,hooklog-loss_s12_hook-capture_r1.csv
loss_s13_hook-capture_r1,13,fd366948dbda4fbfa82cdc56d953445e31c6eed32ef11e61c89368d693c75e78,False,True,3,5,62,1,,63,0,0,hooklog-loss_s13_hook-capture_r1.csv
loss_s14_hook-capture_r1,14,90524212e04be3f760d5952935334c070247e32e067a1f634449e35658f3166e,True,True,0,5,53,1,54@0x457907,55,0,0,hooklog-loss_s14_hook-capture_r1.csv
loss-unity0525_s14_hook-capture_r1,14,90524212e04be3f760d5952935334c070247e32e067a1f634449e35658f3166e,False,False,,,,0,,53,0,0,hooklog-loss-unity0525_s14_hook-capture_r1.csv
loss-ncities07_s14_hook-capture_r1,14,90524212e04be3f760d5952935334c070247e32e067a1f634449e35658f3166e,False,False,,,,0,,53,0,0,hooklog-loss-ncities07_s14_hook-capture_r1.csv
"loss-weak2500,weak13500_s14_hook-capture_r1",14,90524212e04be3f760d5952935334c070247e32e067a1f634449e35658f3166e,False,False,,,,0,,53,0,0,"hooklog-loss-weak2500,weak13500_s14_hook-capture_r1.csv"
loss_s15_hook-capture_r1,15,5521d055f8b6fbaf3465cee662a08ae8559653e613579878ce0be00601a9954c,False,True,2,5,52,1,,53,0,0,hooklog-loss_s15_hook-capture_r1.csv
loss_s16_hook-capture_r1,16,66ffea6d0f3f320f45ae7392569b674b9fe2a2cf55734cd33374db1e0924e3d7,False,True,3,5,57,1,,58,0,0,hooklog-loss_s16_hook-capture_r1.csv
