seq,kind,site,eax,seed_before,seed_after,result
0,start,0x0,25517812,11,11,0
1,random,0x43801a,24,11,1482533944,8
2,random,0x43812f,24,1482533944,677461273,3
3,random,0x43812f,24,677461273,2653885822,14
4,random,0x43812f,24,2653885822,4193280887,23
5,random,0x43812f,24,4193280887,2830323028,15
6,random,0x43812f,24,2830323028,3388986021,18
7,random,0x43820d,5,3388986021,2546217274,2
8,marker,0x4393ec,0,2546217274,2546217274,0
9,random,0x43820d,5,2546217274,2047270435,2
10,marker,0x4393ec,0,2047270435,2047270435,0
11,marker,0x4393ec,0,2047270435,2047270435,0
12,marker,0x4393ec,0,2047270435,2047270435,0
13,marker,0x4393ec,0,2047270435,2047270435,0
14,random,0x43aa88,3,2047270435,4123288240,2
15,marker,0x4393ec,0,4123288240,4123288240,0
16,marker,0x43910c,0,4123288240,4123288240,0
17,random,0x439188,16,4123288240,2771955057,10
18,random,0x439191,16,2771955057,1729210166,6
19,marker,0x438fb0,262164,1729210166,1729210166,0
20,marker,0x43910c,0,1729210166,1729210166,0
21,random,0x439188,16,1729210166,121641999,0
22,random,0x439191,16,121641999,2335197260,8
23,marker,0x438fb0,327700,2335197260,2335197260,0
24,marker,0x43910c,0,2335197260,2335197260,0
25,random,0x439188,16,2335197260,1066965373,3
26,random,0x439191,16,1066965373,2701620082,10
27,marker,0x438fb0,327700,2701620082,2701620082,0
28,marker,0x43910c,0,2701620082,2701620082,0
29,random,0x439188,16,2701620082,675023163,2
30,random,0x439191,16,675023163,3754334760,13
31,marker,0x438fb0,327700,3754334760,3754334760,0
32,marker,0x4393ec,0,3754334760,3754334760,0
33,marker,0x43910c,3211286,3754334760,3754334760,0
34,random,0x439188,571,3754334760,3617432265,480
35,random,0x439191,571,3617432265,3695956462,491
36,marker,0x438fb0,0,3695956462,3695956462,0
37,marker,0x43910c,22,3695956462,3695956462,0
38,random,0x439188,571,3695956462,1697239463,225
39,random,0x439191,571,1697239463,1327707204,176
40,marker,0x438fb0,262144,1327707204,1327707204,0
41,marker,0x43910c,3211288,1327707204,1327707204,0
42,random,0x439188,307,1327707204,1958942037,140
43,random,0x439191,307,1958942037,829898410,59
44,marker,0x438fb0,0,829898410,829898410,0
45,random,0x43aa88,3,829898410,3102990675,2
46,marker,0x4393ec,0,3102990675,3102990675,0
47,random,0x439557,9,3102990675,4287247008,8
48,random,0x43955f,9,4287247008,3570236705,7
49,random,0x4395ce,8362,3570236705,227571110,443
50,random,0x4395d8,8362,227571110,2645287999,5150
51,marker,0x438fb0,20,2645287999,2645287999,0
52,marker,0x438fb0,4521984,2645287999,2645287999,0
53,random,0x439557,5,2645287999,3489919292,4
54,random,0x43955f,5,3489919292,2186716717,2
55,random,0x4395ce,7825,2186716717,3536351970,6442
56,random,0x4395d8,7825,3536351970,540460651,984
57,marker,0x438fb0,21,540460651,540460651,0
58,marker,0x438fb0,4521984,540460651,540460651,0
59,flag_clear,0x437b8c,25517812,540460651,540460651,0
60,random,0x4592bd,4,540460651,1790512152,1
61,random,0x4592bd,4,1790512152,2694421625,2
62,random,0x4592bd,4,2694421625,58094174,0
63,random,0x4592bd,4,58094174,2805511127,2
64,random,0x4592bd,4,2805511127,3616431924,3
65,random,0x45951c,5,3616431924,947825669,1
66,reseed,0x457907,6,947825669,947825669,0
