trial,cell,seed,rep,exe_sha12,records,capacity,overflow,chain_breaks,start_boundary_ok,first_seed_before,result_formula_misses,flag_clear_sites,reseed_sites,end_pin,sites_outside_list,pass,note
hi-hi-one_s1_r1_hook,hi-hi-one,1,1,1159bb9cf82d,117,65536,0,0,True,1,0,0x437b8c,,none,,False,first hooked build (no reseed boundary caves yet)
hi-hi-one_s1_r2_hook,hi-hi-one,1,2,d805d28fa1c9,118,65536,0,0,True,1,0,0x437b8c,0x457907,reseed record,,True,
hi-hi-one_s1_r3_hook,hi-hi-one,1,3,d805d28fa1c9,118,65536,0,0,True,1,0,0x437b8c,0x457907,reseed record,,True,
hi-hi-one_s2_r3_hook,hi-hi-one,2,3,d6fce697abd2,106,65536,0,0,True,2,0,0x437b8c,,memory read,,True,
hi-hi-one_s3_r3_hook,hi-hi-one,3,3,feb144005897,84,65536,0,0,True,3,0,0x437b8c,0x457907,reseed record,,True,
mix-rg_s1_r3_hook,mix-rg,1,3,d805d28fa1c9,566,65536,0,0,True,1,0,0x437b8c,,memory read,,True,
mix-rg_s2_r3_hook,mix-rg,2,3,d6fce697abd2,546,65536,0,0,True,2,0,0x437b8c,0x457907,reseed record,,True,
mix-rg_s3_r3_hook,mix-rg,3,3,feb144005897,758,65536,0,0,True,3,0,0x437b8c,,memory read,,True,
ar-hc-half_s3_r1_hook,ar-hc-half,3,1,feb144005897,120,65536,0,0,True,3,0,0x437b8c,,memory read,,True,
ar-ar-one_s3_r1_hook,ar-ar-one,3,1,feb144005897,165,65536,0,0,True,3,0,0x437b8c,0x457907,reseed record,,True,
ar-hc-one-half_s3_r1_hook,ar-hc-one-half,3,1,feb144005897,168,65536,0,0,True,3,0,0x437b8c,,memory read,,True,
ar-hc-three-one_s3_r1_hook,ar-hc-three-one,3,1,feb144005897,282,65536,0,0,True,3,0,0x437b8c,,memory read,,True,
ar-hc-half-three_s3_r1_hook,ar-hc-half-three,3,1,feb144005897,71,65536,0,0,True,3,0,0x437b8c,0x457907,reseed record,,True,
ar-hc-three_s3_r1_hook,ar-hc-three,3,1,feb144005897,394,65536,0,0,True,3,0,0x437b8c,0x457907,reseed record,,True,
ar-lc-half_s3_r1_hook,ar-lc-half,3,1,feb144005897,64,65536,0,0,True,3,0,0x437b8c,,memory read,,True,
ar-hi-one_s3_r1_hook,ar-hi-one,3,1,feb144005897,169,65536,0,0,True,3,0,0x437b8c,,memory read,,True,
ar-ar-half_s2_r1_hook,ar-ar-half,2,1,d6fce697abd2,128,65536,0,0,True,2,0,0x437b8c,,memory read,,True,
ar-ar-half_s3_r1_hook,ar-ar-half,3,1,feb144005897,124,65536,0,0,True,3,0,0x437b8c,,memory read,,True,
ar-ar-half_s1_r1_hook,ar-ar-half,1,1,d805d28fa1c9,173,65536,0,0,True,1,0,0x437b8c,0x457907,reseed record,,True,
ar-ar-one_s1_r1_hook,ar-ar-one,1,1,d805d28fa1c9,177,65536,0,0,True,1,0,0x437b8c,0x457907,reseed record,,True,
ar-ar-one_s2_r1_hook,ar-ar-one,2,1,d6fce697abd2,139,65536,0,0,True,2,0,0x437b8c,0x457907,reseed record,,True,
ar-ar-three_s2_r1_hook,ar-ar-three,2,1,d6fce697abd2,350,65536,0,0,True,2,0,0x437b8c,,memory read,,True,
ar-ar-three_s1_r1_hook,ar-ar-three,1,1,d805d28fa1c9,371,65536,0,0,True,1,0,0x437b8c,,memory read,,True,
ar-hc-half_s1_r1_hook,ar-hc-half,1,1,d805d28fa1c9,118,65536,0,0,True,1,0,0x437b8c,,memory read,,True,
ar-ar-three_s3_r1_hook,ar-ar-three,3,1,feb144005897,420,65536,0,0,True,3,0,0x437b8c,0x457907,reseed record,,True,
ar-hc-half_s2_r1_hook,ar-hc-half,2,1,d6fce697abd2,119,65536,0,0,True,2,0,0x437b8c,0x457907,reseed record,,True,
ar-hc-half-one_s1_r1_hook,ar-hc-half-one,1,1,d805d28fa1c9,118,65536,0,0,True,1,0,0x437b8c,,memory read,,True,
ar-hc-half-one_s2_r1_hook,ar-hc-half-one,2,1,d6fce697abd2,119,65536,0,0,True,2,0,0x437b8c,0x457907,reseed record,,True,
ar-hc-half-three_s1_r1_hook,ar-hc-half-three,1,1,d805d28fa1c9,68,65536,0,0,True,1,0,0x437b8c,,memory read,,True,
ar-hc-half-one_s3_r1_hook,ar-hc-half-one,3,1,feb144005897,120,65536,0,0,True,3,0,0x437b8c,,memory read,,True,
ar-hc-half-three_s2_r1_hook,ar-hc-half-three,2,1,d6fce697abd2,68,65536,0,0,True,2,0,0x437b8c,,memory read,,True,
ar-hc-one_s2_r1_hook,ar-hc-one,2,1,d6fce697abd2,166,65536,0,0,True,2,0,0x437b8c,,memory read,,True,
ar-hc-one_s3_r1_hook,ar-hc-one,3,1,feb144005897,168,65536,0,0,True,3,0,0x437b8c,,memory read,,True,
ar-hc-one_s1_r1_hook,ar-hc-one,1,1,d805d28fa1c9,167,65536,0,0,True,1,0,0x437b8c,0x457907,reseed record,,True,
ar-hc-one-half_s1_r1_hook,ar-hc-one-half,1,1,d805d28fa1c9,167,65536,0,0,True,1,0,0x437b8c,0x457907,reseed record,,True,
ar-hc-one-half_s2_r1_hook,ar-hc-one-half,2,1,d6fce697abd2,166,65536,0,0,True,2,0,0x437b8c,,memory read,,True,
ar-hc-one-three_s3_r1_hook,ar-hc-one-three,3,1,feb144005897,100,65536,0,0,True,3,0,0x437b8c,,memory read,,True,
ar-hc-one-three_s1_r1_hook,ar-hc-one-three,1,1,d805d28fa1c9,98,65536,0,0,True,1,0,0x437b8c,,memory read,,True,
ar-hc-one-three_s2_r1_hook,ar-hc-one-three,2,1,d6fce697abd2,99,65536,0,0,True,2,0,0x437b8c,0x457907,reseed record,,True,
ar-hc-three_s1_r1_hook,ar-hc-three,1,1,d805d28fa1c9,393,65536,0,0,True,1,0,0x437b8c,,memory read,,True,
ar-hc-three_s2_r1_hook,ar-hc-three,2,1,d6fce697abd2,377,65536,0,0,True,2,0,0x437b8c,0x457907,reseed record,,True,
ar-hc-three-half_s3_r1_hook,ar-hc-three-half,3,1,feb144005897,122,65536,0,0,True,3,0,0x437b8c,,memory read,,True,
ar-hc-three-half_s1_r1_hook,ar-hc-three-half,1,1,d805d28fa1c9,106,65536,0,0,True,1,0,0x437b8c,,memory read,,True,
ar-hc-three-half_s2_r1_hook,ar-hc-three-half,2,1,d6fce697abd2,114,65536,0,0,True,2,0,0x437b8c,,memory read,,True,
ar-hc-three-one_s1_r1_hook,ar-hc-three-one,1,1,d805d28fa1c9,190,65536,0,0,True,1,0,0x437b8c,,memory read,,True,
ar-hc-three-one_s2_r1_hook,ar-hc-three-one,2,1,d6fce697abd2,278,65536,0,0,True,2,0,0x437b8c,,memory read,,True,
ar-hi-half_s3_r1_hook,ar-hi-half,3,1,feb144005897,134,65536,0,0,True,3,0,0x437b8c,,memory read,,True,
ar-hi-half_s1_r1_hook,ar-hi-half,1,1,d805d28fa1c9,134,65536,0,0,True,1,0,0x437b8c,,memory read,,True,
ar-hi-half_s2_r1_hook,ar-hi-half,2,1,d6fce697abd2,135,65536,0,0,True,2,0,0x437b8c,0x457907,reseed record,,True,
ar-hi-one_s1_r1_hook,ar-hi-one,1,1,d805d28fa1c9,170,65536,0,0,True,1,0,0x437b8c,0x457907,reseed record,,True,
ar-hi-one_s2_r1_hook,ar-hi-one,2,1,d6fce697abd2,169,65536,0,0,True,2,0,0x437b8c,,memory read,,True,
ar-hi-three_s3_r1_hook,ar-hi-three,3,1,feb144005897,406,65536,0,0,True,3,0,0x437b8c,,memory read,,True,
ar-hi-three_s1_r1_hook,ar-hi-three,1,1,d805d28fa1c9,405,65536,0,0,True,1,0,0x437b8c,0x457907,reseed record,,True,
ar-hi-three_s2_r1_hook,ar-hi-three,2,1,d6fce697abd2,408,65536,0,0,True,2,0,0x437b8c,,memory read,,True,
ar-lc-half_s1_r1_hook,ar-lc-half,1,1,d805d28fa1c9,72,65536,0,0,True,1,0,0x437b8c,,memory read,,True,
ar-lc-half_s2_r1_hook,ar-lc-half,2,1,d6fce697abd2,68,65536,0,0,True,2,0,0x437b8c,,memory read,,True,
ar-lc-one_s1_r1_hook,ar-lc-one,1,1,d805d28fa1c9,84,65536,0,0,True,1,0,0x437b8c,,memory read,,True,
ar-lc-one_s2_r1_hook,ar-lc-one,2,1,d6fce697abd2,73,65536,0,0,True,2,0,0x437b8c,0x457907,reseed record,,True,
ar-lc-three_s2_r1_hook,ar-lc-three,2,1,d6fce697abd2,164,65536,0,0,True,2,0,0x437b8c,,memory read,,True,
ar-lc-one_s3_r1_hook,ar-lc-one,3,1,feb144005897,69,65536,0,0,True,3,0,0x437b8c,0x457907,reseed record,,True,
ar-lc-three_s3_r1_hook,ar-lc-three,3,1,feb144005897,194,65536,0,0,True,3,0,0x437b8c,,memory read,,True,
ar-lc-three_s1_r1_hook,ar-lc-three,1,1,d805d28fa1c9,226,65536,0,0,True,1,0,0x437b8c,0x457907,reseed record,,True,
ar-li-half_s1_r1_hook,ar-li-half,1,1,d805d28fa1c9,56,65536,0,0,True,1,0,0x437b8c,,memory read,,True,
ar-li-half_s2_r1_hook,ar-li-half,2,1,d6fce697abd2,56,65536,0,0,True,2,0,0x437b8c,,memory read,,True,
ar-li-one_s2_r1_hook,ar-li-one,2,1,d6fce697abd2,60,65536,0,0,True,2,0,0x437b8c,,memory read,,True,
ar-li-half_s3_r1_hook,ar-li-half,3,1,feb144005897,56,65536,0,0,True,3,0,0x437b8c,,memory read,,True,
ar-li-one_s3_r1_hook,ar-li-one,3,1,feb144005897,60,65536,0,0,True,3,0,0x437b8c,,memory read,,True,
ar-li-one_s1_r1_hook,ar-li-one,1,1,d805d28fa1c9,88,65536,0,0,True,1,0,0x437b8c,,memory read,,True,
ar-li-three_s1_r1_hook,ar-li-three,1,1,d805d28fa1c9,159,65536,0,0,True,1,0,0x437b8c,0x457907,reseed record,,True,
ar-li-three_s2_r1_hook,ar-li-three,2,1,d6fce697abd2,154,65536,0,0,True,2,0,0x437b8c,,memory read,,True,
hc-ar-half_s2_r1_hook,hc-ar-half,2,1,d6fce697abd2,158,65536,0,0,True,2,0,0x437b8c,,memory read,,True,
hc-ar-half_s3_r1_hook,hc-ar-half,3,1,feb144005897,134,65536,0,0,True,3,0,0x437b8c,,memory read,,True,
ar-li-three_s3_r1_hook,ar-li-three,3,1,feb144005897,190,65536,0,0,True,3,0,0x437b8c,,memory read,,True,
hc-ar-half_s1_r1_hook,hc-ar-half,1,1,d805d28fa1c9,158,65536,0,0,True,1,0,0x437b8c,,memory read,,True,
hc-ar-one_s1_r1_hook,hc-ar-one,1,1,d805d28fa1c9,169,65536,0,0,True,1,0,0x437b8c,,memory read,,True,
hc-ar-one_s2_r1_hook,hc-ar-one,2,1,d6fce697abd2,169,65536,0,0,True,2,0,0x437b8c,,memory read,,True,
hc-ar-three_s2_r1_hook,hc-ar-three,2,1,d6fce697abd2,429,65536,0,0,True,2,0,0x437b8c,,memory read,,True,
hc-ar-one_s3_r1_hook,hc-ar-one,3,1,feb144005897,169,65536,0,0,True,3,0,0x437b8c,,memory read,,True,
hc-ar-three_s3_r1_hook,hc-ar-three,3,1,feb144005897,421,65536,0,0,True,3,0,0x437b8c,,memory read,,True,
hc-ar-three_s1_r1_hook,hc-ar-three,1,1,d805d28fa1c9,425,65536,0,0,True,1,0,0x437b8c,,memory read,,True,
hc-hc-half_s1_r1_hook,hc-hc-half,1,1,d805d28fa1c9,110,65536,0,0,True,1,0,0x437b8c,,memory read,,True,
hc-hc-one_s2_r1_hook,hc-hc-one,2,1,d6fce697abd2,108,65536,0,0,True,2,0,0x437b8c,,memory read,,True,
hc-hc-half_s3_r1_hook,hc-hc-half,3,1,feb144005897,71,65536,0,0,True,3,0,0x437b8c,,memory read,,True,
hc-hc-half_s2_r1_hook,hc-hc-half,2,1,d6fce697abd2,100,65536,0,0,True,2,0,0x437b8c,0x457907,reseed record,,True,
hc-hc-one_s3_r1_hook,hc-hc-one,3,1,feb144005897,86,65536,0,0,True,3,0,0x437b8c,0x457907,reseed record,,True,
hc-hc-one_s1_r1_hook,hc-hc-one,1,1,d805d28fa1c9,120,65536,0,0,True,1,0,0x437b8c,0x457907,reseed record,,True,
hc-hc-three_s1_r1_hook,hc-hc-three,1,1,d805d28fa1c9,259,65536,0,0,True,1,0,0x437b8c,,memory read,,True,
hc-hc-three_s3_r1_hook,hc-hc-three,3,1,feb144005897,335,65536,0,0,True,3,0,0x437b8c,,memory read,,True,
hc-hc-three_s2_r1_hook,hc-hc-three,2,1,d6fce697abd2,245,65536,0,0,True,2,0,0x437b8c,,memory read,,True,
hc-hi-half_s2_r1_hook,hc-hi-half,2,1,d6fce697abd2,64,65536,0,0,True,2,0,0x437b8c,0x457907,reseed record,,True,
hc-hi-half_s1_r1_hook,hc-hi-half,1,1,d805d28fa1c9,63,65536,0,0,True,1,0,0x437b8c,,memory read,,True,
hc-hi-half_s3_r1_hook,hc-hi-half,3,1,feb144005897,78,65536,0,0,True,3,0,0x437b8c,0x457907,reseed record,,True,
hc-hi-one_s1_r1_hook,hc-hi-one,1,1,d805d28fa1c9,77,65536,0,0,True,1,0,0x437b8c,,memory read,,True,
hc-hi-one_s2_r1_hook,hc-hi-one,2,1,d6fce697abd2,70,65536,0,0,True,2,0,0x437b8c,,memory read,,True,
hc-hi-one_s3_r1_hook,hc-hi-one,3,1,feb144005897,85,65536,0,0,True,3,0,0x437b8c,0x457907,reseed record,,True,
hc-hi-three_s2_r1_hook,hc-hi-three,2,1,d6fce697abd2,209,65536,0,0,True,2,0,0x437b8c,0x457907,reseed record,,True,
hc-hi-three_s1_r1_hook,hc-hi-three,1,1,d805d28fa1c9,273,65536,0,0,True,1,0,0x437b8c,0x457907,reseed record,,True,
hc-hi-three_s3_r1_hook,hc-hi-three,3,1,feb144005897,247,65536,0,0,True,3,0,0x437b8c,0x457907,reseed record,,True,
hc-lc-half_s1_r1_hook,hc-lc-half,1,1,d805d28fa1c9,80,65536,0,0,True,1,0,0x437b8c,0x457907,reseed record,,True,
hc-lc-half_s2_r1_hook,hc-lc-half,2,1,d6fce697abd2,81,65536,0,0,True,2,0,0x437b8c,,memory read,,True,
hc-lc-one_s2_r1_hook,hc-lc-one,2,1,d6fce697abd2,81,65536,0,0,True,2,0,0x437b8c,,memory read,,True,
hc-lc-half_s3_r1_hook,hc-lc-half,3,1,feb144005897,82,65536,0,0,True,3,0,0x437b8c,0x457907,reseed record,,True,
hc-lc-one_s1_r1_hook,hc-lc-one,1,1,d805d28fa1c9,88,65536,0,0,True,1,0,0x437b8c,,memory read,,True,
hc-lc-one_s3_r1_hook,hc-lc-one,3,1,feb144005897,89,65536,0,0,True,3,0,0x437b8c,0x457907,reseed record,,True,
hc-lc-three_s2_r1_hook,hc-lc-three,2,1,d6fce697abd2,299,65536,0,0,True,2,0,0x437b8c,,memory read,,True,
hc-lc-three_s3_r1_hook,hc-lc-three,3,1,feb144005897,262,65536,0,0,True,3,0,0x437b8c,,memory read,,True,
hc-li-half_s1_r1_hook,hc-li-half,1,1,d805d28fa1c9,80,65536,0,0,True,1,0,0x437b8c,,memory read,,True,
hc-lc-three_s1_r1_hook,hc-lc-three,1,1,d805d28fa1c9,221,65536,0,0,True,1,0,0x437b8c,0x457907,reseed record,,True,
hc-li-half_s2_r1_hook,hc-li-half,2,1,d6fce697abd2,83,65536,0,0,True,2,0,0x437b8c,0x457907,reseed record,,True,
hc-li-half_s3_r1_hook,hc-li-half,3,1,feb144005897,81,65536,0,0,True,3,0,0x437b8c,0x457907,reseed record,,True,
hc-li-one_s2_r1_hook,hc-li-one,2,1,d6fce697abd2,74,65536,0,0,True,2,0,0x437b8c,,memory read,,True,
hc-li-one_s1_r1_hook,hc-li-one,1,1,d805d28fa1c9,87,65536,0,0,True,1,0,0x437b8c,,memory read,,True,
hc-li-one_s3_r1_hook,hc-li-one,3,1,feb144005897,81,65536,0,0,True,3,0,0x437b8c,0x457907,reseed record,,True,
hc-li-three_s1_r1_hook,hc-li-three,1,1,d805d28fa1c9,221,65536,0,0,True,1,0,0x437b8c,0x457907,reseed record,,True,
hc-li-three_s2_r1_hook,hc-li-three,2,1,d6fce697abd2,291,65536,0,0,True,2,0,0x437b8c,0x457907,reseed record,,True,
hc-li-three_s3_r1_hook,hc-li-three,3,1,feb144005897,223,65536,0,0,True,3,0,0x437b8c,0x457907,reseed record,,True,
hi-ar-half_s2_r1_hook,hi-ar-half,2,1,d6fce697abd2,132,65536,0,0,True,2,0,0x437b8c,,memory read,,True,
hi-ar-half_s1_r1_hook,hi-ar-half,1,1,d805d28fa1c9,132,65536,0,0,True,1,0,0x437b8c,,memory read,,True,
hi-ar-half_s3_r1_hook,hi-ar-half,3,1,feb144005897,132,65536,0,0,True,3,0,0x437b8c,,memory read,,True,
hi-ar-one_s1_r1_hook,hi-ar-one,1,1,d805d28fa1c9,167,65536,0,0,True,1,0,0x437b8c,,memory read,,True,
hi-ar-one_s2_r1_hook,hi-ar-one,2,1,d6fce697abd2,167,65536,0,0,True,2,0,0x437b8c,,memory read,,True,
hi-ar-one_s3_r1_hook,hi-ar-one,3,1,feb144005897,167,65536,0,0,True,3,0,0x437b8c,,memory read,,True,
hi-ar-three_s2_r1_hook,hi-ar-three,2,1,d6fce697abd2,404,65536,0,0,True,2,0,0x437b8c,,memory read,,True,
hi-ar-three_s1_r1_hook,hi-ar-three,1,1,d805d28fa1c9,419,65536,0,0,True,1,0,0x437b8c,,memory read,,True,
hi-ar-three_s3_r1_hook,hi-ar-three,3,1,feb144005897,402,65536,0,0,True,3,0,0x437b8c,,memory read,,True,
hi-hc-half_s1_r1_hook,hi-hc-half,1,1,d805d28fa1c9,75,65536,0,0,True,1,0,0x437b8c,,memory read,,True,
hi-hc-half_s2_r1_hook,hi-hc-half,2,1,d6fce697abd2,68,65536,0,0,True,2,0,0x437b8c,,memory read,,True,
hi-hc-half_s3_r1_hook,hi-hc-half,3,1,feb144005897,84,65536,0,0,True,3,0,0x437b8c,,memory read,,True,
hi-hc-one_s2_r1_hook,hi-hc-one,2,1,d6fce697abd2,75,65536,0,0,True,2,0,0x437b8c,,memory read,,True,
hi-hc-one_s1_r1_hook,hi-hc-one,1,1,d805d28fa1c9,89,65536,0,0,True,1,0,0x437b8c,,memory read,,True,
hi-hc-one_s3_r1_hook,hi-hc-one,3,1,feb144005897,91,65536,0,0,True,3,0,0x437b8c,,memory read,,True,
hi-hc-three_s1_r1_hook,hi-hc-three,1,1,d805d28fa1c9,251,65536,0,0,True,1,0,0x437b8c,,memory read,,True,
hi-hc-three_s2_r1_hook,hi-hc-three,2,1,d6fce697abd2,279,65536,0,0,True,2,0,0x437b8c,,memory read,,True,
hi-hc-three_s3_r1_hook,hi-hc-three,3,1,feb144005897,263,65536,0,0,True,3,0,0x437b8c,,memory read,,True,
hi-hi-half_s1_r1_hook,hi-hi-half,1,1,d805d28fa1c9,108,65536,0,0,True,1,0,0x437b8c,,memory read,,True,
hi-hi-half_s2_r1_hook,hi-hi-half,2,1,d6fce697abd2,98,65536,0,0,True,2,0,0x437b8c,0x457907,reseed record,,True,
hi-hi-half_s3_r1_hook,hi-hi-half,3,1,feb144005897,69,65536,0,0,True,3,0,0x437b8c,,memory read,,True,
hi-hi-half-one_s1_r1_hook,hi-hi-half-one,1,1,d805d28fa1c9,62,65536,0,0,True,1,0,0x437b8c,,memory read,,True,
hi-hi-half-one_s3_r1_hook,hi-hi-half-one,3,1,feb144005897,55,65536,0,0,True,3,0,0x437b8c,,memory read,,True,
hi-hi-half-one_s2_r1_hook,hi-hi-half-one,2,1,d6fce697abd2,63,65536,0,0,True,2,0,0x437b8c,0x457907,reseed record,,True,
hi-hi-half-three_s1_r1_hook,hi-hi-half-three,1,1,d805d28fa1c9,56,65536,0,0,True,1,0,0x437b8c,,memory read,,True,
hi-hi-half-three_s2_r1_hook,hi-hi-half-three,2,1,d6fce697abd2,50,65536,0,0,True,2,0,0x437b8c,,memory read,,True,
hi-hi-half-three_s3_r1_hook,hi-hi-half-three,3,1,feb144005897,56,65536,0,0,True,3,0,0x437b8c,,memory read,,True,
hi-hi-one-three_s1_r1_hook,hi-hi-one-three,1,1,d805d28fa1c9,76,65536,0,0,True,1,0,0x437b8c,,memory read,,True,
hi-hi-one_s2_r1_hook,hi-hi-one,2,1,d6fce697abd2,106,65536,0,0,True,2,0,0x437b8c,,memory read,,True,
hi-hi-one_s3_r1_hook,hi-hi-one,3,1,feb144005897,84,65536,0,0,True,3,0,0x437b8c,0x457907,reseed record,,True,
hi-hi-one-half_s1_r1_hook,hi-hi-one-half,1,1,d805d28fa1c9,68,65536,0,0,True,1,0,0x437b8c,,memory read,,True,
hi-hi-one-half_s2_r1_hook,hi-hi-one-half,2,1,d6fce697abd2,61,65536,0,0,True,2,0,0x437b8c,,memory read,,True,
hi-hi-one-half_s3_r1_hook,hi-hi-one-half,3,1,feb144005897,75,65536,0,0,True,3,0,0x437b8c,,memory read,,True,
hi-hi-one-three_s2_r1_hook,hi-hi-one-three,2,1,d6fce697abd2,69,65536,0,0,True,2,0,0x437b8c,,memory read,,True,
hi-hi-one-three_s3_r1_hook,hi-hi-one-three,3,1,feb144005897,77,65536,0,0,True,3,0,0x437b8c,0x457907,reseed record,,True,
hi-hi-three_s1_r1_hook,hi-hi-three,1,1,d805d28fa1c9,347,65536,0,0,True,1,0,0x437b8c,,memory read,,True,
hi-hi-three-half_s1_r1_hook,hi-hi-three-half,1,1,d805d28fa1c9,62,65536,0,0,True,1,0,0x437b8c,,memory read,,True,
hi-hi-three-half_s2_r1_hook,hi-hi-three-half,2,1,d6fce697abd2,56,65536,0,0,True,2,0,0x437b8c,,memory read,,True,
hi-hi-three_s2_r1_hook,hi-hi-three,2,1,d6fce697abd2,332,65536,0,0,True,2,0,0x437b8c,0x457907,reseed record,,True,
hi-hi-three-half_s3_r1_hook,hi-hi-three-half,3,1,feb144005897,56,65536,0,0,True,3,0,0x437b8c,,memory read,,True,
hi-hi-three_s3_r1_hook,hi-hi-three,3,1,feb144005897,319,65536,0,0,True,3,0,0x437b8c,0x457907,reseed record,,True,
hi-hi-three-one_s1_r1_hook,hi-hi-three-one,1,1,d805d28fa1c9,82,65536,0,0,True,1,0,0x437b8c,,memory read,,True,
hi-lc-half_s1_r1_hook,hi-lc-half,1,1,d805d28fa1c9,118,65536,0,0,True,1,0,0x437b8c,,memory read,,True,
hi-lc-half_s2_r1_hook,hi-lc-half,2,1,d6fce697abd2,118,65536,0,0,True,2,0,0x437b8c,,memory read,,True,
hi-hi-three-one_s2_r1_hook,hi-hi-three-one,2,1,d6fce697abd2,82,65536,0,0,True,2,0,0x437b8c,,memory read,,True,
hi-lc-half_s3_r1_hook,hi-lc-half,3,1,feb144005897,118,65536,0,0,True,3,0,0x437b8c,,memory read,,True,
hi-hi-three-one_s3_r1_hook,hi-hi-three-one,3,1,feb144005897,82,65536,0,0,True,3,0,0x437b8c,,memory read,,True,
hi-lc-one_s1_r1_hook,hi-lc-one,1,1,d805d28fa1c9,125,65536,0,0,True,1,0,0x437b8c,,memory read,,True,
hi-lc-three_s1_r1_hook,hi-lc-three,1,1,d805d28fa1c9,349,65536,0,0,True,1,0,0x437b8c,,memory read,,True,
hi-lc-one_s2_r1_hook,hi-lc-one,2,1,d6fce697abd2,125,65536,0,0,True,2,0,0x437b8c,,memory read,,True,
hi-lc-three_s2_r1_hook,hi-lc-three,2,1,d6fce697abd2,387,65536,0,0,True,2,0,0x437b8c,,memory read,,True,
hi-lc-one_s3_r1_hook,hi-lc-one,3,1,feb144005897,125,65536,0,0,True,3,0,0x437b8c,,memory read,,True,
hi-lc-three_s3_r1_hook,hi-lc-three,3,1,feb144005897,363,65536,0,0,True,3,0,0x437b8c,,memory read,,True,
hi-li-half_s1_r1_hook,hi-li-half,1,1,d805d28fa1c9,82,65536,0,0,True,1,0,0x437b8c,,memory read,,True,
hi-li-half-one_s1_r1_hook,hi-li-half-one,1,1,d805d28fa1c9,96,65536,0,0,True,1,0,0x437b8c,,memory read,,True,
hi-li-half_s2_r1_hook,hi-li-half,2,1,d6fce697abd2,75,65536,0,0,True,2,0,0x437b8c,,memory read,,True,
hi-li-half-one_s2_r1_hook,hi-li-half-one,2,1,d6fce697abd2,96,65536,0,0,True,2,0,0x437b8c,,memory read,,True,
hi-li-half_s3_r1_hook,hi-li-half,3,1,feb144005897,82,65536,0,0,True,3,0,0x437b8c,,memory read,,True,
hi-li-half-one_s3_r1_hook,hi-li-half-one,3,1,feb144005897,89,65536,0,0,True,3,0,0x437b8c,,memory read,,True,
hi-li-one_s1_r1_hook,hi-li-one,1,1,d805d28fa1c9,96,65536,0,0,True,1,0,0x437b8c,,memory read,,True,
hi-li-half-three_s1_r1_hook,hi-li-half-three,1,1,d805d28fa1c9,155,65536,0,0,True,1,0,0x437b8c,0x457907,reseed record,,True,
hi-li-one_s2_r1_hook,hi-li-one,2,1,d6fce697abd2,89,65536,0,0,True,2,0,0x437b8c,,memory read,,True,
hi-li-half-three_s2_r1_hook,hi-li-half-three,2,1,d6fce697abd2,152,65536,0,0,True,2,0,0x437b8c,,memory read,,True,
hi-li-one_s3_r1_hook,hi-li-one,3,1,feb144005897,89,65536,0,0,True,3,0,0x437b8c,,memory read,,True,
hi-li-half-three_s3_r1_hook,hi-li-half-three,3,1,feb144005897,134,65536,0,0,True,3,0,0x437b8c,0x457907,reseed record,,True,
hi-li-one-three_s1_r1_hook,hi-li-one-three,1,1,d805d28fa1c9,276,65536,0,0,True,1,0,0x437b8c,,memory read,,True,
hi-li-one-half_s1_r1_hook,hi-li-one-half,1,1,d805d28fa1c9,82,65536,0,0,True,1,0,0x437b8c,,memory read,,True,
hi-li-one-half_s2_r1_hook,hi-li-one-half,2,1,d6fce697abd2,75,65536,0,0,True,2,0,0x437b8c,,memory read,,True,
hi-li-one-three_s2_r1_hook,hi-li-one-three,2,1,d6fce697abd2,282,65536,0,0,True,2,0,0x437b8c,,memory read,,True,
hi-li-one-three_s3_r1_hook,hi-li-one-three,3,1,feb144005897,276,65536,0,0,True,3,0,0x437b8c,,memory read,,True,
hi-li-one-half_s3_r1_hook,hi-li-one-half,3,1,feb144005897,75,65536,0,0,True,3,0,0x437b8c,,memory read,,True,
hi-li-three-half_s1_r1_hook,hi-li-three-half,1,1,d805d28fa1c9,69,65536,0,0,True,1,0,0x437b8c,,memory read,,True,
hi-li-three_s1_r1_hook,hi-li-three,1,1,d805d28fa1c9,257,65536,0,0,True,1,0,0x437b8c,,memory read,,True,
hi-li-three-half_s2_r1_hook,hi-li-three-half,2,1,d6fce697abd2,69,65536,0,0,True,2,0,0x437b8c,,memory read,,True,
hi-li-three_s2_r1_hook,hi-li-three,2,1,d6fce697abd2,242,65536,0,0,True,2,0,0x437b8c,,memory read,,True,
hi-li-three-half_s3_r1_hook,hi-li-three-half,3,1,feb144005897,76,65536,0,0,True,3,0,0x437b8c,,memory read,,True,
hi-li-three_s3_r1_hook,hi-li-three,3,1,feb144005897,241,65536,0,0,True,3,0,0x437b8c,,memory read,,True,
lc-ar-half_s1_r1_hook,lc-ar-half,1,1,d805d28fa1c9,84,65536,0,0,True,1,0,0x437b8c,,memory read,,True,
hi-li-three-one_s1_r1_hook,hi-li-three-one,1,1,d805d28fa1c9,82,65536,0,0,True,1,0,0x437b8c,,memory read,,True,
lc-ar-half_s2_r1_hook,lc-ar-half,2,1,d6fce697abd2,122,65536,0,0,True,2,0,0x437b8c,,memory read,,True,
hi-li-three-one_s2_r1_hook,hi-li-three-one,2,1,d6fce697abd2,82,65536,0,0,True,2,0,0x437b8c,,memory read,,True,
lc-ar-half_s3_r1_hook,lc-ar-half,3,1,feb144005897,98,65536,0,0,True,3,0,0x437b8c,,memory read,,True,
hi-li-three-one_s3_r1_hook,hi-li-three-one,3,1,feb144005897,82,65536,0,0,True,3,0,0x437b8c,,memory read,,True,
lc-ar-half-one_s1_r1_hook,lc-ar-half-one,1,1,d805d28fa1c9,194,65536,0,0,True,1,0,0x437b8c,,memory read,,True,
lc-ar-half-one_s2_r1_hook,lc-ar-half-one,2,1,d6fce697abd2,194,65536,0,0,True,2,0,0x437b8c,,memory read,,True,
lc-ar-half-one_s3_r1_hook,lc-ar-half-one,3,1,feb144005897,194,65536,0,0,True,3,0,0x437b8c,,memory read,,True,
lc-ar-half-three_s1_r1_hook,lc-ar-half-three,1,1,d805d28fa1c9,116,65536,0,0,True,1,0,0x437b8c,,memory read,,True,
lc-ar-half-three_s2_r1_hook,lc-ar-half-three,2,1,d6fce697abd2,116,65536,0,0,True,2,0,0x437b8c,,memory read,,True,
lc-ar-half-three_s3_r1_hook,lc-ar-half-three,3,1,feb144005897,126,65536,0,0,True,3,0,0x437b8c,,memory read,,True,
lc-ar-one_s1_r1_hook,lc-ar-one,1,1,d805d28fa1c9,122,65536,0,0,True,1,0,0x437b8c,,memory read,,True,
lc-ar-one_s2_r1_hook,lc-ar-one,2,1,d6fce697abd2,170,65536,0,0,True,2,0,0x437b8c,,memory read,,True,
lc-ar-one_s3_r1_hook,lc-ar-one,3,1,feb144005897,146,65536,0,0,True,3,0,0x437b8c,,memory read,,True,
lc-ar-one-half_s1_r1_hook,lc-ar-one-half,1,1,d805d28fa1c9,80,65536,0,0,True,1,0,0x437b8c,,memory read,,True,
lc-ar-one-half_s2_r1_hook,lc-ar-one-half,2,1,d6fce697abd2,84,65536,0,0,True,2,0,0x437b8c,,memory read,,True,
lc-ar-one-half_s3_r1_hook,lc-ar-one-half,3,1,feb144005897,84,65536,0,0,True,3,0,0x437b8c,,memory read,,True,
lc-ar-one-three_s1_r1_hook,lc-ar-one-three,1,1,d805d28fa1c9,236,65536,0,0,True,1,0,0x437b8c,,memory read,,True,
lc-ar-one-three_s2_r1_hook,lc-ar-one-three,2,1,d6fce697abd2,198,65536,0,0,True,2,0,0x437b8c,,memory read,,True,
lc-ar-one-three_s3_r1_hook,lc-ar-one-three,3,1,feb144005897,258,65536,0,0,True,3,0,0x437b8c,,memory read,,True,
lc-ar-three_s1_r1_hook,lc-ar-three,1,1,d805d28fa1c9,276,65536,0,0,True,1,0,0x437b8c,,memory read,,True,
lc-ar-three_s2_r1_hook,lc-ar-three,2,1,d6fce697abd2,276,65536,0,0,True,2,0,0x437b8c,,memory read,,True,
lc-ar-three_s3_r1_hook,lc-ar-three,3,1,feb144005897,278,65536,0,0,True,3,0,0x437b8c,,memory read,,True,
lc-ar-three-half_s1_r1_hook,lc-ar-three-half,1,1,d805d28fa1c9,65,65536,0,0,True,1,0,0x437b8c,,memory read,,True,
lc-ar-three-half_s2_r1_hook,lc-ar-three-half,2,1,d6fce697abd2,60,65536,0,0,True,2,0,0x437b8c,,memory read,,True,
lc-ar-three-half_s3_r1_hook,lc-ar-three-half,3,1,feb144005897,60,65536,0,0,True,3,0,0x437b8c,,memory read,,True,
lc-ar-three-one_s1_r1_hook,lc-ar-three-one,1,1,d805d28fa1c9,81,65536,0,0,True,1,0,0x437b8c,,memory read,,True,
lc-ar-three-one_s2_r1_hook,lc-ar-three-one,2,1,d6fce697abd2,84,65536,0,0,True,2,0,0x437b8c,,memory read,,True,
lc-ar-three-one_s3_r1_hook,lc-ar-three-one,3,1,feb144005897,80,65536,0,0,True,3,0,0x437b8c,,memory read,,True,
lc-hc-half_s1_r1_hook,lc-hc-half,1,1,d805d28fa1c9,99,65536,0,0,True,1,0,0x437b8c,,memory read,,True,
lc-hc-half_s2_r1_hook,lc-hc-half,2,1,d6fce697abd2,92,65536,0,0,True,2,0,0x437b8c,,memory read,,True,
lc-hc-half_s3_r1_hook,lc-hc-half,3,1,feb144005897,99,65536,0,0,True,3,0,0x437b8c,,memory read,,True,
lc-hc-one_s1_r1_hook,lc-hc-one,1,1,d805d28fa1c9,106,65536,0,0,True,1,0,0x437b8c,,memory read,,True,
lc-hc-one_s2_r1_hook,lc-hc-one,2,1,d6fce697abd2,99,65536,0,0,True,2,0,0x437b8c,,memory read,,True,
lc-hc-one_s3_r1_hook,lc-hc-one,3,1,feb144005897,113,65536,0,0,True,3,0,0x437b8c,,memory read,,True,
lc-hc-three_s1_r1_hook,lc-hc-three,1,1,d805d28fa1c9,353,65536,0,0,True,1,0,0x437b8c,,memory read,,True,
lc-hc-three_s2_r1_hook,lc-hc-three,2,1,d6fce697abd2,296,65536,0,0,True,2,0,0x437b8c,,memory read,,True,
lc-hi-half_s1_r1_hook,lc-hi-half,1,1,d805d28fa1c9,99,65536,0,0,True,1,0,0x437b8c,,memory read,,True,
lc-hc-three_s3_r1_hook,lc-hc-three,3,1,feb144005897,272,65536,0,0,True,3,0,0x437b8c,,memory read,,True,
lc-hi-half_s3_r1_hook,lc-hi-half,3,1,feb144005897,113,65536,0,0,True,3,0,0x437b8c,,memory read,,True,
lc-hi-half_s2_r1_hook,lc-hi-half,2,1,d6fce697abd2,100,65536,0,0,True,2,0,0x437b8c,0x457907,reseed record,,True,
lc-hi-one_s3_r1_hook,lc-hi-one,3,1,feb144005897,120,65536,0,0,True,3,0,0x437b8c,,memory read,,True,
lc-hi-three_s1_r1_hook,lc-hi-three,1,1,d805d28fa1c9,373,65536,0,0,True,1,0,0x437b8c,,memory read,,True,
lc-hi-one_s1_r1_hook,lc-hi-one,1,1,d805d28fa1c9,114,65536,0,0,True,1,0,0x437b8c,0x457907,reseed record,,True,
lc-hi-one_s2_r1_hook,lc-hi-one,2,1,d6fce697abd2,107,65536,0,0,True,2,0,0x437b8c,0x457907,reseed record,,True,
lc-hi-three_s3_r1_hook,lc-hi-three,3,1,feb144005897,371,65536,0,0,True,3,0,0x437b8c,,memory read,,True,
lc-hi-three_s2_r1_hook,lc-hi-three,2,1,d6fce697abd2,361,65536,0,0,True,2,0,0x437b8c,0x457907,reseed record,,True,
lc-lc-half_s3_r1_hook,lc-lc-half,3,1,feb144005897,131,65536,0,0,True,3,0,0x437b8c,,memory read,,True,
lc-lc-one_s1_r1_hook,lc-lc-one,1,1,d805d28fa1c9,149,65536,0,0,True,1,0,0x437b8c,,memory read,,True,
lc-lc-half_s2_r1_hook,lc-lc-half,2,1,d6fce697abd2,147,65536,0,0,True,2,0,0x437b8c,,memory read,,True,
lc-lc-half_s1_r1_hook,lc-lc-half,1,1,d805d28fa1c9,132,65536,0,0,True,1,0,0x437b8c,0x457907,reseed record,,True,
lc-lc-one_s3_r1_hook,lc-lc-one,3,1,feb144005897,148,65536,0,0,True,3,0,0x437b8c,0x457907,reseed record,,True,
lc-lc-one_s2_r1_hook,lc-lc-one,2,1,d6fce697abd2,154,65536,0,0,True,2,0,0x437b8c,,memory read,,True,
lc-lc-three_s2_r1_hook,lc-lc-three,2,1,d6fce697abd2,448,65536,0,0,True,2,0,0x437b8c,,memory read,,True,
lc-li-half_s1_r1_hook,lc-li-half,1,1,d805d28fa1c9,136,65536,0,0,True,1,0,0x437b8c,,memory read,,True,
lc-lc-three_s1_r1_hook,lc-lc-three,1,1,d805d28fa1c9,415,65536,0,0,True,1,0,0x437b8c,0x457907,reseed record,,True,
lc-li-half_s2_r1_hook,lc-li-half,2,1,d6fce697abd2,127,65536,0,0,True,2,0,0x437b8c,,memory read,,True,
lc-li-half_s3_r1_hook,lc-li-half,3,1,feb144005897,136,65536,0,0,True,3,0,0x437b8c,,memory read,,True,
lc-lc-three_s3_r1_hook,lc-lc-three,3,1,feb144005897,406,65536,0,0,True,3,0,0x437b8c,0x457907,reseed record,,True,
lc-li-one_s2_r1_hook,lc-li-one,2,1,d6fce697abd2,134,65536,0,0,True,2,0,0x437b8c,,memory read,,True,
lc-li-one_s1_r1_hook,lc-li-one,1,1,d805d28fa1c9,143,65536,0,0,True,1,0,0x437b8c,,memory read,,True,
lc-li-three_s1_r1_hook,lc-li-three,1,1,d805d28fa1c9,401,65536,0,0,True,1,0,0x437b8c,,memory read,,True,
lc-li-three_s2_r1_hook,lc-li-three,2,1,d6fce697abd2,383,65536,0,0,True,2,0,0x437b8c,,memory read,,True,
lc-li-three_s3_r1_hook,lc-li-three,3,1,feb144005897,345,65536,0,0,True,3,0,0x437b8c,,memory read,,True,
lc-li-one_s3_r1_hook,lc-li-one,3,1,feb144005897,143,65536,0,0,True,3,0,0x437b8c,,memory read,,True,
li-ar-half_s2_r1_hook,li-ar-half,2,1,d6fce697abd2,74,65536,0,0,True,2,0,0x437b8c,,memory read,,True,
li-ar-one_s1_r1_hook,li-ar-one,1,1,d805d28fa1c9,104,65536,0,0,True,1,0,0x437b8c,,memory read,,True,
li-ar-half_s1_r1_hook,li-ar-half,1,1,d805d28fa1c9,76,65536,0,0,True,1,0,0x437b8c,,memory read,,True,
li-ar-one_s2_r1_hook,li-ar-one,2,1,d6fce697abd2,84,65536,0,0,True,2,0,0x437b8c,,memory read,,True,
li-ar-one_s3_r1_hook,li-ar-one,3,1,feb144005897,108,65536,0,0,True,3,0,0x437b8c,,memory read,,True,
li-ar-half_s3_r1_hook,li-ar-half,3,1,feb144005897,82,65536,0,0,True,3,0,0x437b8c,,memory read,,True,
li-ar-three_s2_r1_hook,li-ar-three,2,1,d6fce697abd2,242,65536,0,0,True,2,0,0x437b8c,,memory read,,True,
li-hc-half_s1_r1_hook,li-hc-half,1,1,d805d28fa1c9,141,65536,0,0,True,1,0,0x437b8c,,memory read,,True,
li-ar-three_s1_r1_hook,li-ar-three,1,1,d805d28fa1c9,244,65536,0,0,True,1,0,0x437b8c,,memory read,,True,
li-hc-half_s2_r1_hook,li-hc-half,2,1,d6fce697abd2,112,65536,0,0,True,2,0,0x437b8c,,memory read,,True,
li-hc-half_s3_r1_hook,li-hc-half,3,1,feb144005897,161,65536,0,0,True,3,0,0x437b8c,,memory read,,True,
li-ar-three_s3_r1_hook,li-ar-three,3,1,feb144005897,248,65536,0,0,True,3,0,0x437b8c,,memory read,,True,
li-hc-one_s2_r1_hook,li-hc-one,2,1,d6fce697abd2,133,65536,0,0,True,2,0,0x437b8c,,memory read,,True,
li-hc-three_s1_r1_hook,li-hc-three,1,1,d805d28fa1c9,302,65536,0,0,True,1,0,0x437b8c,,memory read,,True,
li-hc-one_s1_r1_hook,li-hc-one,1,1,d805d28fa1c9,141,65536,0,0,True,1,0,0x437b8c,,memory read,,True,
li-hc-three_s2_r1_hook,li-hc-three,2,1,d6fce697abd2,312,65536,0,0,True,2,0,0x437b8c,,memory read,,True,
li-hc-three_s3_r1_hook,li-hc-three,3,1,feb144005897,316,65536,0,0,True,3,0,0x437b8c,,memory read,,True,
li-hc-one_s3_r1_hook,li-hc-one,3,1,feb144005897,183,65536,0,0,True,3,0,0x437b8c,0x457907,reseed record,,True,
li-hi-half_s2_r1_hook,li-hi-half,2,1,d6fce697abd2,74,65536,0,0,True,2,0,0x437b8c,,memory read,,True,
li-hi-half_s1_r1_hook,li-hi-half,1,1,d805d28fa1c9,84,65536,0,0,True,1,0,0x437b8c,,memory read,,True,
li-hi-half-one_s2_r1_hook,li-hi-half-one,2,1,d6fce697abd2,74,65536,0,0,True,2,0,0x437b8c,,memory read,,True,
li-hi-half-one_s1_r1_hook,li-hi-half-one,1,1,d805d28fa1c9,78,65536,0,0,True,1,0,0x437b8c,0x457907,reseed record,,True,
li-hi-half-one_s3_r1_hook,li-hi-half-one,3,1,feb144005897,78,65536,0,0,True,3,0,0x437b8c,0x457907,reseed record,,True,
li-hi-half_s3_r1_hook,li-hi-half,3,1,feb144005897,84,65536,0,0,True,3,0,0x437b8c,,memory read,,True,
li-hi-half-three_s2_r1_hook,li-hi-half-three,2,1,d6fce697abd2,75,65536,0,0,True,2,0,0x437b8c,,memory read,,True,
li-hi-half-three_s1_r1_hook,li-hi-half-three,1,1,d805d28fa1c9,76,65536,0,0,True,1,0,0x437b8c,,memory read,,True,
li-hi-one_s2_r1_hook,li-hi-one,2,1,d6fce697abd2,92,65536,0,0,True,2,0,0x437b8c,,memory read,,True,
li-hi-one_s1_r1_hook,li-hi-one,1,1,d805d28fa1c9,91,65536,0,0,True,1,0,0x437b8c,,memory read,,True,
li-hi-one_s3_r1_hook,li-hi-one,3,1,feb144005897,92,65536,0,0,True,3,0,0x437b8c,0x457907,reseed record,,True,
li-hi-half-three_s3_r1_hook,li-hi-half-three,3,1,feb144005897,77,65536,0,0,True,3,0,0x437b8c,0x457907,reseed record,,True,
li-hi-one-half_s2_r1_hook,li-hi-one-half,2,1,d6fce697abd2,92,65536,0,0,True,2,0,0x437b8c,,memory read,,True,
li-hi-one-half_s1_r1_hook,li-hi-one-half,1,1,d805d28fa1c9,98,65536,0,0,True,1,0,0x437b8c,,memory read,,True,
li-hi-one-three_s2_r1_hook,li-hi-one-three,2,1,d6fce697abd2,88,65536,0,0,True,2,0,0x437b8c,,memory read,,True,
li-hi-one-three_s1_r1_hook,li-hi-one-three,1,1,d805d28fa1c9,88,65536,0,0,True,1,0,0x437b8c,,memory read,,True,
li-hi-one-half_s3_r1_hook,li-hi-one-half,3,1,feb144005897,98,65536,0,0,True,3,0,0x437b8c,,memory read,,True,
li-hi-one-three_s3_r1_hook,li-hi-one-three,3,1,feb144005897,89,65536,0,0,True,3,0,0x437b8c,0x457907,reseed record,,True,
li-hi-three_s1_r1_hook,li-hi-three,1,1,d805d28fa1c9,244,65536,0,0,True,1,0,0x437b8c,,memory read,,True,
li-hi-three_s2_r1_hook,li-hi-three,2,1,d6fce697abd2,246,65536,0,0,True,2,0,0x437b8c,,memory read,,True,
li-hi-three-half_s1_r1_hook,li-hi-three-half,1,1,d805d28fa1c9,141,65536,0,0,True,1,0,0x437b8c,,memory read,,True,
li-hi-three-half_s2_r1_hook,li-hi-three-half,2,1,d6fce697abd2,172,65536,0,0,True,2,0,0x437b8c,,memory read,,True,
li-hi-three_s3_r1_hook,li-hi-three,3,1,feb144005897,245,65536,0,0,True,3,0,0x437b8c,0x457907,reseed record,,True,
li-hi-three-half_s3_r1_hook,li-hi-three-half,3,1,feb144005897,160,65536,0,0,True,3,0,0x437b8c,,memory read,,True,
li-hi-three-one_s1_r1_hook,li-hi-three-one,1,1,d805d28fa1c9,282,65536,0,0,True,1,0,0x437b8c,,memory read,,True,
li-lc-half_s1_r1_hook,li-lc-half,1,1,d805d28fa1c9,123,65536,0,0,True,1,0,0x437b8c,,memory read,,True,
li-hi-three-one_s2_r1_hook,li-hi-three-one,2,1,d6fce697abd2,278,65536,0,0,True,2,0,0x437b8c,0x457907,reseed record,,True,
li-lc-half_s3_r1_hook,li-lc-half,3,1,feb144005897,110,65536,0,0,True,3,0,0x437b8c,,memory read,,True,
li-lc-half_s2_r1_hook,li-lc-half,2,1,d6fce697abd2,111,65536,0,0,True,2,0,0x437b8c,0x457907,reseed record,,True,
li-hi-three-one_s3_r1_hook,li-hi-three-one,3,1,feb144005897,279,65536,0,0,True,3,0,0x437b8c,0x457907,reseed record,,True,
li-lc-one_s1_r1_hook,li-lc-one,1,1,d805d28fa1c9,139,65536,0,0,True,1,0,0x437b8c,,memory read,,True,
li-lc-three_s1_r1_hook,li-lc-three,1,1,d805d28fa1c9,329,65536,0,0,True,1,0,0x437b8c,0x457907,reseed record,,True,
li-lc-one_s2_r1_hook,li-lc-one,2,1,d6fce697abd2,129,65536,0,0,True,2,0,0x437b8c,0x457907,reseed record,,True,
li-lc-one_s3_r1_hook,li-lc-one,3,1,feb144005897,121,65536,0,0,True,3,0,0x437b8c,,memory read,,True,
li-lc-three_s3_r1_hook,li-lc-three,3,1,feb144005897,374,65536,0,0,True,3,0,0x437b8c,0x457907,reseed record,,True,
li-lc-three_s2_r1_hook,li-lc-three,2,1,d6fce697abd2,364,65536,0,0,True,2,0,0x437b8c,0x457907,reseed record,,True,
li-li-half_s1_r1_hook,li-li-half,1,1,d805d28fa1c9,148,65536,0,0,True,1,0,0x437b8c,,memory read,,True,
li-li-half_s3_r1_hook,li-li-half,3,1,feb144005897,124,65536,0,0,True,3,0,0x437b8c,,memory read,,True,
li-li-one_s1_r1_hook,li-li-one,1,1,d805d28fa1c9,167,65536,0,0,True,1,0,0x437b8c,0x457907,reseed record,,True,
li-li-half_s2_r1_hook,li-li-half,2,1,d6fce697abd2,121,65536,0,0,True,2,0,0x437b8c,0x457907,reseed record,,True,
li-li-one_s2_r1_hook,li-li-one,2,1,d6fce697abd2,136,65536,0,0,True,2,0,0x437b8c,,memory read,,True,
li-li-one_s3_r1_hook,li-li-one,3,1,feb144005897,136,65536,0,0,True,3,0,0x437b8c,0x457907,reseed record,,True,
li-li-three_s1_r1_hook,li-li-three,1,1,d805d28fa1c9,374,65536,0,0,True,1,0,0x437b8c,0x457907,reseed record,,True,
li-li-three_s3_r1_hook,li-li-three,3,1,feb144005897,301,65536,0,0,True,3,0,0x437b8c,0x457907,reseed record,,True,
li-li-three_s2_r1_hook,li-li-three,2,1,d6fce697abd2,348,65536,0,0,True,2,0,0x437b8c,0x457907,reseed record,,True,
