seq,kind,site,eax,edx,ecx,seed_before,seed_after,result,counter,side,flag,ebp
0,start,0x0,25517812,1,3275736,1,1,0,0,0,0,0x31fc80
1,random,0x43801a,24,23,0,1,134775814,0,0,0,0,0x4a0344
2,random,0x43812f,24,22,0,134775814,3698175007,20,0,0,0,0x4a06b4
3,random,0x43820d,5,720896,0,3698175007,870078620,1,1,1,1,0x47c1ec
4,marker,0x4393ec,0,3276076,0,870078620,870078620,0,1,0,1,0x47c1ec
5,random,0x43820d,5,0,0,870078620,1172187917,1,2,0,1,0x31fc74
6,marker,0x4393ec,0,3276076,0,1172187917,1172187917,0,2,0,1,0x31fc74
7,marker,0x4393ec,0,3276076,0,1172187917,1172187917,0,3,1,1,0x31fc74
8,marker,0x4393ec,0,3276076,0,1172187917,1172187917,0,4,0,1,0x31fc74
9,marker,0x4393ec,0,3276076,0,1172187917,1172187917,0,5,1,1,0x31fc74
10,marker,0x4393ec,0,3276076,0,1172187917,1172187917,0,6,0,1,0x31fc74
11,marker,0x43910c,3211264,327700,262152,1172187917,1172187917,0,7,0,1,0x31fbd4
12,random,0x439188,17,1166,3,1172187917,2884733762,11,7,0,1,0x49f00c
13,random,0x439191,17,11,3,2884733762,1368768587,5,7,0,1,0x49f00c
14,marker,0x438fb0,327700,0,3001,1368768587,1368768587,0,7,0,1,0x49f00c
15,marker,0x43910c,3211264,327700,0,1368768587,1368768587,0,7,0,1,0x31fbd4
16,random,0x439188,17,1166,3,1368768587,694906232,2,7,0,1,0x49f00c
17,random,0x439191,17,2,3,694906232,1598751577,6,7,0,1,0x49f00c
18,marker,0x438fb0,327700,0,2985,1598751577,1598751577,0,7,0,1,0x49f00c
19,marker,0x43910c,3211264,327700,0,1598751577,1598751577,0,7,0,1,0x31fbd4
20,random,0x439188,17,1166,3,1598751577,1828254910,7,7,0,1,0x49f00c
21,random,0x439191,17,7,3,1828254910,352239543,1,7,0,1,0x49f00c
22,marker,0x438fb0,327700,0,2977,352239543,352239543,0,7,0,1,0x49f00c
23,marker,0x43910c,3211264,327700,0,352239543,352239543,0,7,0,1,0x31fbd4
24,random,0x439188,17,1166,3,352239543,2039224980,8,7,0,1,0x49f00c
25,random,0x439191,17,8,3,2039224980,303092965,1,7,0,1,0x49f00c
26,marker,0x438fb0,327700,0,2969,303092965,303092965,0,7,0,1,0x49f00c
27,marker,0x43910c,3211264,327700,0,303092965,303092965,0,7,0,1,0x31fbd4
28,random,0x439188,17,1166,3,303092965,3611442298,14,7,0,1,0x49f00c
29,random,0x439191,17,14,3,3611442298,256513635,1,7,0,1,0x49f00c
30,marker,0x438fb0,327700,0,2960,256513635,256513635,0,7,0,1,0x49f00c
31,marker,0x4393ec,0,3276076,0,256513635,256513635,0,7,1,1,0x31fc74
32,random,0x439557,543,9,12,256513635,1259699184,159,7,1,1,0x21f
33,random,0x43955f,543,159,12,1259699184,3939707825,498,7,1,1,0x21f
34,random,0x4395ce,159,1,10,3939707825,1580146294,58,7,1,1,0x20e
35,random,0x4395d8,159,58,10,1580146294,3327160399,123,7,1,1,0x20e
36,marker,0x438fb0,0,90,6,3327160399,3327160399,0,7,1,1,0x20e
37,marker,0x438fb0,4522004,4,0,3327160399,3327160399,0,7,1,1,0x20e
38,marker,0x4393ec,0,3276076,0,3327160399,3327160399,0,8,0,1,0x31fc74
39,random,0x439557,108,11,12,3327160399,1408429452,35,8,0,1,0x6c
40,random,0x43955f,108,35,12,1408429452,2996491197,75,8,0,1,0x6c
41,random,0x4395ce,618,5,10,2996491197,3625686706,521,8,0,1,0x59
42,random,0x4395d8,618,521,10,3625686706,3083712891,443,8,0,1,0x59
43,marker,0x438fb0,20,59,30,3083712891,3083712891,0,8,0,1,0x59
44,marker,0x438fb0,4521984,3,0,3083712891,3083712891,0,8,0,1,0x59
45,marker,0x43910c,3211264,327700,262152,3083712891,3083712891,0,9,0,1,0x31fbd4
46,random,0x439188,8,594,3,3083712891,1317014376,2,9,0,1,0x49f00c
47,random,0x439191,8,2,3,1317014376,698472713,1,9,0,1,0x49f00c
48,marker,0x438fb0,327700,0,2602,698472713,698472713,0,9,0,1,0x49f00c
49,marker,0x43910c,3211264,327700,0,698472713,698472713,0,9,0,1,0x31fbd4
50,random,0x439188,8,594,3,698472713,1415176494,2,9,0,1,0x49f00c
51,random,0x439191,8,2,3,1415176494,2001542631,3,9,0,1,0x49f00c
52,marker,0x438fb0,327700,0,2599,2001542631,2001542631,0,9,0,1,0x49f00c
53,marker,0x43910c,3211264,327700,0,2001542631,2001542631,0,9,0,1,0x31fbd4
54,random,0x439188,8,594,3,2001542631,1059369348,1,9,0,1,0x49f00c
55,random,0x439191,8,1,3,1059369348,3546253205,6,9,0,1,0x49f00c
56,marker,0x438fb0,327700,0,2594,3546253205,3546253205,0,9,0,1,0x49f00c
57,marker,0x43910c,3211264,327700,0,3546253205,3546253205,0,9,0,1,0x31fbd4
58,random,0x439188,8,594,3,3546253205,1198422506,2,9,0,1,0x49f00c
59,random,0x439191,8,2,3,1198422506,2069170579,3,9,0,1,0x49f00c
60,marker,0x438fb0,327700,0,2587,2069170579,2069170579,0,9,0,1,0x49f00c
61,marker,0x4393ec,0,3276076,0,2069170579,2069170579,0,9,1,1,0x31fc74
62,random,0x439557,511,0,12,2069170579,640744416,76,9,1,1,0x1ff
63,random,0x43955f,511,76,12,640744416,3755240289,446,9,1,1,0x1ff
64,random,0x4395ce,76,2,10,3755240289,1233919206,21,9,1,1,0x1a2
65,random,0x4395d8,76,21,10,1233919206,3318950015,58,9,1,1,0x1a2
66,marker,0x438fb0,0,94,4,3318950015,3318950015,0,9,1,1,0x1a2
67,marker,0x438fb0,4522004,4,0,3318950015,3318950015,0,9,1,1,0x1a2
68,marker,0x4393ec,0,3276076,0,3318950015,3318950015,0,10,0,1,0x31fc74
69,random,0x439557,47,4,12,3318950015,4193863292,45,10,0,1,0x2f
70,random,0x43955f,47,45,12,4193863292,2115391597,23,10,0,1,0x2f
71,random,0x4395ce,607,5,10,2115391597,3813656098,538,10,0,1,0x37
72,random,0x4395d8,607,538,10,3813656098,3553126059,502,10,0,1,0x37
73,marker,0x438fb0,20,53,44,3553126059,3553126059,0,10,0,1,0x37
74,marker,0x438fb0,4521984,3,0,3553126059,3553126059,0,10,0,1,0x37
75,marker,0x4393ec,0,3276076,0,3553126059,3553126059,0,11,1,1,0x31fc74
76,random,0x439557,507,10,12,3553126059,87174488,10,11,1,1,0x1fb
77,random,0x43955f,507,10,12,87174488,605831865,71,11,1,1,0x1fb
78,random,0x4395ce,33,5,10,605831865,616346014,4,11,1,1,0x41
79,random,0x4395d8,33,4,10,616346014,2150952983,16,11,1,1,0x41
80,marker,0x438fb0,0,98,12,2150952983,2150952983,0,11,1,1,0x41
81,marker,0x438fb0,4522004,3,0,2150952983,2150952983,0,11,1,1,0x41
82,marker,0x4393ec,0,3276076,0,2150952983,2150952983,0,12,0,1,0x31fc74
83,random,0x439557,25,0,12,2150952983,93097076,0,12,0,1,0x19
84,random,0x43955f,25,0,12,93097076,2546634309,14,12,0,1,0x19
85,random,0x4395ce,625,0,10,2546634309,41442138,6,12,0,1,0xc
86,random,0x4395d8,625,6,10,41442138,3326357699,484,12,0,1,0xc
87,marker,0x438fb0,20,47,198,3326357699,3326357699,0,12,0,1,0xc
88,marker,0x438fb0,4521984,3,0,3326357699,3326357699,0,12,0,1,0xc
89,marker,0x4393ec,0,3276076,0,3326357699,3326357699,0,13,1,1,0x31fc74
90,random,0x439557,523,2,12,3326357699,2794553296,340,13,1,1,0x20b
91,random,0x43955f,523,340,12,2794553296,3309223697,402,13,1,1,0x20b
92,random,0x4395ce,18,1,10,3309223697,3041296214,12,13,1,1,0xb5
93,random,0x4395d8,18,12,10,3041296214,2394477743,10,13,1,1,0xb5
94,marker,0x438fb0,0,101,2,2394477743,2394477743,0,13,1,1,0xb5
95,marker,0x438fb0,4522004,7,0,2394477743,2394477743,0,13,1,1,0xb5
96,flag_clear,0x437b8c,25517812,3276076,0,2394477743,2394477743,0,13,1,0,0x31fc74
97,random,0x4592bd,4,6,0,2394477743,884892524,0,13,1,0,0x310014
98,random,0x45951c,5,0,80,884892524,2925240605,3,13,1,0,0x310000
