# row source audit: 140 rows (138 stated, 2 excluded with a reason), 0 failures
id	finding	source_line	quote_on_line	key_in_finding	disposition	result
P01	purse	43101	True	True	stated	OK
P02	purse	43119	True	True	stated	OK
P03	purse	43125	True	True	stated	OK
P04	purse	43129	True	True	stated	OK
P05	purse	43134	True	True	stated	OK
P06	purse	43154	True	True	stated	OK
P07	purse	43163	True	True	stated	OK
P08	purse	43158	True	True	stated	OK
P09	purse	43013	True	True	stated	OK
P10	purse	43025	True	True	stated	OK
P11	purse	43041	True	True	stated	OK
P12	purse	43080	True	True	stated	OK
P13	purse	43072	True	True	stated	OK
P14	purse	42641	True	True	stated	OK
P15	purse	44056	True	True	stated	OK
P16	purse	44589	True	True	stated	OK
P17	purse	44624	True	True	stated	OK
P18	purse	44631	True	True	stated	OK
P19	purse	47041	True	True	stated	OK
P20	purse	48725	True	True	stated	OK
P21	purse	48733	True	True	stated	OK
P22	purse	48740	True	True	stated	OK
P23	purse	46976	True	True	stated	OK
P24	purse	46984	True	True	stated	OK
P25	purse	46987	True	True	stated	OK
P26	purse	48612	True	True	stated	OK
P27	purse	46992	True	True	stated	OK
P28	purse	47098	True	True	stated	OK
P29	purse	47106	True	True	stated	OK
P30	purse	47109	True	True	stated	OK
P31	purse	53088	True	True	stated	OK
P32	purse	53091	True	True	stated	OK
P33	purse	53092	True	True	stated	OK
P34	purse	53098	True	True	stated	OK
P35	purse	53106	True	True	stated	OK
P36	purse	52926	True	True	stated	OK
P37	purse	52242	True	True	stated	OK
P38	purse	52244	True	True	stated	OK
P39	purse	51629	True	True	stated	OK
P40	purse	46384	True	True	stated	OK
P41	purse	54750	True	True	stated	OK
P42	purse	54751	True	True	stated	OK
P43	purse	54754	True	True	stated	OK
P44	purse	54759	True	True	stated	OK
P45	purse	54765	True	True	stated	OK
P46	purse	54772	True	True	stated	OK
P47	purse	57618	True	True	stated	OK
P48	purse	49637	True	True	stated	OK
P49	purse	49642	True	True	stated	OK
P50	purse	49648	True	True	stated	OK
P51	purse	53967	True	True	stated	OK
P52	purse	53973	True	True	stated	OK
P53	purse	53975	True	True	stated	OK
P54	purse	53978	True	True	stated	OK
P55	purse	53980	True	True	stated	OK
P56	purse	53981	True	True	stated	OK
P57	purse	53201	True	True	stated	OK
P58	purse	49978	True	True	stated	OK
P59	purse	49454	True	True	stated	OK
P60	purse	53198	True	True	excluded	OK
Q201	tribute	55440	True	True	stated	OK
Q202	tribute	55445	True	True	stated	OK
Q203	tribute	48428	True	True	stated	OK
Q204	tribute	55456	True	True	stated	OK
Q205	tribute	55466	True	True	stated	OK
Q206	tribute	55542	True	True	stated	OK
Q207	tribute	55545	True	True	stated	OK
Q208	tribute	55548	True	True	stated	OK
Q209	tribute	55551	True	True	stated	OK
Q210	tribute	54866	True	True	stated	OK
Q211	tribute	54876	True	True	stated	OK
Q212	tribute	54878	True	True	stated	OK
Q213	tribute	55486	True	True	excluded	OK
R301	disband-queue	56131	True	True	stated	OK
R302	disband-queue	56148	True	True	stated	OK
R303	disband-queue	56150	True	True	stated	OK
R304	disband-queue	56157	True	True	stated	OK
R305	disband-queue	56164	True	True	stated	OK
R306	disband-queue	56167	True	True	stated	OK
R307	disband-queue	49014	True	True	stated	OK
R308	disband-queue	56172	True	True	stated	OK
R309	disband-queue	55996	True	True	stated	OK
R310	disband-queue	56003	True	True	stated	OK
R311	disband-queue	55949	True	True	stated	OK
R312	disband-queue	55950	True	True	stated	OK
R313	disband-queue	55957	True	True	stated	OK
R401	merc	43636	True	True	stated	OK
R402	merc	43637	True	True	stated	OK
R403	merc	43672	True	True	stated	OK
R404	merc	43605	True	True	stated	OK
R405	merc	54751	True	True	stated	OK
R406	merc	41084	True	True	stated	OK
R407	merc	46878	True	True	stated	OK
R408	merc	46881	True	True	stated	OK
R409	merc	46884	True	True	stated	OK
R410	merc	46885	True	True	stated	OK
R411	merc	46887	True	True	stated	OK
R412	merc	46893	True	True	stated	OK
R413	merc	46899	True	True	stated	OK
R414	merc	43644	True	True	stated	OK
R415	merc	43651	True	True	stated	OK
R501	disband-unit	45787	True	True	stated	OK
R502	disband-unit	45789	True	True	stated	OK
R503	disband-unit	45791	True	True	stated	OK
R504	disband-unit	45820	True	True	stated	OK
R505	disband-unit	45718	True	True	stated	OK
R506	disband-unit	45734	True	True	stated	OK
R507	disband-unit	45736	True	True	stated	OK
R508	disband-unit	45743	True	True	stated	OK
R509	disband-unit	45756	True	True	stated	OK
R510	disband-unit	45408	True	True	stated	OK
R511	disband-unit	48106	True	True	stated	OK
R512	disband-unit	44485	True	True	stated	OK
R513	disband-unit	43793	True	True	stated	OK
R514	disband-unit	44461	True	True	stated	OK
R601	attack	46514	True	True	stated	OK
R602	attack	46515	True	True	stated	OK
R603	attack	46532	True	True	stated	OK
R604	attack	46555	True	True	stated	OK
R605	attack	46582	True	True	stated	OK
R606	attack	46539	True	True	stated	OK
R607	attack	46541	True	True	stated	OK
R608	attack	46544	True	True	stated	OK
R609	attack	46547	True	True	stated	OK
R610	attack	46551	True	True	stated	OK
R611	attack	46563	True	True	stated	OK
R612	attack	46572	True	True	stated	OK
R613	attack	46611	True	True	stated	OK
R614	attack	46619	True	True	stated	OK
R615	attack	46637	True	True	stated	OK
R616	attack	46622	True	True	stated	OK
R617	attack	46629	True	True	stated	OK
R618	attack	46594	True	True	stated	OK
R619	attack	46601	True	True	stated	OK
R620	attack	46592	True	True	stated	OK
R621	attack	48502	True	True	stated	OK
R622	attack	48532	True	True	stated	OK
R623	attack	48455	True	True	stated	OK
R624	attack	55385	True	True	stated	OK
R625	attack	49815	True	True	stated	OK
