0x00402a54	TObject_Free
0x00402a60	TObject_InitInstance
0x00402a7c	TObject_CleanupInstance
0x00402998	TObject_ClassType
0x0040299c	TObject_ClassName
0x004029b0	TObject_ClassNameIs
0x004029d8	TObject_ClassParent
0x00402b24	TObject_ClassInfo
0x00402a28	TObject_InstanceSize
0x00402b14	TObject_InheritsFrom
0x00402b2c	TObject_Dispatch
0x00402b54	TObject_MethodAddress
0x00402ba0	TObject_MethodName
0x00402bdc	TObject_FieldAddress
0x00402b28	TObject_DefaultHandler
0x004029dc	TObject_NewInstance
0x00402a04	TObject_FreeInstance
0x00418d60	TResourceManager_AllocResource
0x00418ddc	TResourceManager_FreeResource
0x00418e2c	TResourceManager_ChangeResource
0x00418e68	TResourceManager_AssignResource
0x004367e0	TBattleDelays_InitializeForm
0x00436920	TBattleDelays_PrintNumbers
0x00436a54	TBattleDelays_ChangeDelay
0x00436b64	TBattleDelays_OK
0x00436c8c	TBattleDelays_Cancel
0x00436fb4	TBattleMap_StartBattle
0x00437198	TBattleMap_PaintForm
0x004371e4	TBattleMap_PrintSquare
0x00437294	TBattleMap_PrintCursor
0x00437308	TBattleMap_OnMapClick
0x0043747c	TBattleMap_SelectUnit
0x0043755c	TBattleMap_MoveHumanUnit
0x004375ec	TBattleMap_PlaceUnit
0x004376e4	TBattleMap_HighlightUnits
0x00437718	TBattleMap_UnitsSetMoves
0x00437724	TBattleMap_MyUnitDetails
0x004378f8	TBattleMap_EnemyUnitDetails
0x00437a60	TBattleMap_CancelSelection
0x00437a94	TBattleMap_EndTurn
0x00437aa0	TBattleMap_ChangePauses
0x00437ab8	TBattleMap_ComputerGeneral
0x00437ad8	TBattleMap_Surrender
0x00437b8c	TBattleMap_FinishBattle
0x00437c30	TBattleMap_CheckQuit
0x0043b014	TInformation_InitializeForm
0x0043b394	TInformation_PaintForm
0x0043b8b4	TInformation_FormScrolled
0x0043b8c0	TInformation_ResizeForm
0x0043b940	TInformation_PrintNews
0x0043b9f4	TInformation_PrintInfo
0x0043ba7c	TInformation_ShowNationStatus
0x0043be5c	TInformation_ShowCityDetails
0x0043c33c	TInformation_ShowArmyDetails
0x0043c890	TInformation_ShowFleetDetails
0x0043cc40	TInformation_ShowCityUnits
0x0043cdd8	TInformation_ShowArmyUnits
0x0043cf0c	TInformation_ShowFleetUnits
0x0043cf3c	TInformation_BattleUnitMoves
0x0043d2fc	TInformation_KeyPressed
0x0043d314	TInformation_CheckQuit
0x0043d324	TInformation_PrintCoordinates
0x0043d6c4	TFindCity_InitializeForm
0x0043d7dc	TFindCity_FillListBox
0x0043d8b4	TFindCity_ChangeNation
0x0043d93c	TFindCity_ChangeCity
0x0043d9f4	TFindCity_OK
0x0043ddac	TAreaMap_InitializeForm
0x0043de0c	TAreaMap_PaintForm
0x0043dfd4	TAreaMap_ToggleMap
0x0043e00c	TAreaMap_ResizeForm
0x0043e114	TAreaMap_PrintBitmap
0x0043e210	TAreaMap_ShowCities
0x0043e288	TAreaMap_ShowCapital
0x0043e31c	TAreaMap_ShowArmies
0x0043e3ac	TAreaMap_ShowFleets
0x0043e440	TAreaMap_ShowAll
0x0043e470	TAreaMap_ShowMercs
0x0043e4d8	TAreaMap_ShowMercsLI
0x0043e4e0	TAreaMap_ShowMercsHI
0x0043e4ec	TAreaMap_ShowMercsAr
0x0043e4f8	TAreaMap_ShowMercsLC
0x0043e504	TAreaMap_ShowMercsHC
0x0043e510	TAreaMap_ShowMercsAll
0x0043e51c	TAreaMap_UseFindCity
0x0043e534	TAreaMap_ShowFindCity
0x0043e594	TAreaMap_StoreDraw
0x0043e63c	TAreaMap_AreaMapClick
0x0043e760	TAreaMap_UnitMapCursor
0x0043e880	TAreaMap_KeyPressed
0x0043e898	TAreaMap_CheckQuit
0x0043edc0	TAFSupply_InitializeForm
0x0043efac	TAFSupply_CityOrFleet
0x0043f468	TAFSupply_FindProviders
0x0043f838	TAFSupply_PrintNumbers
0x0043fb10	TAFSupply_ChangeProvider
0x0043fc74	TAFSupply_ChangeSupply
0x0043ff98	TAFSupply_TransferSupply
0x0044005c	TAFSupply_ChangeMoney
0x00440234	TAFSupply_OK
0x0043fe4c	TAFSupply_ChangeBuyAmount
0x004404c0	TFortifyCity_InitializeForm
0x00440658	TFortifyCity_PrintNumbers
0x0044076c	TFortifyCity_ChangeFortification
0x004407e4	TFortifyCity_OK
0x00440838	TFortifyCity_Cancel
0x00440ac4	TRepairFleet_InitializeForm
0x00440c14	TRepairFleet_PrintNumbers
0x00440d9c	TRepairFleet_OK
0x00440e04	TRepairFleet_Cancel
0x00440d28	TRepairFleet_ChangeRepair
0x00440fec	TRecruitMercs_InitializeForm
0x00441274	TRecruitMercs_ChangeUnit
0x00441360	TRecruitMercs_RecruitMercUnit
0x004416c8	TRecruitMercs_OK
0x00441c24	TArmyToArmy_InitializeForm
0x00441e94	TArmyToArmy_FillListBox
0x00441ee0	TArmyToArmy_AddToListBox
0x00441ff8	TArmyToArmy_PrintNumbers
0x0044235c	TArmyToArmy_ChangeSupply
0x00442448	TArmyToArmy_ChangeMoney
0x00442500	TArmyToArmy_Army1Transfer
0x004426f0	TArmyToArmy_Army2Transfer
0x004428e0	TArmyToArmy_Army1Disband
0x00442afc	TArmyToArmy_Army2Disband
0x00442d18	TArmyToArmy_MoveUnit
0x00442dd8	TArmyToArmy_RemoveUnit
0x00442e88	TArmyToArmy_TroopCount
0x00442ec0	TArmyToArmy_UnitsTotal
0x00442ef8	TArmyToArmy_OK
0x004430b0	TArmyToArmy_Cancel
0x0044356c	TFleetToFleet_InitializeForm
0x00443748	TFleetToFleet_PrintNumbers
0x00443924	TFleetToFleet_ChangeShips
0x004439dc	TFleetToFleet_ChangeSupply
0x00443a90	TFleetToFleet_ChangeMoney
0x00443b48	TFleetToFleet_OK
0x00443c58	TFleetToFleet_Cancel
0x00443e38	TRenameArmyUnit_InitialiseForm
0x00443f50	TRenameArmyUnit_OK
0x00443fcc	TRenameArmyUnit_Cancel
0x00444224	TSplitArmyUnit_InitializeForm
0x0044437c	TSplitArmyUnit_PrintNumbers
0x00444418	TSplitArmyUnit_ChangeSizes
0x004444cc	TSplitArmyUnit_OK
0x004447b4	TSplitArmyUnit_Cancel
0x004449f4	TChangeArmyUnits_InitializeForm
0x00444aa8	TChangeArmyUnits_FillListBox
0x00444bb0	TChangeArmyUnits_RenameUnit
0x00444cc4	TChangeArmyUnits_SplitUnit
0x00444e8c	TChangeArmyUnits_JoinUnits
0x004450c8	TChangeArmyUnits_Disband
0x004452c4	TChangeArmyUnits_RemoveUnit
0x00445378	TChangeArmyUnits_OK
0x004453c8	TChangeArmyUnits_Cancel
0x00445958	TUnitMap_InitializeForm
0x00445b38	TUnitMap_PrintMapSquare
0x00445d38	TUnitMap_PaintForm
0x004460a8	TUnitMap_AllButtonsOff
0x00446128	TUnitMap_ArmyButtonsOn
0x00446188	TUnitMap_FleetButtonsOn
0x00446268	TUnitMap_CityButtonsOn
0x004462ac	TUnitMap_AreaMapClicked
0x00446348	TUnitMap_UnitMapScrolled
0x00446354	TUnitMap_ResizeForm
0x00446420	TUnitMap_UnitMapClick
0x004466cc	TUnitMap_SelectUnit
0x00446ca4	TUnitMap_CheckForMove
0x00446d9c	TUnitMap_MoveHumanArmy
0x00446e24	TUnitMap_MoveHumanFleet
0x00446eac	TUnitMap_EndUMSelection
0x00446ef4	TUnitMap_UpdateUMSelection
0x00446f50	TUnitMap_SupplyArmy
0x00446ff4	TUnitMap_RecruitMercenaries
0x00447288	TUnitMap_ArmyToArmyTransfer
0x004472fc	TUnitMap_JoinArmies
0x0044755c	TUnitMap_SplitArmy
0x00447644	TUnitMap_ChangeUnitDetails
0x004476ac	TUnitMap_DisbandArmy
0x004477fc	TUnitMap_SupplyFleet
0x004478c8	TUnitMap_RepairFlt
0x004479f4	TUnitMap_FleetToFleetTransfer
0x00447a48	TUnitMap_JoinFleets
0x00447cac	TUnitMap_SplitFleet
0x00447e34	TUnitMap_ScuttleFleet
0x00448004	TUnitMap_Fortify
0x00448170	TUnitMap_CancelSelection
0x00448178	TUnitMap_KeyPressed
0x00448190	TUnitMap_CheckQuit
0x00452b48	TPolitics_InitialiseForm
0x00452c9c	TPolitics_ChangeIR
0x00452d94	TPolitics_MakePeace
0x00452e94	TPolitics_MakeTrade
0x004530d8	TPolitics_MakeAlliance
0x00453230	TPolitics_OK
0x00453388	TPolitics_Cancel
0x00453c00	TBalanceSheet_OK
0x00453730	TBalanceSheet_InitializeForm
0x0045376c	TBalanceSheet_PaintBalance
0x00453e6c	TChangeTax_InitializeForm
0x00453fb8	TChangeTax_PrintNewNumbers
0x0045409c	TChangeTax_SetNewTax
0x004540b8	TChangeTax_OK
0x004540f4	TChangeTax_Cancel
0x0045489c	TArmyRecruits_InitializeForm
0x0045495c	TArmyRecruits_SetCityRecruits
0x00454bdc	TArmyRecruits_ChangeCity
0x00454c10	TArmyRecruits_PrintNumbers
0x00454d5c	TArmyRecruits_NewUnitType
0x00454de0	TArmyRecruits_ChangeUnitSize
0x00454e78	TArmyRecruits_RecruitUnit
0x004552a8	TArmyRecruits_MobilizeUnits
0x004553b0	TArmyRecruits_DisbandUnits
0x004555a0	TArmyRecruits_OK
0x0045583c	TBuildFleet_InitializeForm
0x004558e8	TBuildFleet_PrintNumbers
0x00455a30	TBuildFleet_ChangeFleetSize
0x00455a94	TBuildFleet_OK
0x00455b90	TBuildFleet_Cancel
0x00455e38	THumanFalls_InitializeForm
0x004564e4	THumanFalls_OK
0x00456668	TCellAuto_InitializeForm
0x00456744	TCellAuto_NewPattern
0x004569c0	TCellAuto_SaveBMP
0x00456a70	TCellAuto_OK
0x00456c18	TAboutIC_InitializeForm
0x00456c90	TAboutIC_OK
0x00456ca0	TAboutIC_Cancell
0x004571a8	TPickLeaders_InitializeForm
0x0045730c	TPickLeaders_HumanOrComputer
0x00457404	TPickLeaders_OK
0x00457590	TPickLeaders_Cancel
0x004577ec	TBattlePols_InitializeForm
0x00457c60	TBattlePols_Yes
0x00457c8c	TBattlePols_No
0x00457fa8	THVHBatPols_InitializeForm
0x004584b8	THVHBatPols_PrintNumbers
0x004585ec	THVHBatPols_ChangeMoney
0x00458688	THVHBatPols_OK
0x004586c8	THVHBatPols_Cancel
0x00458bc8	TBattleOver_InitializeForm
0x00459220	TBattleOver_OK
0x00459828	TToEndTurn_InitializeForm
0x00459b44	TToEndTurn_EndTurnOK
0x00459b80	TToEndTurn_EndTurnCancel
0x00459bbc	TToEndTurn_PaintForm
0x0045a780	TPremierForm_InitialiseForm
0x0045a9e0	TPremierForm_NewGame
0x0045aad4	TPremierForm_OpenGameFile
0x0045ab84	TPremierForm_SaveGameFile
0x0045abb0	TPremierForm_SaveGameFileAs
0x0045abec	TPremierForm_CheckQuit
0x0045ac54	TPremierForm_Quit
0x0045ac5c	TPremierForm_StartTurn
0x0045b0a8	TPremierForm_EndTurn
0x0045b148	TPremierForm_NewPlayer
0x0045b198	TPremierForm_NewNation
0x0045b24c	TPremierForm_Abdicate
0x0045b2bc	TPremierForm_StrategicDecision
0x0045b3a8	TPremierForm_BuildNewFleet
0x0045b660	TPremierForm_SelectNation
0x0045b6f0	TPremierForm_ChangeNation
0x0045b72c	TPremierForm_ShowOnAreaMap
0x0045b810	TPremierForm_UnitMapAction
0x0045b950	TPremierForm_KeyPressed
0x0045ba6c	TPremierForm_RefreshForms
0x0045ba8c	TPremierForm_OpenAllForms
0x0045bae0	TPremierForm_CloseAllForms
0x0045bb1c	TPremierForm_StoreFormPositions
0x0045bbfc	TPremierForm_TurnMenusOn
0x0045bd58	TPremierForm_TurnMenusOff
0x0045be94	TPremierForm_EnableNation
0x0045bed4	TPremierForm_DisableNation
0x0045bf28	TPremierForm_MakeSound
0x0045c084	TPremierForm_SetTurnTitle
0x0045c178	TPremierForm_StartBattle
0x0045c1c8	TPremierForm_BattleConclusion
0x0045c208	TPremierForm_ResetBattle
0x0045c238	TPremierForm_HumanLeaderFalls
0x0045c2e8	TPremierForm_About
0x0045c280	TPremierForm_HelpTopics
0x0045c294	TPremierForm_ToggleHints
