cell,attacker,defender,att_size,def_size,seed,trial,half_rounds,loss_rows,old_unambiguous,attributed_fixed,winner,att_before,att_after,def_before,def_after,att_destroyed,def_destroyed,promotions,offer_of_peace,end_turn_clicks,seconds,def_money_taken,def_supplies_taken,att_money_taken,att_supplies_taken,news
ar-ar-half,ar,ar,half,half,1,ar-ar-half_s1_r1,16,9,9,9,defender,1750,0,1750,1094,True,False,0,True,0,55.9,156,0,,,Gaul destroys army of Rome.
ar-ar-half,ar,ar,half,half,2,ar-ar-half_s2_r1,14,7,7,7,defender,1750,0,1750,1324,True,False,0,False,0,49.7,156,0,,,Gaul destroys army of Rome.
ar-ar-half,ar,ar,half,half,3,ar-ar-half_s3_r1,14,7,7,7,defender,1750,0,1750,1380,True,False,0,False,0,49.2,156,0,,,Gaul destroys army of Rome.
ar-ar-one,ar,ar,one,one,1,ar-ar-one_s1_r1,16,9,9,9,defender,3500,0,3500,2139,True,False,0,True,0,55.9,156,0,,,Gaul destroys army of Rome.
ar-ar-one,ar,ar,one,one,2,ar-ar-one_s2_r1,14,7,7,7,defender,3500,0,3500,2612,True,False,0,True,0,56.4,156,0,,,Gaul destroys army of Rome.
ar-ar-one,ar,ar,one,one,3,ar-ar-one_s3_r1,16,9,9,9,defender,3500,0,3500,2661,True,False,0,True,0,56.5,156,0,,,Gaul destroys army of Rome.
ar-ar-three,ar,ar,three,three,1,ar-ar-three_s1_r1,16,11,2,2,defender,10500,0,10500,7000,True,False,1,False,1,52.6,156,0,,,Gaul destroys army of Rome.
ar-ar-three,ar,ar,three,three,2,ar-ar-three_s2_r1,16,12,3,3,defender,10500,0,10500,7461,True,False,1,False,1,52.7,156,0,,,Gaul destroys army of Rome.
ar-ar-three,ar,ar,three,three,3,ar-ar-three_s3_r1,18,14,2,2,defender,10500,0,10500,5938,True,False,1,True,1,58.3,156,0,,,Gaul destroys army of Rome.
ar-hc-half,ar,hc,half,half,1,ar-hc-half_s1_r1,16,8,4,4,defender,1750,0,1250,1076,True,False,1,False,0,49.4,156,0,,,Gaul destroys army of Rome.
ar-hc-half,ar,hc,half,half,2,ar-hc-half_s2_r1,16,8,4,4,defender,1750,0,1250,1053,True,False,0,True,0,55.4,156,0,,,Gaul destroys army of Rome.
ar-hc-half,ar,hc,half,half,3,ar-hc-half_s3_r1,18,8,4,4,defender,1750,0,1250,1057,True,False,0,False,0,49.3,156,0,,,Gaul destroys army of Rome.
ar-hc-one,ar,hc,one,one,1,ar-hc-one_s1_r1,20,12,6,6,defender,3500,0,2500,2117,True,False,0,True,0,56.9,156,0,,,Gaul destroys army of Rome.
ar-hc-one,ar,hc,one,one,2,ar-hc-one_s2_r1,20,12,6,6,defender,3500,0,2500,2074,True,False,0,False,0,50.0,156,0,,,Gaul destroys army of Rome.
ar-hc-one,ar,hc,one,one,3,ar-hc-one_s3_r1,22,12,6,6,defender,3500,0,2500,2086,True,False,0,False,0,49.7,156,0,,,Gaul destroys army of Rome.
ar-hc-three,ar,hc,three,three,1,ar-hc-three_s1_r1,24,32,4,4,defender,10500,0,7500,4898,True,False,2,False,1,50.8,156,0,,,Gaul destroys army of Rome.
ar-hc-three,ar,hc,three,three,2,ar-hc-three_s2_r1,22,29,1,2,defender,10500,0,7500,5674,True,False,2,True,1,56.9,156,0,,,Gaul destroys army of Rome.
ar-hc-three,ar,hc,three,three,3,ar-hc-three_s3_r1,23,33,5,5,defender,10500,0,7500,5228,True,False,1,True,1,58.3,156,0,,,Gaul destroys army of Rome.
ar-hi-half,ar,hi,half,half,1,ar-hi-half_s1_r1,16,9,4,5,defender,1750,0,3000,2879,True,False,0,False,0,49.5,156,0,,,Gaul destroys army of Rome.
ar-hi-half,ar,hi,half,half,2,ar-hi-half_s2_r1,16,9,4,5,defender,1750,0,3000,2849,True,False,0,True,0,56.2,156,0,,,Gaul destroys army of Rome.
ar-hi-half,ar,hi,half,half,3,ar-hi-half_s3_r1,16,9,4,5,defender,1750,0,3000,2855,True,False,0,False,0,49.5,156,0,,,Gaul destroys army of Rome.
ar-hi-one,ar,hi,one,one,1,ar-hi-one_s1_r1,19,13,6,7,defender,3500,0,6000,5731,True,False,0,True,0,55.8,156,0,,,Gaul destroys army of Rome.
ar-hi-one,ar,hi,one,one,2,ar-hi-one_s2_r1,19,13,6,7,defender,3500,0,6000,5676,True,False,1,False,0,49.7,156,0,,,Gaul destroys army of Rome.
ar-hi-one,ar,hi,one,one,3,ar-hi-one_s3_r1,19,13,6,7,defender,3500,0,6000,5694,True,False,0,False,0,49.6,156,0,,,Gaul destroys army of Rome.
ar-hi-three,ar,hi,three,three,1,ar-hi-three_s1_r1,20,31,3,8,defender,10500,0,18000,16877,True,False,1,True,1,57.2,156,0,,,Gaul destroys army of Rome.
ar-hi-three,ar,hi,three,three,2,ar-hi-three_s2_r1,20,31,2,8,defender,10500,0,18000,16818,True,False,0,False,1,51.8,156,0,,,Gaul destroys army of Rome.
ar-hi-three,ar,hi,three,three,3,ar-hi-three_s3_r1,22,30,5,6,defender,10500,0,18000,16844,True,False,1,False,1,51.0,156,0,,,Gaul destroys army of Rome.
ar-lc-half,ar,lc,half,half,1,ar-lc-half_s1_r1,10,4,1,2,defender,1750,0,3500,3297,True,False,0,False,0,49.3,156,0,,,Gaul destroys army of Rome.
ar-lc-half,ar,lc,half,half,2,ar-lc-half_s2_r1,10,4,1,2,defender,1750,0,3500,3348,True,False,0,False,0,49.2,156,0,,,Gaul destroys army of Rome.
ar-lc-half,ar,lc,half,half,3,ar-lc-half_s3_r1,10,4,1,2,defender,1750,0,3500,3358,True,False,1,False,0,49.6,156,0,,,Gaul destroys army of Rome.
ar-lc-one,ar,lc,one,one,1,ar-lc-one_s1_r1,10,4,1,2,defender,3500,0,7000,6589,True,False,1,False,0,49.3,156,0,,,Gaul destroys army of Rome.
ar-lc-one,ar,lc,one,one,2,ar-lc-one_s2_r1,10,4,1,2,defender,3500,0,7000,6671,True,False,0,True,0,55.6,156,0,,,Gaul destroys army of Rome.
ar-lc-one,ar,lc,one,one,3,ar-lc-one_s3_r1,10,4,1,2,defender,3500,0,7000,6693,True,False,0,True,0,55.6,156,0,,,Gaul destroys army of Rome.
ar-lc-three,ar,lc,three,three,1,ar-lc-three_s1_r1,12,11,0,0,defender,10500,0,21000,18995,True,False,2,True,0,57.0,156,0,,,Gaul destroys army of Rome.
ar-lc-three,ar,lc,three,three,2,ar-lc-three_s2_r1,10,9,0,1,defender,10500,0,21000,20173,True,False,1,False,0,50.4,156,0,,,Gaul destroys army of Rome.
ar-lc-three,ar,lc,three,three,3,ar-lc-three_s3_r1,12,11,1,0,defender,10500,0,21000,20108,True,False,0,False,0,50.8,156,0,,,Gaul destroys army of Rome.
ar-li-half,ar,li,half,half,1,ar-li-half_s1_r1,10,4,1,2,defender,1750,0,7500,7250,True,False,0,False,0,49.5,156,0,,,Gaul destroys army of Rome.
ar-li-half,ar,li,half,half,2,ar-li-half_s2_r1,10,4,1,2,defender,1750,0,7500,7250,True,False,0,False,0,50.3,156,0,,,Gaul destroys army of Rome.
ar-li-half,ar,li,half,half,3,ar-li-half_s3_r1,10,4,1,2,defender,1750,0,7500,7346,True,False,0,False,0,50.0,156,0,,,Gaul destroys army of Rome.
ar-li-one,ar,li,one,one,1,ar-li-one_s1_r1,12,7,2,3,defender,3500,0,15000,14420,True,False,1,False,0,49.1,156,0,,,Gaul destroys army of Rome.
ar-li-one,ar,li,one,one,2,ar-li-one_s2_r1,10,4,1,2,defender,3500,0,15000,14453,True,False,1,False,0,49.2,156,0,,,Gaul destroys army of Rome.
ar-li-one,ar,li,one,one,3,ar-li-one_s3_r1,10,4,1,2,defender,3500,0,15000,14622,True,False,0,False,0,49.1,156,0,,,Gaul destroys army of Rome.
ar-li-three,ar,li,three,three,1,ar-li-three_s1_r1,10,10,0,1,defender,10500,0,45000,43068,True,False,0,True,0,55.9,156,0,,,Gaul destroys army of Rome.
ar-li-three,ar,li,three,three,2,ar-li-three_s2_r1,12,12,1,2,defender,10500,0,45000,44063,True,False,1,False,0,50.8,156,0,,,Gaul destroys army of Rome.
ar-li-three,ar,li,three,three,3,ar-li-three_s3_r1,12,15,0,1,defender,10500,0,45000,43474,True,False,0,False,0,50.5,156,0,,,Gaul destroys army of Rome.
hc-ar-half,hc,ar,half,half,1,hc-ar-half_s1_r1,19,11,6,6,attacker,1250,870,1750,0,False,True,0,False,0,49.6,,,0,0,Rome destroys army of Gaul.
hc-ar-half,hc,ar,half,half,2,hc-ar-half_s2_r1,19,11,6,6,attacker,1250,870,1750,0,False,True,0,False,0,49.7,,,0,0,Rome destroys army of Gaul.
hc-ar-half,hc,ar,half,half,3,hc-ar-half_s3_r1,17,9,5,5,attacker,1250,937,1750,0,False,True,0,False,0,50.3,,,0,0,Rome destroys army of Gaul.
hc-ar-one,hc,ar,one,one,1,hc-ar-one_s1_r1,20,13,7,7,attacker,2500,1732,3500,0,False,True,0,False,0,49.8,,,0,0,Rome destroys army of Gaul.
hc-ar-one,hc,ar,one,one,2,hc-ar-one_s2_r1,20,13,7,7,attacker,2500,1720,3500,0,False,True,1,False,0,49.6,,,0,0,Rome destroys army of Gaul.
hc-ar-one,hc,ar,one,one,3,hc-ar-one_s3_r1,20,13,7,7,attacker,2500,1857,3500,0,False,True,0,False,0,49.6,,,0,0,Rome destroys army of Gaul.
hc-ar-three,hc,ar,three,three,1,hc-ar-three_s1_r1,24,32,5,6,attacker,7500,4201,10500,0,False,True,0,False,1,50.8,,,0,0,Rome destroys army of Gaul.
hc-ar-three,hc,ar,three,three,2,hc-ar-three_s2_r1,25,34,6,8,attacker,7500,4159,10500,0,False,True,0,False,1,52.5,,,0,0,Rome destroys army of Gaul.
hc-ar-three,hc,ar,three,three,3,hc-ar-three_s3_r1,24,31,5,6,attacker,7500,4242,10500,0,False,True,2,False,1,50.9,,,0,0,Rome destroys army of Gaul.
hc-hc-half,hc,hc,half,half,1,hc-hc-half_s1_r1,20,24,24,24,defender,1250,0,1250,613,True,False,0,False,0,49.9,156,0,,,Gaul destroys army of Rome.
hc-hc-half,hc,hc,half,half,2,hc-hc-half_s2_r1,19,22,22,22,defender,1250,0,1250,587,True,False,0,True,0,57.5,156,0,,,Gaul destroys army of Rome.
hc-hc-half,hc,hc,half,half,3,hc-hc-half_s3_r1,15,14,14,14,defender,1250,0,1250,876,True,False,0,False,0,50.5,156,0,,,Gaul destroys army of Rome.
hc-hc-one,hc,hc,one,one,1,hc-hc-one_s1_r1,21,26,26,26,defender,2500,0,2500,1226,True,False,0,True,0,55.2,156,0,,,Gaul destroys army of Rome.
hc-hc-one,hc,hc,one,one,2,hc-hc-one_s2_r1,20,24,24,24,defender,2500,0,2500,1173,True,False,0,False,0,49.0,156,0,,,Gaul destroys army of Rome.
hc-hc-one,hc,hc,one,one,3,hc-hc-one_s3_r1,17,18,18,18,defender,2500,0,2500,1744,True,False,0,True,0,55.6,156,0,,,Gaul destroys army of Rome.
hc-hc-three,hc,hc,three,three,1,hc-hc-three_s1_r1,24,59,19,38,defender,7500,0,7500,3261,True,False,0,False,0,50.0,156,0,,,Gaul destroys army of Rome.
hc-hc-three,hc,hc,three,three,2,hc-hc-three_s2_r1,21,58,15,42,defender,7500,0,7500,4119,True,False,0,False,0,50.2,156,0,,,Gaul destroys army of Rome.
hc-hc-three,hc,hc,three,three,3,hc-hc-three_s3_r1,35,77,26,42,defender,7500,0,7500,1348,True,False,0,False,1,52.2,156,0,,,Gaul destroys army of Rome.
hc-hi-half,hc,hi,half,half,1,hc-hi-half_s1_r1,13,12,12,12,defender,1250,0,3000,2509,True,False,0,False,0,49.1,156,0,,,Gaul destroys army of Rome.
hc-hi-half,hc,hi,half,half,2,hc-hi-half_s2_r1,13,12,12,12,defender,1250,0,3000,2497,True,False,0,True,0,55.5,156,0,,,Gaul destroys army of Rome.
hc-hi-half,hc,hi,half,half,3,hc-hi-half_s3_r1,15,16,16,16,defender,1250,0,3000,2046,True,False,1,True,0,55.3,156,0,,,Gaul destroys army of Rome.
hc-hi-one,hc,hi,one,one,1,hc-hi-one_s1_r1,15,16,16,16,defender,2500,0,6000,5007,True,False,1,False,0,49.4,156,0,,,Gaul destroys army of Rome.
hc-hi-one,hc,hi,one,one,2,hc-hi-one_s2_r1,14,14,14,14,defender,2500,0,6000,4995,True,False,0,False,0,49.3,156,0,,,Gaul destroys army of Rome.
hc-hi-one,hc,hi,one,one,3,hc-hi-one_s3_r1,16,18,18,18,defender,2500,0,6000,4107,True,False,0,True,0,56.3,156,0,,,Gaul destroys army of Rome.
hc-hi-three,hc,hi,three,three,1,hc-hi-three_s1_r1,24,57,6,26,defender,7500,0,18000,9297,True,False,1,True,0,55.9,156,0,,,Gaul destroys army of Rome.
hc-hi-three,hc,hi,three,three,2,hc-hi-three_s2_r1,18,48,15,35,defender,7500,0,18000,13814,True,False,0,True,0,55.8,156,0,,,Gaul destroys army of Rome.
hc-hi-three,hc,hi,three,three,3,hc-hi-three_s3_r1,21,57,18,40,defender,7500,0,18000,12029,True,False,0,True,0,55.8,156,0,,,Gaul destroys army of Rome.
hc-lc-half,hc,lc,half,half,1,hc-lc-half_s1_r1,11,7,5,6,defender,1250,0,3500,3232,True,False,1,True,0,55.7,156,0,,,Gaul destroys army of Rome.
hc-lc-half,hc,lc,half,half,2,hc-lc-half_s2_r1,11,7,5,6,defender,1250,0,3500,3260,True,False,1,False,0,50.1,156,0,,,Gaul destroys army of Rome.
hc-lc-half,hc,lc,half,half,3,hc-lc-half_s3_r1,11,7,5,6,defender,1250,0,3500,3230,True,False,1,True,0,56.7,156,0,,,Gaul destroys army of Rome.
hc-lc-one,hc,lc,one,one,1,hc-lc-one_s1_r1,12,9,7,8,defender,2500,0,7000,6453,True,False,1,False,0,49.1,156,0,,,Gaul destroys army of Rome.
hc-lc-one,hc,lc,one,one,2,hc-lc-one_s2_r1,11,7,5,6,defender,2500,0,7000,6498,True,False,1,False,0,49.0,156,0,,,Gaul destroys army of Rome.
hc-lc-one,hc,lc,one,one,3,hc-lc-one_s3_r1,12,9,7,8,defender,2500,0,7000,6427,True,False,0,True,0,55.2,156,0,,,Gaul destroys army of Rome.
hc-lc-three,hc,lc,three,three,1,hc-lc-three_s1_r1,12,18,4,9,defender,7500,0,21000,18697,True,False,0,True,0,56.0,156,0,,,Gaul destroys army of Rome.
hc-lc-three,hc,lc,three,three,2,hc-lc-three_s2_r1,17,38,6,14,defender,7500,0,21000,16476,True,False,1,False,0,50.3,156,0,,,Gaul destroys army of Rome.
hc-lc-three,hc,lc,three,three,3,hc-lc-three_s3_r1,16,29,12,15,defender,7500,0,21000,18720,True,False,0,False,0,50.4,156,0,,,Gaul destroys army of Rome.
hc-li-half,hc,li,half,half,1,hc-li-half_s1_r1,12,9,6,7,defender,1250,0,7500,6081,True,False,1,False,0,49.5,156,0,,,Gaul destroys army of Rome.
hc-li-half,hc,li,half,half,2,hc-li-half_s2_r1,12,9,6,7,defender,1250,0,7500,6059,True,False,0,True,0,55.7,156,0,,,Gaul destroys army of Rome.
hc-li-half,hc,li,half,half,3,hc-li-half_s3_r1,12,9,6,7,defender,1250,0,7500,5931,True,False,1,True,0,55.3,156,0,,,Gaul destroys army of Rome.
hc-li-one,hc,li,one,one,1,hc-li-one_s1_r1,13,11,8,9,defender,2500,0,15000,11794,True,False,1,False,0,49.9,156,0,,,Gaul destroys army of Rome.
hc-li-one,hc,li,one,one,2,hc-li-one_s2_r1,12,9,6,7,defender,2500,0,15000,11981,True,False,0,False,0,49.3,156,0,,,Gaul destroys army of Rome.
hc-li-one,hc,li,one,one,3,hc-li-one_s3_r1,12,9,6,7,defender,2500,0,15000,11641,True,False,1,True,0,55.5,156,0,,,Gaul destroys army of Rome.
hc-li-three,hc,li,three,three,1,hc-li-three_s1_r1,12,20,1,8,defender,7500,0,45000,36086,True,False,0,True,0,55.9,156,0,,,Gaul destroys army of Rome.
hc-li-three,hc,li,three,three,2,hc-li-three_s2_r1,18,40,7,15,defender,7500,0,45000,29093,True,False,1,True,0,55.8,156,0,,,Gaul destroys army of Rome.
hc-li-three,hc,li,three,three,3,hc-li-three_s3_r1,14,26,5,11,defender,7500,0,45000,38247,True,False,0,True,0,55.9,156,0,,,Gaul destroys army of Rome.
hi-ar-half,hi,ar,half,half,1,hi-ar-half_s1_r1,15,9,5,5,attacker,3000,2852,1750,0,False,True,0,False,0,49.4,,,0,0,Rome destroys army of Gaul.
hi-ar-half,hi,ar,half,half,2,hi-ar-half_s2_r1,15,9,5,5,attacker,3000,2839,1750,0,False,True,0,False,0,51.1,,,0,0,Rome destroys army of Gaul.
hi-ar-half,hi,ar,half,half,3,hi-ar-half_s3_r1,15,9,5,5,attacker,3000,2856,1750,0,False,True,0,False,0,51.1,,,0,0,Rome destroys army of Gaul.
hi-ar-one,hi,ar,one,one,1,hi-ar-one_s1_r1,18,13,7,7,attacker,6000,5683,3500,0,False,True,0,False,0,50.1,,,0,0,Rome destroys army of Gaul.
hi-ar-one,hi,ar,one,one,2,hi-ar-one_s2_r1,18,13,7,7,attacker,6000,5658,3500,0,False,True,1,False,0,49.9,,,0,0,Rome destroys army of Gaul.
hi-ar-one,hi,ar,one,one,3,hi-ar-one_s3_r1,18,13,7,7,attacker,6000,5701,3500,0,False,True,0,False,0,49.9,,,0,0,Rome destroys army of Gaul.
hi-ar-three,hi,ar,three,three,1,hi-ar-three_s1_r1,20,35,4,11,attacker,18000,16748,10500,0,False,True,1,False,1,50.7,,,0,0,Rome destroys army of Gaul.
hi-ar-three,hi,ar,three,three,2,hi-ar-three_s2_r1,21,31,5,7,attacker,18000,16503,10500,0,False,True,1,False,1,50.8,,,0,0,Rome destroys army of Gaul.
hi-ar-three,hi,ar,three,three,3,hi-ar-three_s3_r1,19,30,1,5,attacker,18000,17003,10500,0,False,True,1,False,1,51.3,,,0,0,Rome destroys army of Gaul.
hi-hc-half,hi,hc,half,half,1,hi-hc-half_s1_r1,14,16,16,16,attacker,3000,2119,1250,0,False,True,1,False,0,49.1,,,0,0,Rome destroys army of Gaul.
hi-hc-half,hi,hc,half,half,2,hi-hc-half_s2_r1,13,14,14,14,attacker,3000,2235,1250,0,False,True,0,False,0,49.2,,,0,0,Rome destroys army of Gaul.
hi-hc-half,hi,hc,half,half,3,hi-hc-half_s3_r1,17,18,18,18,attacker,3000,1627,1250,0,False,True,0,False,0,49.9,,,0,0,Rome destroys army of Gaul.
hi-hc-one,hi,hc,one,one,1,hi-hc-one_s1_r1,16,20,20,20,attacker,6000,4214,2500,0,False,True,0,False,0,49.5,,,0,0,Rome destroys army of Gaul.
hi-hc-one,hi,hc,one,one,2,hi-hc-one_s2_r1,14,16,16,16,attacker,6000,4475,2500,0,False,True,1,False,0,49.8,,,0,0,Rome destroys army of Gaul.
hi-hc-one,hi,hc,one,one,3,hi-hc-one_s3_r1,18,20,20,20,attacker,6000,3256,2500,0,False,True,0,False,0,49.8,,,0,0,Rome destroys army of Gaul.
hi-hc-three,hi,hc,three,three,1,hi-hc-three_s1_r1,23,52,13,27,attacker,18000,9337,7500,0,False,True,0,False,0,50.0,,,0,0,Rome destroys army of Gaul.
hi-hc-three,hi,hc,three,three,2,hi-hc-three_s2_r1,25,60,7,26,attacker,18000,6722,7500,0,False,True,0,False,0,50.4,,,0,0,Rome destroys army of Gaul.
hi-hc-three,hi,hc,three,three,3,hi-hc-three_s3_r1,23,59,21,30,attacker,18000,8977,7500,0,False,True,0,False,0,49.9,,,0,0,Rome destroys army of Gaul.
hi-hi-half,hi,hi,half,half,1,hi-hi-half_s1_r1,18,24,24,24,defender,3000,0,3000,1489,True,False,0,False,0,49.9,156,0,,,Gaul destroys army of Rome.
hi-hi-half,hi,hi,half,half,2,hi-hi-half_s2_r1,17,22,22,22,defender,3000,0,3000,1414,True,False,0,True,0,55.4,156,0,,,Gaul destroys army of Rome.
hi-hi-half,hi,hi,half,half,3,hi-hi-half_s3_r1,13,14,14,14,defender,3000,0,3000,2113,True,False,0,False,0,49.1,156,0,,,Gaul destroys army of Rome.
hi-hi-one,hi,hi,one,one,1,hi-hi-one_s1_r1,19,26,26,26,defender,6000,0,6000,2958,True,False,0,True,0,55.2,156,0,,,Gaul destroys army of Rome.
hi-hi-one,hi,hi,one,one,2,hi-hi-one_s2_r1,18,24,24,24,defender,6000,0,6000,2831,True,False,0,False,0,49.8,156,0,,,Gaul destroys army of Rome.
hi-hi-one,hi,hi,one,one,3,hi-hi-one_s3_r1,15,18,18,18,defender,6000,0,6000,4196,True,False,0,True,0,55.5,156,0,,,Gaul destroys army of Rome.
hi-hi-three,hi,hi,three,three,1,hi-hi-three_s1_r1,34,84,31,56,attacker,18000,2683,18000,0,False,True,1,False,0,51.2,,,0,0,Rome destroys army of Gaul.
hi-hi-three,hi,hi,three,three,2,hi-hi-three_s2_r1,28,81,25,56,defender,18000,0,18000,6256,True,False,2,True,0,56.6,156,0,,,Gaul destroys army of Rome.
hi-hi-three,hi,hi,three,three,3,hi-hi-three_s3_r1,30,71,31,41,defender,18000,0,18000,3722,True,False,0,True,0,56.8,156,0,,,Gaul destroys army of Rome.
hi-lc-half,hi,lc,half,half,1,hi-lc-half_s1_r1,15,19,17,18,attacker,3000,1552,3500,0,False,True,0,False,0,49.5,,,0,0,Rome destroys army of Gaul.
hi-lc-half,hi,lc,half,half,2,hi-lc-half_s2_r1,15,19,17,18,attacker,3000,1759,3500,0,False,True,0,False,0,49.4,,,0,0,Rome destroys army of Gaul.
hi-lc-half,hi,lc,half,half,3,hi-lc-half_s3_r1,15,19,17,18,attacker,3000,1943,3500,0,False,True,0,False,0,49.1,,,0,0,Rome destroys army of Gaul.
hi-lc-one,hi,lc,one,one,1,hi-lc-one_s1_r1,16,21,19,20,attacker,6000,3076,7000,0,False,True,0,False,0,49.3,,,0,0,Rome destroys army of Gaul.
hi-lc-one,hi,lc,one,one,2,hi-lc-one_s2_r1,16,21,19,20,attacker,6000,3593,7000,0,False,True,0,False,0,49.5,,,0,0,Rome destroys army of Gaul.
hi-lc-one,hi,lc,one,one,3,hi-lc-one_s3_r1,16,21,19,20,attacker,6000,3894,7000,0,False,True,1,False,0,49.8,,,0,0,Rome destroys army of Gaul.
hi-lc-three,hi,lc,three,three,1,hi-lc-three_s1_r1,19,59,9,37,attacker,18000,9994,21000,0,False,True,1,False,0,50.5,,,0,0,Rome destroys army of Gaul.
hi-lc-three,hi,lc,three,three,2,hi-lc-three_s2_r1,23,60,12,25,attacker,18000,7255,21000,0,False,True,0,False,1,51.1,,,0,0,Rome destroys army of Gaul.
hi-lc-three,hi,lc,three,three,3,hi-lc-three_s3_r1,21,58,22,32,attacker,18000,7977,21000,0,False,True,0,False,1,51.2,,,0,0,Rome destroys army of Gaul.
hi-li-half,hi,li,half,half,1,hi-li-half_s1_r1,11,11,8,9,attacker,3000,2696,7500,0,False,True,1,False,0,49.2,,,0,0,Rome destroys army of Gaul.
hi-li-half,hi,li,half,half,2,hi-li-half_s2_r1,10,9,6,7,attacker,3000,2683,7500,0,False,True,1,False,0,49.4,,,0,0,Rome destroys army of Gaul.
hi-li-half,hi,li,half,half,3,hi-li-half_s3_r1,11,11,8,9,attacker,3000,2717,7500,0,False,True,1,False,0,50.1,,,0,0,Rome destroys army of Gaul.
hi-li-one,hi,li,one,one,1,hi-li-one_s1_r1,13,15,12,13,attacker,6000,5414,15000,0,False,True,1,False,0,49.2,,,0,0,Rome destroys army of Gaul.
hi-li-one,hi,li,one,one,2,hi-li-one_s2_r1,12,13,10,11,attacker,6000,5392,15000,0,False,True,0,False,0,49.5,,,0,0,Rome destroys army of Gaul.
hi-li-one,hi,li,one,one,3,hi-li-one_s3_r1,12,13,10,11,attacker,6000,5467,15000,0,False,True,0,False,0,49.0,,,0,0,Rome destroys army of Gaul.
hi-li-three,hi,li,three,three,1,hi-li-three_s1_r1,15,36,11,17,attacker,18000,15609,45000,0,False,True,1,False,0,49.7,,,0,0,Rome destroys army of Gaul.
hi-li-three,hi,li,three,three,2,hi-li-three_s2_r1,13,38,11,19,attacker,18000,16107,45000,0,False,True,1,False,0,49.7,,,0,0,Rome destroys army of Gaul.
hi-li-three,hi,li,three,three,3,hi-li-three_s3_r1,15,35,3,11,attacker,18000,15793,45000,0,False,True,0,False,0,51.0,,,0,0,Rome destroys army of Gaul.
lc-ar-half,lc,ar,half,half,1,lc-ar-half_s1_r1,11,5,2,3,attacker,3500,3030,1750,0,False,True,1,False,0,49.8,,,0,0,Rome destroys army of Gaul.
lc-ar-half,lc,ar,half,half,2,lc-ar-half_s2_r1,13,7,3,4,attacker,3500,2804,1750,0,False,True,0,False,0,49.4,,,0,0,Rome destroys army of Gaul.
lc-ar-half,lc,ar,half,half,3,lc-ar-half_s3_r1,11,5,2,3,attacker,3500,2853,1750,0,False,True,0,False,0,49.4,,,0,0,Rome destroys army of Gaul.
lc-ar-one,lc,ar,one,one,1,lc-ar-one_s1_r1,13,7,3,4,attacker,7000,6023,3500,0,False,True,0,False,0,50.0,,,0,0,Rome destroys army of Gaul.
lc-ar-one,lc,ar,one,one,2,lc-ar-one_s2_r1,17,11,5,6,attacker,7000,5482,3500,0,False,True,1,False,0,50.2,,,0,0,Rome destroys army of Gaul.
lc-ar-one,lc,ar,one,one,3,lc-ar-one_s3_r1,15,9,4,5,attacker,7000,5603,3500,0,False,True,0,False,0,50.2,,,0,0,Rome destroys army of Gaul.
lc-ar-three,lc,ar,three,three,1,lc-ar-three_s1_r1,11,11,0,1,attacker,21000,17738,10500,0,False,True,1,False,0,50.4,,,0,0,Rome destroys army of Gaul.
lc-ar-three,lc,ar,three,three,2,lc-ar-three_s2_r1,13,13,0,2,attacker,21000,17225,10500,0,False,True,0,False,0,50.5,,,0,0,Rome destroys army of Gaul.
lc-ar-three,lc,ar,three,three,3,lc-ar-three_s3_r1,13,16,0,1,attacker,21000,17668,10500,0,False,True,1,False,0,50.6,,,0,0,Rome destroys army of Gaul.
lc-hc-half,lc,hc,half,half,1,lc-hc-half_s1_r1,14,12,10,10,attacker,3500,2968,1250,0,False,True,1,False,0,50.6,,,0,0,Rome destroys army of Gaul.
lc-hc-half,lc,hc,half,half,2,lc-hc-half_s2_r1,13,10,8,8,attacker,3500,3044,1250,0,False,True,0,False,0,49.3,,,0,0,Rome destroys army of Gaul.
lc-hc-half,lc,hc,half,half,3,lc-hc-half_s3_r1,14,12,10,10,attacker,3500,2528,1250,0,False,True,0,False,0,49.4,,,0,0,Rome destroys army of Gaul.
lc-hc-one,lc,hc,one,one,1,lc-hc-one_s1_r1,15,14,12,12,attacker,7000,5920,2500,0,False,True,0,False,0,49.7,,,0,0,Rome destroys army of Gaul.
lc-hc-one,lc,hc,one,one,2,lc-hc-one_s2_r1,14,12,10,10,attacker,7000,6055,2500,0,False,True,0,False,0,49.4,,,0,0,Rome destroys army of Gaul.
lc-hc-one,lc,hc,one,one,3,lc-hc-one_s3_r1,16,16,14,14,attacker,7000,4989,2500,0,False,True,0,False,0,49.4,,,0,0,Rome destroys army of Gaul.
lc-hc-three,lc,hc,three,three,1,lc-hc-three_s1_r1,23,51,16,19,attacker,21000,10946,7500,0,False,True,1,False,0,50.3,,,0,0,Rome destroys army of Gaul.
lc-hc-three,lc,hc,three,three,2,lc-hc-three_s2_r1,17,35,6,14,attacker,21000,15809,7500,0,False,True,1,False,0,50.2,,,0,0,Rome destroys army of Gaul.
lc-hc-three,lc,hc,three,three,3,lc-hc-three_s3_r1,17,31,9,14,attacker,21000,17431,7500,0,False,True,0,False,0,49.7,,,0,0,Rome destroys army of Gaul.
lc-hi-half,lc,hi,half,half,1,lc-hi-half_s1_r1,13,13,11,12,defender,3500,0,3000,2343,True,False,1,False,0,49.5,156,0,,,Gaul destroys army of Rome.
lc-hi-half,lc,hi,half,half,2,lc-hi-half_s2_r1,13,13,11,12,defender,3500,0,3000,2378,True,False,0,True,0,55.8,156,0,,,Gaul destroys army of Rome.
lc-hi-half,lc,hi,half,half,3,lc-hi-half_s3_r1,15,17,15,16,defender,3500,0,3000,2249,True,False,0,False,0,49.4,156,0,,,Gaul destroys army of Rome.
lc-hi-one,lc,hi,one,one,1,lc-hi-one_s1_r1,15,17,15,16,defender,7000,0,6000,4675,True,False,0,True,0,55.7,156,0,,,Gaul destroys army of Rome.
lc-hi-one,lc,hi,one,one,2,lc-hi-one_s2_r1,14,15,13,14,defender,7000,0,6000,4772,True,False,0,True,0,55.7,156,0,,,Gaul destroys army of Rome.
lc-hi-one,lc,hi,one,one,3,lc-hi-one_s3_r1,16,19,17,18,defender,7000,0,6000,4503,True,False,0,False,0,49.6,156,0,,,Gaul destroys army of Rome.
lc-hi-three,lc,hi,three,three,1,lc-hi-three_s1_r1,24,57,14,29,defender,21000,0,18000,8301,True,False,0,False,1,50.9,156,0,,,Gaul destroys army of Rome.
lc-hi-three,lc,hi,three,three,2,lc-hi-three_s2_r1,22,55,19,29,defender,21000,0,18000,11968,True,False,2,True,1,57.0,156,0,,,Gaul destroys army of Rome.
lc-hi-three,lc,hi,three,three,3,lc-hi-three_s3_r1,22,55,9,22,defender,21000,0,18000,7989,True,False,1,False,0,50.4,156,0,,,Gaul destroys army of Rome.
lc-lc-half,lc,lc,half,half,1,lc-lc-half_s1_r1,13,11,7,8,defender,3500,0,3500,2322,True,False,0,True,0,55.4,156,0,,,Gaul destroys army of Rome.
lc-lc-half,lc,lc,half,half,2,lc-lc-half_s2_r1,17,15,11,12,defender,3500,0,3500,2149,True,False,1,False,0,50.1,156,0,,,Gaul destroys army of Rome.
lc-lc-half,lc,lc,half,half,3,lc-lc-half_s3_r1,13,11,7,8,defender,3500,0,3500,2351,True,False,1,False,0,50.6,156,0,,,Gaul destroys army of Rome.
lc-lc-one,lc,lc,one,one,1,lc-lc-one_s1_r1,15,15,11,12,defender,7000,0,7000,4551,True,False,0,False,0,49.5,156,0,,,Gaul destroys army of Rome.
lc-lc-one,lc,lc,one,one,2,lc-lc-one_s2_r1,18,17,13,14,defender,7000,0,7000,4208,True,False,1,False,0,50.0,156,0,,,Gaul destroys army of Rome.
lc-lc-one,lc,lc,one,one,3,lc-lc-one_s3_r1,15,15,11,12,defender,7000,0,7000,4612,True,False,0,True,0,56.1,156,0,,,Gaul destroys army of Rome.
lc-lc-three,lc,lc,three,three,1,lc-lc-three_s1_r1,21,44,15,22,defender,21000,0,21000,9429,True,False,0,True,1,58.5,156,0,,,Gaul destroys army of Rome.
lc-lc-three,lc,lc,three,three,2,lc-lc-three_s2_r1,26,57,13,23,defender,21000,0,21000,5644,True,False,1,False,1,51.8,156,0,,,Gaul destroys army of Rome.
lc-lc-three,lc,lc,three,three,3,lc-lc-three_s3_r1,20,42,15,18,defender,21000,0,21000,10062,True,False,0,True,1,56.8,156,0,,,Gaul destroys army of Rome.
lc-li-half,lc,li,half,half,1,lc-li-half_s1_r1,17,15,10,11,attacker,3500,1485,7500,0,False,True,1,False,0,51.5,,,0,0,Rome destroys army of Gaul.
lc-li-half,lc,li,half,half,2,lc-li-half_s2_r1,14,13,8,9,attacker,3500,1717,7500,0,False,True,0,False,0,50.1,,,0,0,Rome destroys army of Gaul.
lc-li-half,lc,li,half,half,3,lc-li-half_s3_r1,17,15,10,11,attacker,3500,1310,7500,0,False,True,0,False,0,50.3,,,0,0,Rome destroys army of Gaul.
lc-li-one,lc,li,one,one,1,lc-li-one_s1_r1,18,17,12,13,attacker,7000,3359,15000,0,False,True,0,False,0,50.5,,,0,0,Rome destroys army of Gaul.
lc-li-one,lc,li,one,one,2,lc-li-one_s2_r1,15,15,10,11,attacker,7000,3744,15000,0,False,True,0,False,0,50.8,,,0,0,Rome destroys army of Gaul.
lc-li-one,lc,li,one,one,3,lc-li-one_s3_r1,18,17,12,13,attacker,7000,3208,15000,0,False,True,0,False,0,50.4,,,0,0,Rome destroys army of Gaul.
lc-li-three,lc,li,three,three,1,lc-li-three_s1_r1,28,53,26,28,attacker,21000,3096,45000,0,False,True,0,False,1,50.9,,,0,0,Rome destroys army of Gaul.
lc-li-three,lc,li,three,three,2,lc-li-three_s2_r1,19,39,6,10,attacker,21000,8784,45000,0,False,True,0,False,1,50.9,,,0,0,Rome destroys army of Gaul.
lc-li-three,lc,li,three,three,3,lc-li-three_s3_r1,18,35,8,11,attacker,21000,13005,45000,0,False,True,0,False,1,50.8,,,0,0,Rome destroys army of Gaul.
li-ar-half,li,ar,half,half,1,li-ar-half_s1_r1,11,5,2,3,attacker,7500,6878,1750,0,False,True,0,False,0,49.6,,,0,0,Rome destroys army of Gaul.
li-ar-half,li,ar,half,half,2,li-ar-half_s2_r1,13,5,2,3,attacker,7500,6710,1750,0,False,True,0,False,0,49.7,,,0,0,Rome destroys army of Gaul.
li-ar-half,li,ar,half,half,3,li-ar-half_s3_r1,11,5,2,3,attacker,7500,6678,1750,0,False,True,0,False,0,49.7,,,0,0,Rome destroys army of Gaul.
li-ar-one,li,ar,one,one,1,li-ar-one_s1_r1,13,8,3,4,attacker,15000,13685,3500,0,False,True,0,False,0,50.2,,,0,0,Rome destroys army of Gaul.
li-ar-one,li,ar,one,one,2,li-ar-one_s2_r1,13,5,2,3,attacker,15000,13431,3500,0,False,True,1,False,0,50.0,,,0,0,Rome destroys army of Gaul.
li-ar-one,li,ar,one,one,3,li-ar-one_s3_r1,13,8,3,4,attacker,15000,13297,3500,0,False,True,0,False,0,49.5,,,0,0,Rome destroys army of Gaul.
li-ar-three,li,ar,three,three,1,li-ar-three_s1_r1,13,15,0,1,attacker,45000,40524,10500,0,False,True,0,False,0,50.5,,,0,0,Rome destroys army of Gaul.
li-ar-three,li,ar,three,three,2,li-ar-three_s2_r1,13,16,0,1,attacker,45000,40894,10500,0,False,True,0,False,1,51.5,,,0,0,Rome destroys army of Gaul.
li-ar-three,li,ar,three,three,3,li-ar-three_s3_r1,13,15,0,1,attacker,45000,41173,10500,0,False,True,0,False,0,50.9,,,0,0,Rome destroys army of Gaul.
li-hc-half,li,hc,half,half,1,li-hc-half_s1_r1,21,26,23,23,defender,7500,0,1250,311,True,False,1,False,0,49.3,156,0,,,Gaul destroys army of Rome.
li-hc-half,li,hc,half,half,2,li-hc-half_s2_r1,17,18,15,15,attacker,7500,3884,1250,0,False,True,0,False,0,49.3,,,0,0,Rome destroys army of Gaul.
li-hc-half,li,hc,half,half,3,li-hc-half_s3_r1,24,32,29,29,attacker,7500,1559,1250,0,False,True,0,False,0,49.2,,,0,0,Rome destroys army of Gaul.
li-hc-one,li,hc,one,one,1,li-hc-one_s1_r1,21,26,23,23,defender,15000,0,2500,781,True,False,1,False,0,49.8,156,0,,,Gaul destroys army of Rome.
li-hc-one,li,hc,one,one,2,li-hc-one_s2_r1,20,24,21,21,attacker,15000,7033,2500,0,False,True,0,False,0,49.7,,,0,0,Rome destroys army of Gaul.
li-hc-one,li,hc,one,one,3,li-hc-one_s3_r1,26,36,33,33,defender,15000,0,2500,536,True,False,0,True,0,57.2,156,0,,,Gaul destroys army of Rome.
li-hc-three,li,hc,three,three,1,li-hc-three_s1_r1,22,46,11,22,attacker,45000,21479,7500,0,False,True,1,False,0,51.3,,,0,0,Rome destroys army of Gaul.
li-hc-three,li,hc,three,three,2,li-hc-three_s2_r1,23,46,13,19,attacker,45000,19133,7500,0,False,True,0,False,0,51.7,,,0,0,Rome destroys army of Gaul.
li-hc-three,li,hc,three,three,3,li-hc-three_s3_r1,23,46,12,18,attacker,45000,18213,7500,0,False,True,1,False,0,50.3,,,0,0,Rome destroys army of Gaul.
li-hi-half,li,hi,half,half,1,li-hi-half_s1_r1,12,11,8,9,defender,7500,0,3000,2765,True,False,1,False,0,49.6,156,0,,,Gaul destroys army of Rome.
li-hi-half,li,hi,half,half,2,li-hi-half_s2_r1,12,8,6,6,defender,7500,0,3000,2817,True,False,0,False,0,50.0,156,0,,,Gaul destroys army of Rome.
li-hi-half,li,hi,half,half,3,li-hi-half_s3_r1,12,11,8,9,defender,7500,0,3000,2689,True,False,1,False,0,50.0,156,0,,,Gaul destroys army of Rome.
li-hi-one,li,hi,one,one,1,li-hi-one_s1_r1,13,13,10,11,defender,15000,0,6000,5559,True,False,0,False,0,50.0,156,0,,,Gaul destroys army of Rome.
li-hi-one,li,hi,one,one,2,li-hi-one_s2_r1,14,12,9,9,defender,15000,0,6000,5640,True,False,0,False,0,50.1,156,0,,,Gaul destroys army of Rome.
li-hi-one,li,hi,one,one,3,li-hi-one_s3_r1,13,13,10,11,defender,15000,0,6000,5412,True,False,0,True,0,56.5,156,0,,,Gaul destroys army of Rome.
li-hi-three,li,hi,three,three,1,li-hi-three_s1_r1,14,34,2,15,defender,45000,0,18000,16070,True,False,0,False,0,50.0,156,0,,,Gaul destroys army of Rome.
li-hi-three,li,hi,three,three,2,li-hi-three_s2_r1,16,33,7,14,defender,45000,0,18000,16326,True,False,1,False,0,51.3,156,0,,,Gaul destroys army of Rome.
li-hi-three,li,hi,three,three,3,li-hi-three_s3_r1,14,34,2,12,defender,45000,0,18000,16202,True,False,0,True,0,57.3,156,0,,,Gaul destroys army of Rome.
li-lc-half,li,lc,half,half,1,li-lc-half_s1_r1,15,11,6,7,defender,7500,0,3500,2543,True,False,0,False,0,49.4,156,0,,,Gaul destroys army of Rome.
li-lc-half,li,lc,half,half,2,li-lc-half_s2_r1,12,9,5,6,defender,7500,0,3500,2707,True,False,0,True,0,56.4,156,0,,,Gaul destroys army of Rome.
li-lc-half,li,lc,half,half,3,li-lc-half_s3_r1,12,9,5,6,defender,7500,0,3500,2841,True,False,1,False,0,49.3,156,0,,,Gaul destroys army of Rome.
li-lc-one,li,lc,one,one,1,li-lc-one_s1_r1,17,15,10,11,defender,15000,0,7000,5177,True,False,0,False,0,49.3,156,0,,,Gaul destroys army of Rome.
li-lc-one,li,lc,one,one,2,li-lc-one_s2_r1,14,13,8,9,defender,15000,0,7000,5434,True,False,0,True,0,55.5,156,0,,,Gaul destroys army of Rome.
li-lc-one,li,lc,one,one,3,li-lc-one_s3_r1,13,11,6,7,defender,15000,0,7000,5695,True,False,1,False,0,49.5,156,0,,,Gaul destroys army of Rome.
li-lc-three,li,lc,three,three,1,li-lc-three_s1_r1,14,26,2,3,defender,45000,0,21000,14496,True,False,0,True,1,57.3,156,0,,,Gaul destroys army of Rome.
li-lc-three,li,lc,three,three,2,li-lc-three_s2_r1,18,37,4,8,defender,45000,0,21000,13279,True,False,1,True,0,56.5,156,0,,,Gaul destroys army of Rome.
li-lc-three,li,lc,three,three,3,li-lc-three_s3_r1,20,42,9,13,defender,45000,0,21000,11322,True,False,1,True,1,57.2,156,0,,,Gaul destroys army of Rome.
li-li-half,li,li,half,half,1,li-li-half_s1_r1,18,21,15,16,defender,7500,0,7500,2617,True,False,0,False,0,49.2,156,0,,,Gaul destroys army of Rome.
li-li-half,li,li,half,half,2,li-li-half_s2_r1,14,13,7,8,defender,7500,0,7500,4436,True,False,0,True,0,55.7,156,0,,,Gaul destroys army of Rome.
li-li-half,li,li,half,half,3,li-li-half_s3_r1,14,13,7,8,defender,7500,0,7500,5184,True,False,0,False,0,49.9,156,0,,,Gaul destroys army of Rome.
li-li-one,li,li,one,one,1,li-li-one_s1_r1,20,25,19,20,defender,15000,0,15000,5254,True,False,0,True,0,55.9,156,0,,,Gaul destroys army of Rome.
li-li-one,li,li,one,one,2,li-li-one_s2_r1,16,17,11,12,defender,15000,0,15000,8660,True,False,0,False,0,49.5,156,0,,,Gaul destroys army of Rome.
li-li-one,li,li,one,one,3,li-li-one_s3_r1,15,15,9,10,defender,15000,0,15000,10250,True,False,0,True,0,55.7,156,0,,,Gaul destroys army of Rome.
li-li-three,li,li,three,three,1,li-li-three_s1_r1,20,44,12,17,defender,45000,0,45000,20280,True,False,1,True,1,58.1,156,0,,,Gaul destroys army of Rome.
li-li-three,li,li,three,three,2,li-li-three_s2_r1,20,41,4,9,defender,45000,0,45000,22385,True,False,1,True,1,57.4,156,0,,,Gaul destroys army of Rome.
li-li-three,li,li,three,three,3,li-li-three_s3_r1,16,32,8,10,defender,45000,0,45000,27440,True,False,0,True,1,57.1,156,0,,,Gaul destroys army of Rome.
