trial,cell,seed,file_index,half_round,slot,side,type,x,y,troops,morale,state
ar-ar-half_s1_r1,ar-ar-half,1,0,1,0,0,ar,0,0,1750,65,0
ar-ar-half_s1_r1,ar-ar-half,1,0,1,20,1,ar,4,9,1750,88,1
ar-ar-half_s1_r1,ar-ar-half,1,1,2,0,0,ar,4,2,1750,65,4
ar-ar-half_s1_r1,ar-ar-half,1,1,2,20,1,ar,4,9,1750,88,1
ar-ar-half_s2_r1,ar-ar-half,2,0,1,0,0,ar,0,0,1750,66,0
ar-ar-half_s2_r1,ar-ar-half,2,0,1,20,1,ar,10,9,1750,84,1
ar-ar-half_s2_r1,ar-ar-half,2,1,2,0,0,ar,4,2,1750,66,4
ar-ar-half_s2_r1,ar-ar-half,2,1,2,20,1,ar,10,9,1750,84,1
ar-ar-half_s3_r1,ar-ar-half,3,0,1,0,0,ar,0,0,1750,67,0
ar-ar-half_s3_r1,ar-ar-half,3,0,1,20,1,ar,7,9,1750,80,1
ar-ar-half_s3_r1,ar-ar-half,3,1,2,0,0,ar,10,2,1750,67,4
ar-ar-half_s3_r1,ar-ar-half,3,1,2,20,1,ar,7,9,1750,80,1
ar-ar-one_s1_r1,ar-ar-one,1,0,1,0,0,ar,0,0,3500,65,0
ar-ar-one_s1_r1,ar-ar-one,1,0,1,20,1,ar,4,9,3500,88,1
ar-ar-one_s1_r1,ar-ar-one,1,1,2,0,0,ar,4,2,3500,65,4
ar-ar-one_s1_r1,ar-ar-one,1,1,2,20,1,ar,4,9,3500,88,1
ar-ar-one_s2_r1,ar-ar-one,2,0,1,0,0,ar,0,0,3500,66,0
ar-ar-one_s2_r1,ar-ar-one,2,0,1,20,1,ar,10,9,3500,84,1
ar-ar-one_s2_r1,ar-ar-one,2,1,2,0,0,ar,4,2,3500,66,4
ar-ar-one_s2_r1,ar-ar-one,2,1,2,20,1,ar,10,9,3500,84,1
ar-ar-one_s3_r1,ar-ar-one,3,0,1,0,0,ar,0,0,3500,67,0
ar-ar-one_s3_r1,ar-ar-one,3,0,1,20,1,ar,7,9,3500,80,1
ar-ar-one_s3_r1,ar-ar-one,3,1,2,0,0,ar,10,2,3500,67,4
ar-ar-one_s3_r1,ar-ar-one,3,1,2,20,1,ar,7,9,3500,80,1
ar-ar-three_s1_r1,ar-ar-three,1,0,1,0,0,ar,0,0,3500,65,0
ar-ar-three_s1_r1,ar-ar-three,1,0,1,1,0,ar,1,0,3500,85,0
ar-ar-three_s1_r1,ar-ar-three,1,0,1,2,0,ar,2,0,3500,69,0
ar-ar-three_s1_r1,ar-ar-three,1,0,1,20,1,ar,4,9,3500,74,1
ar-ar-three_s1_r1,ar-ar-three,1,0,1,21,1,ar,5,9,3500,84,1
ar-ar-three_s1_r1,ar-ar-three,1,0,1,22,1,ar,6,9,3500,75,1
ar-ar-three_s1_r1,ar-ar-three,1,1,2,0,0,ar,4,2,3500,65,4
ar-ar-three_s1_r1,ar-ar-three,1,1,2,1,0,ar,5,2,3500,85,4
ar-ar-three_s1_r1,ar-ar-three,1,1,2,2,0,ar,6,2,3500,69,4
ar-ar-three_s1_r1,ar-ar-three,1,1,2,20,1,ar,4,9,3500,74,1
ar-ar-three_s1_r1,ar-ar-three,1,1,2,21,1,ar,5,9,3500,84,1
ar-ar-three_s1_r1,ar-ar-three,1,1,2,22,1,ar,6,9,3500,75,1
ar-ar-three_s2_r1,ar-ar-three,2,0,1,0,0,ar,0,0,3500,66,0
ar-ar-three_s2_r1,ar-ar-three,2,0,1,1,0,ar,1,0,3500,81,0
ar-ar-three_s2_r1,ar-ar-three,2,0,1,2,0,ar,2,0,3500,78,0
ar-ar-three_s2_r1,ar-ar-three,2,0,1,20,1,ar,4,9,3500,76,1
ar-ar-three_s2_r1,ar-ar-three,2,0,1,21,1,ar,5,9,3500,69,1
ar-ar-three_s2_r1,ar-ar-three,2,0,1,22,1,ar,6,9,3500,90,1
ar-ar-three_s2_r1,ar-ar-three,2,1,2,0,0,ar,10,2,3500,66,4
ar-ar-three_s2_r1,ar-ar-three,2,1,2,1,0,ar,11,2,3500,81,4
ar-ar-three_s2_r1,ar-ar-three,2,1,2,2,0,ar,12,2,3500,78,4
ar-ar-three_s2_r1,ar-ar-three,2,1,2,20,1,ar,4,9,3500,76,1
ar-ar-three_s2_r1,ar-ar-three,2,1,2,21,1,ar,5,9,3500,69,1
ar-ar-three_s2_r1,ar-ar-three,2,1,2,22,1,ar,6,9,3500,90,1
ar-ar-three_s3_r1,ar-ar-three,3,0,1,0,0,ar,0,0,3500,67,0
ar-ar-three_s3_r1,ar-ar-three,3,0,1,1,0,ar,1,0,3500,77,0
ar-ar-three_s3_r1,ar-ar-three,3,0,1,2,0,ar,2,0,3500,86,0
ar-ar-three_s3_r1,ar-ar-three,3,0,1,20,1,ar,7,9,3500,77,1
ar-ar-three_s3_r1,ar-ar-three,3,0,1,21,1,ar,8,9,3500,79,1
ar-ar-three_s3_r1,ar-ar-three,3,0,1,22,1,ar,9,9,3500,82,1
ar-ar-three_s3_r1,ar-ar-three,3,1,2,0,0,ar,7,2,3500,67,4
ar-ar-three_s3_r1,ar-ar-three,3,1,2,1,0,ar,8,2,3500,77,4
ar-ar-three_s3_r1,ar-ar-three,3,1,2,2,0,ar,9,2,3500,86,4
ar-ar-three_s3_r1,ar-ar-three,3,1,2,20,1,ar,7,9,3500,77,1
ar-ar-three_s3_r1,ar-ar-three,3,1,2,21,1,ar,8,9,3500,79,1
ar-ar-three_s3_r1,ar-ar-three,3,1,2,22,1,ar,9,9,3500,82,1
ar-hc-half_s1_r1,ar-hc-half,1,0,1,0,0,ar,0,0,1750,65,0
ar-hc-half_s1_r1,ar-hc-half,1,0,1,20,1,hc,7,9,1250,88,1
ar-hc-half_s1_r1,ar-hc-half,1,1,2,0,0,ar,4,2,1750,65,4
ar-hc-half_s1_r1,ar-hc-half,1,1,2,20,1,hc,7,9,1250,88,1
ar-hc-half_s2_r1,ar-hc-half,2,0,1,0,0,ar,0,0,1750,66,0
ar-hc-half_s2_r1,ar-hc-half,2,0,1,20,1,hc,4,9,1250,84,1
ar-hc-half_s2_r1,ar-hc-half,2,1,2,0,0,ar,4,2,1750,66,4
ar-hc-half_s2_r1,ar-hc-half,2,1,2,20,1,hc,4,9,1250,84,1
ar-hc-half_s3_r1,ar-hc-half,3,0,1,0,0,ar,0,0,1750,67,0
ar-hc-half_s3_r1,ar-hc-half,3,0,1,20,1,hc,1,9,1250,80,1
ar-hc-half_s3_r1,ar-hc-half,3,1,2,0,0,ar,10,2,1750,67,4
ar-hc-half_s3_r1,ar-hc-half,3,1,2,20,1,hc,1,9,1250,80,1
ar-hc-one_s1_r1,ar-hc-one,1,0,1,0,0,ar,0,0,3500,65,0
ar-hc-one_s1_r1,ar-hc-one,1,0,1,20,1,hc,7,9,2500,88,1
ar-hc-one_s1_r1,ar-hc-one,1,1,2,0,0,ar,4,2,3500,65,4
ar-hc-one_s1_r1,ar-hc-one,1,1,2,20,1,hc,7,9,2500,88,1
ar-hc-one_s2_r1,ar-hc-one,2,0,1,0,0,ar,0,0,3500,66,0
ar-hc-one_s2_r1,ar-hc-one,2,0,1,20,1,hc,4,9,2500,84,1
ar-hc-one_s2_r1,ar-hc-one,2,1,2,0,0,ar,4,2,3500,66,4
ar-hc-one_s2_r1,ar-hc-one,2,1,2,20,1,hc,4,9,2500,84,1
ar-hc-one_s3_r1,ar-hc-one,3,0,1,0,0,ar,0,0,3500,67,0
ar-hc-one_s3_r1,ar-hc-one,3,0,1,20,1,hc,1,9,2500,80,1
ar-hc-one_s3_r1,ar-hc-one,3,1,2,0,0,ar,10,2,3500,67,4
ar-hc-one_s3_r1,ar-hc-one,3,1,2,20,1,hc,1,9,2500,80,1
ar-hc-three_s1_r1,ar-hc-three,1,0,1,0,0,ar,0,0,3500,65,0
ar-hc-three_s1_r1,ar-hc-three,1,0,1,1,0,ar,1,0,3500,85,0
ar-hc-three_s1_r1,ar-hc-three,1,0,1,2,0,ar,2,0,3500,69,0
ar-hc-three_s1_r1,ar-hc-three,1,0,1,20,1,hc,1,9,2500,74,1
ar-hc-three_s1_r1,ar-hc-three,1,0,1,21,1,hc,2,9,2500,84,1
ar-hc-three_s1_r1,ar-hc-three,1,0,1,22,1,hc,3,9,2500,75,1
ar-hc-three_s1_r1,ar-hc-three,1,1,2,0,0,ar,4,2,3500,65,4
ar-hc-three_s1_r1,ar-hc-three,1,1,2,1,0,ar,5,2,3500,85,4
ar-hc-three_s1_r1,ar-hc-three,1,1,2,2,0,ar,6,2,3500,69,4
ar-hc-three_s1_r1,ar-hc-three,1,1,2,20,1,hc,1,9,2500,74,1
ar-hc-three_s1_r1,ar-hc-three,1,1,2,21,1,hc,2,9,2500,84,1
ar-hc-three_s1_r1,ar-hc-three,1,1,2,22,1,hc,3,9,2500,75,1
ar-hi-half_s1_r1,ar-hi-half,1,0,1,0,0,ar,0,0,1750,65,0
ar-hi-half_s1_r1,ar-hi-half,1,0,1,20,1,hi,4,9,3000,88,2
ar-hi-half_s1_r1,ar-hi-half,1,1,2,0,0,ar,4,2,1750,65,4
ar-hi-half_s1_r1,ar-hi-half,1,1,2,20,1,hi,4,9,3000,88,2
ar-hi-half_s2_r1,ar-hi-half,2,0,1,0,0,ar,0,0,1750,66,0
ar-hi-half_s2_r1,ar-hi-half,2,0,1,20,1,hi,10,9,3000,84,2
ar-hi-half_s2_r1,ar-hi-half,2,1,2,0,0,ar,4,2,1750,66,4
ar-hi-half_s2_r1,ar-hi-half,2,1,2,20,1,hi,10,9,3000,84,2
ar-hi-half_s3_r1,ar-hi-half,3,0,1,0,0,ar,0,0,1750,67,0
ar-hi-half_s3_r1,ar-hi-half,3,0,1,20,1,hi,7,9,3000,80,2
ar-hi-half_s3_r1,ar-hi-half,3,1,2,0,0,ar,10,2,1750,67,4
ar-hi-half_s3_r1,ar-hi-half,3,1,2,20,1,hi,7,9,3000,80,2
ar-hi-one_s1_r1,ar-hi-one,1,0,1,0,0,ar,0,0,3500,65,0
ar-hi-one_s1_r1,ar-hi-one,1,0,1,20,1,hi,4,9,6000,88,2
ar-hi-one_s1_r1,ar-hi-one,1,1,2,0,0,ar,4,2,3500,65,4
ar-hi-one_s1_r1,ar-hi-one,1,1,2,20,1,hi,4,9,6000,88,2
ar-hi-one_s2_r1,ar-hi-one,2,0,1,0,0,ar,0,0,3500,66,0
ar-hi-one_s2_r1,ar-hi-one,2,0,1,20,1,hi,10,9,6000,84,2
ar-hi-one_s2_r1,ar-hi-one,2,1,2,0,0,ar,4,2,3500,66,4
ar-hi-one_s2_r1,ar-hi-one,2,1,2,20,1,hi,10,9,6000,84,2
ar-hi-one_s3_r1,ar-hi-one,3,0,1,0,0,ar,0,0,3500,67,0
ar-hi-one_s3_r1,ar-hi-one,3,0,1,20,1,hi,7,9,6000,80,2
ar-hi-one_s3_r1,ar-hi-one,3,1,2,0,0,ar,10,2,3500,67,4
ar-hi-one_s3_r1,ar-hi-one,3,1,2,20,1,hi,7,9,6000,80,2
ar-hi-three_s1_r1,ar-hi-three,1,0,1,0,0,ar,0,0,3500,65,0
ar-hi-three_s1_r1,ar-hi-three,1,0,1,1,0,ar,1,0,3500,85,0
ar-hi-three_s1_r1,ar-hi-three,1,0,1,2,0,ar,2,0,3500,69,0
ar-hi-three_s1_r1,ar-hi-three,1,0,1,20,1,hi,4,9,6000,74,2
ar-hi-three_s1_r1,ar-hi-three,1,0,1,21,1,hi,5,9,6000,84,2
ar-hi-three_s1_r1,ar-hi-three,1,0,1,22,1,hi,6,9,6000,75,2
ar-hi-three_s1_r1,ar-hi-three,1,1,2,0,0,ar,4,2,3500,65,4
ar-hi-three_s1_r1,ar-hi-three,1,1,2,1,0,ar,5,2,3500,85,4
ar-hi-three_s1_r1,ar-hi-three,1,1,2,2,0,ar,6,2,3500,69,4
ar-hi-three_s1_r1,ar-hi-three,1,1,2,20,1,hi,4,9,6000,74,2
ar-hi-three_s1_r1,ar-hi-three,1,1,2,21,1,hi,5,9,6000,84,2
ar-hi-three_s1_r1,ar-hi-three,1,1,2,22,1,hi,6,9,6000,75,2
ar-hi-three_s2_r1,ar-hi-three,2,0,1,0,0,ar,0,0,3500,66,0
ar-hi-three_s2_r1,ar-hi-three,2,0,1,1,0,ar,1,0,3500,81,0
ar-hi-three_s2_r1,ar-hi-three,2,0,1,2,0,ar,2,0,3500,78,0
ar-hi-three_s2_r1,ar-hi-three,2,0,1,20,1,hi,4,9,6000,76,2
ar-hi-three_s2_r1,ar-hi-three,2,0,1,21,1,hi,5,9,6000,69,2
ar-hi-three_s2_r1,ar-hi-three,2,0,1,22,1,hi,6,9,6000,90,2
ar-hi-three_s2_r1,ar-hi-three,2,1,2,0,0,ar,10,2,3500,66,4
ar-hi-three_s2_r1,ar-hi-three,2,1,2,1,0,ar,11,2,3500,81,4
ar-hi-three_s2_r1,ar-hi-three,2,1,2,2,0,ar,12,2,3500,78,4
ar-hi-three_s2_r1,ar-hi-three,2,1,2,20,1,hi,4,9,6000,76,2
ar-hi-three_s2_r1,ar-hi-three,2,1,2,21,1,hi,5,9,6000,69,2
ar-hi-three_s2_r1,ar-hi-three,2,1,2,22,1,hi,6,9,6000,90,2
ar-hi-three_s3_r1,ar-hi-three,3,0,1,0,0,ar,0,0,3500,67,0
ar-hi-three_s3_r1,ar-hi-three,3,0,1,1,0,ar,1,0,3500,77,0
ar-hi-three_s3_r1,ar-hi-three,3,0,1,2,0,ar,2,0,3500,86,0
ar-hi-three_s3_r1,ar-hi-three,3,0,1,20,1,hi,7,9,6000,77,2
ar-hi-three_s3_r1,ar-hi-three,3,0,1,21,1,hi,8,9,6000,79,2
ar-hi-three_s3_r1,ar-hi-three,3,0,1,22,1,hi,9,9,6000,82,2
ar-hi-three_s3_r1,ar-hi-three,3,1,2,0,0,ar,7,2,3500,67,4
ar-hi-three_s3_r1,ar-hi-three,3,1,2,1,0,ar,8,2,3500,77,4
ar-hi-three_s3_r1,ar-hi-three,3,1,2,2,0,ar,9,2,3500,86,4
ar-hi-three_s3_r1,ar-hi-three,3,1,2,20,1,hi,7,9,6000,77,2
ar-hi-three_s3_r1,ar-hi-three,3,1,2,21,1,hi,8,9,6000,79,2
ar-hi-three_s3_r1,ar-hi-three,3,1,2,22,1,hi,9,9,6000,82,2
ar-lc-half_s1_r1,ar-lc-half,1,0,1,0,0,ar,0,0,1750,65,0
ar-lc-half_s1_r1,ar-lc-half,1,0,1,20,1,lc,10,9,3500,88,1
ar-lc-half_s1_r1,ar-lc-half,1,1,2,0,0,ar,4,2,1750,65,4
ar-lc-half_s1_r1,ar-lc-half,1,1,2,20,1,lc,10,9,3500,88,1
ar-lc-half_s2_r1,ar-lc-half,2,0,1,0,0,ar,0,0,1750,66,0
ar-lc-half_s2_r1,ar-lc-half,2,0,1,20,1,lc,1,9,3500,84,1
ar-lc-half_s2_r1,ar-lc-half,2,1,2,0,0,ar,4,2,1750,66,4
ar-lc-half_s2_r1,ar-lc-half,2,1,2,20,1,lc,1,9,3500,84,1
ar-lc-half_s3_r1,ar-lc-half,3,0,1,0,0,ar,0,0,1750,67,0
ar-lc-half_s3_r1,ar-lc-half,3,0,1,20,1,lc,4,9,3500,80,1
ar-lc-half_s3_r1,ar-lc-half,3,1,2,0,0,ar,10,2,1750,67,4
ar-lc-half_s3_r1,ar-lc-half,3,1,2,20,1,lc,4,9,3500,80,1
ar-lc-one_s1_r1,ar-lc-one,1,0,1,0,0,ar,0,0,3500,65,0
ar-lc-one_s1_r1,ar-lc-one,1,0,1,20,1,lc,10,9,7000,88,1
ar-lc-one_s1_r1,ar-lc-one,1,1,2,0,0,ar,4,2,3500,65,4
ar-lc-one_s1_r1,ar-lc-one,1,1,2,20,1,lc,10,9,7000,88,1
ar-lc-one_s2_r1,ar-lc-one,2,0,1,0,0,ar,0,0,3500,66,0
ar-lc-one_s2_r1,ar-lc-one,2,0,1,20,1,lc,1,9,7000,84,1
ar-lc-one_s2_r1,ar-lc-one,2,1,2,0,0,ar,4,2,3500,66,4
ar-lc-one_s2_r1,ar-lc-one,2,1,2,20,1,lc,1,9,7000,84,1
ar-lc-one_s3_r1,ar-lc-one,3,0,1,0,0,ar,0,0,3500,67,0
ar-lc-one_s3_r1,ar-lc-one,3,0,1,20,1,lc,4,9,7000,80,1
ar-lc-one_s3_r1,ar-lc-one,3,1,2,0,0,ar,10,2,3500,67,4
ar-lc-one_s3_r1,ar-lc-one,3,1,2,20,1,lc,4,9,7000,80,1
ar-lc-three_s1_r1,ar-lc-three,1,0,1,0,0,ar,0,0,3500,65,0
ar-lc-three_s1_r1,ar-lc-three,1,0,1,1,0,ar,1,0,3500,85,0
ar-lc-three_s1_r1,ar-lc-three,1,0,1,2,0,ar,2,0,3500,69,0
ar-lc-three_s1_r1,ar-lc-three,1,0,1,20,1,lc,10,9,7000,74,1
ar-lc-three_s1_r1,ar-lc-three,1,0,1,21,1,lc,11,9,7000,84,1
ar-lc-three_s1_r1,ar-lc-three,1,0,1,22,1,lc,12,9,7000,75,1
ar-lc-three_s1_r1,ar-lc-three,1,1,2,0,0,ar,4,2,3500,65,4
ar-lc-three_s1_r1,ar-lc-three,1,1,2,1,0,ar,5,2,3500,85,4
ar-lc-three_s1_r1,ar-lc-three,1,1,2,2,0,ar,6,2,3500,69,4
ar-lc-three_s1_r1,ar-lc-three,1,1,2,20,1,lc,10,9,7000,74,1
ar-lc-three_s1_r1,ar-lc-three,1,1,2,21,1,lc,11,9,7000,84,1
ar-lc-three_s1_r1,ar-lc-three,1,1,2,22,1,lc,12,9,7000,75,1
ar-lc-three_s2_r1,ar-lc-three,2,0,1,0,0,ar,0,0,3500,66,0
ar-lc-three_s2_r1,ar-lc-three,2,0,1,1,0,ar,1,0,3500,81,0
ar-lc-three_s2_r1,ar-lc-three,2,0,1,2,0,ar,2,0,3500,78,0
ar-lc-three_s2_r1,ar-lc-three,2,0,1,20,1,lc,10,9,7000,76,1
ar-lc-three_s2_r1,ar-lc-three,2,0,1,21,1,lc,11,9,7000,69,1
ar-lc-three_s2_r1,ar-lc-three,2,0,1,22,1,lc,12,9,7000,90,1
ar-lc-three_s2_r1,ar-lc-three,2,1,2,0,0,ar,10,2,3500,66,4
ar-lc-three_s2_r1,ar-lc-three,2,1,2,1,0,ar,11,2,3500,81,4
ar-lc-three_s2_r1,ar-lc-three,2,1,2,2,0,ar,12,2,3500,78,4
ar-lc-three_s2_r1,ar-lc-three,2,1,2,20,1,lc,10,9,7000,76,1
ar-lc-three_s2_r1,ar-lc-three,2,1,2,21,1,lc,11,9,7000,69,1
ar-lc-three_s2_r1,ar-lc-three,2,1,2,22,1,lc,12,9,7000,90,1
ar-lc-three_s3_r1,ar-lc-three,3,0,1,0,0,ar,0,0,3500,67,0
ar-lc-three_s3_r1,ar-lc-three,3,0,1,1,0,ar,1,0,3500,77,0
ar-lc-three_s3_r1,ar-lc-three,3,0,1,2,0,ar,2,0,3500,86,0
ar-lc-three_s3_r1,ar-lc-three,3,0,1,20,1,lc,4,9,7000,77,1
ar-lc-three_s3_r1,ar-lc-three,3,0,1,21,1,lc,5,9,7000,79,1
ar-lc-three_s3_r1,ar-lc-three,3,0,1,22,1,lc,6,9,7000,82,1
ar-lc-three_s3_r1,ar-lc-three,3,1,2,0,0,ar,7,2,3500,67,4
ar-lc-three_s3_r1,ar-lc-three,3,1,2,1,0,ar,8,2,3500,77,4
ar-lc-three_s3_r1,ar-lc-three,3,1,2,2,0,ar,9,2,3500,86,4
ar-lc-three_s3_r1,ar-lc-three,3,1,2,20,1,lc,4,9,7000,77,1
ar-lc-three_s3_r1,ar-lc-three,3,1,2,21,1,lc,5,9,7000,79,1
ar-lc-three_s3_r1,ar-lc-three,3,1,2,22,1,lc,6,9,7000,82,1
ar-li-half_s1_r1,ar-li-half,1,0,1,0,0,ar,0,0,1750,65,0
ar-li-half_s1_r1,ar-li-half,1,0,1,20,1,li,1,9,7500,88,1
ar-li-half_s1_r1,ar-li-half,1,1,2,0,0,ar,4,2,1750,65,4
ar-li-half_s1_r1,ar-li-half,1,1,2,20,1,li,1,9,7500,88,1
ar-li-half_s2_r1,ar-li-half,2,0,1,0,0,ar,0,0,1750,66,0
ar-li-half_s2_r1,ar-li-half,2,0,1,20,1,li,7,9,7500,84,1
ar-li-half_s2_r1,ar-li-half,2,1,2,0,0,ar,4,2,1750,66,4
ar-li-half_s2_r1,ar-li-half,2,1,2,20,1,li,7,9,7500,84,1
ar-li-half_s3_r1,ar-li-half,3,0,1,0,0,ar,0,0,1750,67,0
ar-li-half_s3_r1,ar-li-half,3,0,1,20,1,li,10,9,7500,80,1
ar-li-half_s3_r1,ar-li-half,3,1,2,0,0,ar,10,2,1750,67,4
ar-li-half_s3_r1,ar-li-half,3,1,2,20,1,li,10,9,7500,80,1
ar-li-one_s1_r1,ar-li-one,1,0,1,0,0,ar,0,0,3500,65,0
ar-li-one_s1_r1,ar-li-one,1,0,1,20,1,li,1,9,15000,88,1
ar-li-one_s1_r1,ar-li-one,1,1,2,0,0,ar,4,2,3500,65,4
ar-li-one_s1_r1,ar-li-one,1,1,2,20,1,li,1,9,15000,88,1
ar-li-one_s2_r1,ar-li-one,2,0,1,0,0,ar,0,0,3500,66,0
ar-li-one_s2_r1,ar-li-one,2,0,1,20,1,li,7,9,15000,84,1
ar-li-one_s2_r1,ar-li-one,2,1,2,0,0,ar,4,2,3500,66,4
ar-li-one_s2_r1,ar-li-one,2,1,2,20,1,li,7,9,15000,84,1
ar-li-one_s3_r1,ar-li-one,3,0,1,0,0,ar,0,0,3500,67,0
ar-li-one_s3_r1,ar-li-one,3,0,1,20,1,li,10,9,15000,80,1
ar-li-one_s3_r1,ar-li-one,3,1,2,0,0,ar,10,2,3500,67,4
ar-li-one_s3_r1,ar-li-one,3,1,2,20,1,li,10,9,15000,80,1
ar-li-three_s1_r1,ar-li-three,1,0,1,0,0,ar,0,0,3500,65,0
ar-li-three_s1_r1,ar-li-three,1,0,1,1,0,ar,1,0,3500,85,0
ar-li-three_s1_r1,ar-li-three,1,0,1,2,0,ar,2,0,3500,69,0
ar-li-three_s1_r1,ar-li-three,1,0,1,20,1,li,7,9,15000,74,1
ar-li-three_s1_r1,ar-li-three,1,0,1,21,1,li,8,9,15000,84,1
ar-li-three_s1_r1,ar-li-three,1,0,1,22,1,li,9,9,15000,75,1
ar-li-three_s1_r1,ar-li-three,1,1,2,0,0,ar,4,2,3500,65,4
ar-li-three_s1_r1,ar-li-three,1,1,2,1,0,ar,5,2,3500,85,4
ar-li-three_s1_r1,ar-li-three,1,1,2,2,0,ar,6,2,3500,69,4
ar-li-three_s1_r1,ar-li-three,1,1,2,20,1,li,7,9,15000,74,1
ar-li-three_s1_r1,ar-li-three,1,1,2,21,1,li,8,9,15000,84,1
ar-li-three_s1_r1,ar-li-three,1,1,2,22,1,li,9,9,15000,75,1
ar-li-three_s2_r1,ar-li-three,2,0,1,0,0,ar,0,0,3500,66,0
ar-li-three_s2_r1,ar-li-three,2,0,1,1,0,ar,1,0,3500,81,0
ar-li-three_s2_r1,ar-li-three,2,0,1,2,0,ar,2,0,3500,78,0
ar-li-three_s2_r1,ar-li-three,2,0,1,20,1,li,7,9,15000,76,1
ar-li-three_s2_r1,ar-li-three,2,0,1,21,1,li,8,9,15000,69,1
ar-li-three_s2_r1,ar-li-three,2,0,1,22,1,li,9,9,15000,90,1
ar-li-three_s2_r1,ar-li-three,2,1,2,0,0,ar,10,2,3500,66,4
ar-li-three_s2_r1,ar-li-three,2,1,2,1,0,ar,11,2,3500,81,4
ar-li-three_s2_r1,ar-li-three,2,1,2,2,0,ar,12,2,3500,78,4
ar-li-three_s2_r1,ar-li-three,2,1,2,20,1,li,7,9,15000,76,1
ar-li-three_s2_r1,ar-li-three,2,1,2,21,1,li,8,9,15000,69,1
ar-li-three_s2_r1,ar-li-three,2,1,2,22,1,li,9,9,15000,90,1
ar-li-three_s3_r1,ar-li-three,3,0,1,0,0,ar,0,0,3500,67,0
ar-li-three_s3_r1,ar-li-three,3,0,1,1,0,ar,1,0,3500,77,0
ar-li-three_s3_r1,ar-li-three,3,0,1,2,0,ar,2,0,3500,86,0
ar-li-three_s3_r1,ar-li-three,3,0,1,20,1,li,10,9,15000,77,1
ar-li-three_s3_r1,ar-li-three,3,0,1,21,1,li,11,9,15000,79,1
ar-li-three_s3_r1,ar-li-three,3,0,1,22,1,li,12,9,15000,82,1
ar-li-three_s3_r1,ar-li-three,3,1,2,0,0,ar,7,2,3500,67,4
ar-li-three_s3_r1,ar-li-three,3,1,2,1,0,ar,8,2,3500,77,4
ar-li-three_s3_r1,ar-li-three,3,1,2,2,0,ar,9,2,3500,86,4
ar-li-three_s3_r1,ar-li-three,3,1,2,20,1,li,10,9,15000,77,1
ar-li-three_s3_r1,ar-li-three,3,1,2,21,1,li,11,9,15000,79,1
ar-li-three_s3_r1,ar-li-three,3,1,2,22,1,li,12,9,15000,82,1
hi-ar-half_s1_r1,hi-ar-half,1,0,1,0,0,hi,0,0,3000,65,0
hi-ar-half_s1_r1,hi-ar-half,1,0,1,20,1,ar,4,9,1750,88,1
hi-ar-half_s1_r1,hi-ar-half,1,1,2,0,0,hi,4,2,3000,65,2
hi-ar-half_s1_r1,hi-ar-half,1,1,2,20,1,ar,4,9,1750,88,1
hi-ar-half_s2_r1,hi-ar-half,2,0,1,0,0,hi,0,0,3000,66,0
hi-ar-half_s2_r1,hi-ar-half,2,0,1,20,1,ar,10,9,1750,84,1
hi-ar-half_s2_r1,hi-ar-half,2,1,2,0,0,hi,4,2,3000,66,2
hi-ar-half_s2_r1,hi-ar-half,2,1,2,20,1,ar,10,9,1750,84,1
hi-ar-half_s3_r1,hi-ar-half,3,0,1,0,0,hi,0,0,3000,67,0
hi-ar-half_s3_r1,hi-ar-half,3,0,1,20,1,ar,7,9,1750,80,1
hi-ar-half_s3_r1,hi-ar-half,3,1,2,0,0,hi,10,2,3000,67,2
hi-ar-half_s3_r1,hi-ar-half,3,1,2,20,1,ar,7,9,1750,80,1
hi-ar-one_s1_r1,hi-ar-one,1,0,1,0,0,hi,0,0,6000,65,0
hi-ar-one_s1_r1,hi-ar-one,1,0,1,20,1,ar,4,9,3500,88,1
hi-ar-one_s1_r1,hi-ar-one,1,1,2,0,0,hi,4,2,6000,65,2
hi-ar-one_s1_r1,hi-ar-one,1,1,2,20,1,ar,4,9,3500,88,1
hi-ar-one_s2_r1,hi-ar-one,2,0,1,0,0,hi,0,0,6000,66,0
hi-ar-one_s2_r1,hi-ar-one,2,0,1,20,1,ar,10,9,3500,84,1
hi-ar-one_s2_r1,hi-ar-one,2,1,2,0,0,hi,4,2,6000,66,2
hi-ar-one_s2_r1,hi-ar-one,2,1,2,20,1,ar,10,9,3500,84,1
hi-ar-one_s3_r1,hi-ar-one,3,0,1,0,0,hi,0,0,6000,67,0
hi-ar-one_s3_r1,hi-ar-one,3,0,1,20,1,ar,7,9,3500,80,1
hi-ar-one_s3_r1,hi-ar-one,3,1,2,0,0,hi,10,2,6000,67,2
hi-ar-one_s3_r1,hi-ar-one,3,1,2,20,1,ar,7,9,3500,80,1
hi-ar-three_s1_r1,hi-ar-three,1,0,1,0,0,hi,0,0,6000,65,0
hi-ar-three_s1_r1,hi-ar-three,1,0,1,1,0,hi,1,0,6000,85,0
hi-ar-three_s1_r1,hi-ar-three,1,0,1,2,0,hi,2,0,6000,69,0
hi-ar-three_s1_r1,hi-ar-three,1,0,1,20,1,ar,4,9,3500,74,1
hi-ar-three_s1_r1,hi-ar-three,1,0,1,21,1,ar,5,9,3500,84,1
hi-ar-three_s1_r1,hi-ar-three,1,0,1,22,1,ar,6,9,3500,75,1
hi-ar-three_s1_r1,hi-ar-three,1,1,2,0,0,hi,4,2,6000,65,2
hi-ar-three_s1_r1,hi-ar-three,1,1,2,1,0,hi,5,2,6000,85,2
hi-ar-three_s1_r1,hi-ar-three,1,1,2,2,0,hi,6,2,6000,69,2
hi-ar-three_s1_r1,hi-ar-three,1,1,2,20,1,ar,4,9,3500,74,1
hi-ar-three_s1_r1,hi-ar-three,1,1,2,21,1,ar,5,9,3500,84,1
hi-ar-three_s1_r1,hi-ar-three,1,1,2,22,1,ar,6,9,3500,75,1
hi-ar-three_s2_r1,hi-ar-three,2,0,1,0,0,hi,0,0,6000,66,0
hi-ar-three_s2_r1,hi-ar-three,2,0,1,1,0,hi,1,0,6000,81,0
hi-ar-three_s2_r1,hi-ar-three,2,0,1,2,0,hi,2,0,6000,78,0
hi-ar-three_s2_r1,hi-ar-three,2,0,1,20,1,ar,4,9,3500,76,1
hi-ar-three_s2_r1,hi-ar-three,2,0,1,21,1,ar,5,9,3500,69,1
hi-ar-three_s2_r1,hi-ar-three,2,0,1,22,1,ar,6,9,3500,90,1
hi-ar-three_s2_r1,hi-ar-three,2,1,2,0,0,hi,10,2,6000,66,2
hi-ar-three_s2_r1,hi-ar-three,2,1,2,1,0,hi,11,2,6000,81,2
hi-ar-three_s2_r1,hi-ar-three,2,1,2,2,0,hi,12,2,6000,78,2
hi-ar-three_s2_r1,hi-ar-three,2,1,2,20,1,ar,4,9,3500,76,1
hi-ar-three_s2_r1,hi-ar-three,2,1,2,21,1,ar,5,9,3500,69,1
hi-ar-three_s2_r1,hi-ar-three,2,1,2,22,1,ar,6,9,3500,90,1
hi-ar-three_s3_r1,hi-ar-three,3,0,1,0,0,hi,0,0,6000,67,0
hi-ar-three_s3_r1,hi-ar-three,3,0,1,1,0,hi,1,0,6000,77,0
hi-ar-three_s3_r1,hi-ar-three,3,0,1,2,0,hi,2,0,6000,86,0
hi-ar-three_s3_r1,hi-ar-three,3,0,1,20,1,ar,7,9,3500,77,1
hi-ar-three_s3_r1,hi-ar-three,3,0,1,21,1,ar,8,9,3500,79,1
hi-ar-three_s3_r1,hi-ar-three,3,0,1,22,1,ar,9,9,3500,82,1
hi-ar-three_s3_r1,hi-ar-three,3,1,2,0,0,hi,7,2,6000,67,2
hi-ar-three_s3_r1,hi-ar-three,3,1,2,1,0,hi,8,2,6000,77,2
hi-ar-three_s3_r1,hi-ar-three,3,1,2,2,0,hi,9,2,6000,86,2
hi-ar-three_s3_r1,hi-ar-three,3,1,2,20,1,ar,7,9,3500,77,1
hi-ar-three_s3_r1,hi-ar-three,3,1,2,21,1,ar,8,9,3500,79,1
hi-ar-three_s3_r1,hi-ar-three,3,1,2,22,1,ar,9,9,3500,82,1
hi-hc-half_s1_r1,hi-hc-half,1,0,1,0,0,hi,0,0,3000,65,0
hi-hc-half_s1_r1,hi-hc-half,1,0,1,20,1,hc,7,9,1250,88,1
hi-hc-half_s1_r1,hi-hc-half,1,1,2,0,0,hi,4,2,3000,65,2
hi-hc-half_s1_r1,hi-hc-half,1,1,2,20,1,hc,7,9,1250,88,1
hi-hc-half_s2_r1,hi-hc-half,2,0,1,0,0,hi,0,0,3000,66,0
hi-hc-half_s2_r1,hi-hc-half,2,0,1,20,1,hc,4,9,1250,84,1
hi-hc-half_s2_r1,hi-hc-half,2,1,2,0,0,hi,4,2,3000,66,2
hi-hc-half_s2_r1,hi-hc-half,2,1,2,20,1,hc,4,9,1250,84,1
hi-hc-half_s3_r1,hi-hc-half,3,0,1,0,0,hi,0,0,3000,67,0
hi-hc-half_s3_r1,hi-hc-half,3,0,1,20,1,hc,1,9,1250,80,1
hi-hc-half_s3_r1,hi-hc-half,3,1,2,0,0,hi,10,2,3000,67,2
hi-hc-half_s3_r1,hi-hc-half,3,1,2,20,1,hc,1,9,1250,80,1
hi-hc-one_s1_r1,hi-hc-one,1,0,1,0,0,hi,0,0,6000,65,0
hi-hc-one_s1_r1,hi-hc-one,1,0,1,20,1,hc,7,9,2500,88,1
hi-hc-one_s1_r1,hi-hc-one,1,1,2,0,0,hi,4,2,6000,65,2
hi-hc-one_s1_r1,hi-hc-one,1,1,2,20,1,hc,7,9,2500,88,1
hi-hc-one_s2_r1,hi-hc-one,2,0,1,0,0,hi,0,0,6000,66,0
hi-hc-one_s2_r1,hi-hc-one,2,0,1,20,1,hc,4,9,2500,84,1
hi-hc-one_s2_r1,hi-hc-one,2,1,2,0,0,hi,4,2,6000,66,2
hi-hc-one_s2_r1,hi-hc-one,2,1,2,20,1,hc,4,9,2500,84,1
hi-hc-one_s3_r1,hi-hc-one,3,0,1,0,0,hi,0,0,6000,67,0
hi-hc-one_s3_r1,hi-hc-one,3,0,1,20,1,hc,1,9,2500,80,1
hi-hc-one_s3_r1,hi-hc-one,3,1,2,0,0,hi,10,2,6000,67,2
hi-hc-one_s3_r1,hi-hc-one,3,1,2,20,1,hc,1,9,2500,80,1
hi-hc-three_s1_r1,hi-hc-three,1,0,1,0,0,hi,0,0,6000,65,0
hi-hc-three_s1_r1,hi-hc-three,1,0,1,1,0,hi,1,0,6000,85,0
hi-hc-three_s1_r1,hi-hc-three,1,0,1,2,0,hi,2,0,6000,69,0
hi-hc-three_s1_r1,hi-hc-three,1,0,1,20,1,hc,1,9,2500,74,1
hi-hc-three_s1_r1,hi-hc-three,1,0,1,21,1,hc,2,9,2500,84,1
hi-hc-three_s1_r1,hi-hc-three,1,0,1,22,1,hc,3,9,2500,75,1
hi-hc-three_s1_r1,hi-hc-three,1,1,2,0,0,hi,4,2,6000,65,2
hi-hc-three_s1_r1,hi-hc-three,1,1,2,1,0,hi,5,2,6000,85,2
hi-hc-three_s1_r1,hi-hc-three,1,1,2,2,0,hi,6,2,6000,69,2
hi-hc-three_s1_r1,hi-hc-three,1,1,2,20,1,hc,1,9,2500,74,1
hi-hc-three_s1_r1,hi-hc-three,1,1,2,21,1,hc,2,9,2500,84,1
hi-hc-three_s1_r1,hi-hc-three,1,1,2,22,1,hc,3,9,2500,75,1
hi-hc-three_s2_r1,hi-hc-three,2,0,1,0,0,hi,0,0,6000,66,0
hi-hc-three_s2_r1,hi-hc-three,2,0,1,1,0,hi,1,0,6000,81,0
hi-hc-three_s2_r1,hi-hc-three,2,0,1,2,0,hi,2,0,6000,78,0
hi-hc-three_s2_r1,hi-hc-three,2,0,1,20,1,hc,1,9,2500,76,1
hi-hc-three_s2_r1,hi-hc-three,2,0,1,21,1,hc,2,9,2500,69,1
hi-hc-three_s2_r1,hi-hc-three,2,0,1,22,1,hc,3,9,2500,90,1
hi-hc-three_s2_r1,hi-hc-three,2,1,2,0,0,hi,10,2,6000,66,2
hi-hc-three_s2_r1,hi-hc-three,2,1,2,1,0,hi,11,2,6000,81,2
hi-hc-three_s2_r1,hi-hc-three,2,1,2,2,0,hi,12,2,6000,78,2
hi-hc-three_s2_r1,hi-hc-three,2,1,2,20,1,hc,1,9,2500,76,1
hi-hc-three_s2_r1,hi-hc-three,2,1,2,21,1,hc,2,9,2500,69,1
hi-hc-three_s2_r1,hi-hc-three,2,1,2,22,1,hc,3,9,2500,90,1
hi-hc-three_s3_r1,hi-hc-three,3,0,1,0,0,hi,0,0,6000,67,0
hi-hc-three_s3_r1,hi-hc-three,3,0,1,1,0,hi,1,0,6000,77,0
hi-hc-three_s3_r1,hi-hc-three,3,0,1,2,0,hi,2,0,6000,86,0
hi-hc-three_s3_r1,hi-hc-three,3,0,1,20,1,hc,1,9,2500,77,1
hi-hc-three_s3_r1,hi-hc-three,3,0,1,21,1,hc,2,9,2500,79,1
hi-hc-three_s3_r1,hi-hc-three,3,0,1,22,1,hc,3,9,2500,82,1
hi-hc-three_s3_r1,hi-hc-three,3,1,2,0,0,hi,7,2,6000,67,2
hi-hc-three_s3_r1,hi-hc-three,3,1,2,1,0,hi,8,2,6000,77,2
hi-hc-three_s3_r1,hi-hc-three,3,1,2,2,0,hi,9,2,6000,86,2
hi-hc-three_s3_r1,hi-hc-three,3,1,2,20,1,hc,1,9,2500,77,1
hi-hc-three_s3_r1,hi-hc-three,3,1,2,21,1,hc,2,9,2500,79,1
hi-hc-three_s3_r1,hi-hc-three,3,1,2,22,1,hc,3,9,2500,82,1
hi-hi-half_s1_r1,hi-hi-half,1,0,1,0,0,hi,0,0,3000,65,0
hi-hi-half_s1_r1,hi-hi-half,1,0,1,20,1,hi,4,9,3000,88,2
hi-hi-half_s1_r1,hi-hi-half,1,1,2,0,0,hi,4,2,3000,65,2
hi-hi-half_s1_r1,hi-hi-half,1,1,2,20,1,hi,4,9,3000,88,2
hi-hi-half_s2_r1,hi-hi-half,2,0,1,0,0,hi,0,0,3000,66,0
hi-hi-half_s2_r1,hi-hi-half,2,0,1,20,1,hi,10,9,3000,84,2
hi-hi-half_s2_r1,hi-hi-half,2,1,2,0,0,hi,4,2,3000,66,2
hi-hi-half_s2_r1,hi-hi-half,2,1,2,20,1,hi,10,9,3000,84,2
hi-hi-half_s3_r1,hi-hi-half,3,0,1,0,0,hi,0,0,3000,67,0
hi-hi-half_s3_r1,hi-hi-half,3,0,1,20,1,hi,7,9,3000,80,2
hi-hi-half_s3_r1,hi-hi-half,3,1,2,0,0,hi,10,2,3000,67,2
hi-hi-half_s3_r1,hi-hi-half,3,1,2,20,1,hi,7,9,3000,80,2
hi-hi-one_s1_r1,hi-hi-one,1,0,1,0,0,hi,0,0,6000,65,0
hi-hi-one_s1_r1,hi-hi-one,1,0,1,20,1,hi,4,9,6000,88,2
hi-hi-one_s1_r1,hi-hi-one,1,1,2,0,0,hi,4,2,6000,65,2
hi-hi-one_s1_r1,hi-hi-one,1,1,2,20,1,hi,4,9,6000,88,2
hi-hi-one_s2_r1,hi-hi-one,2,0,1,0,0,hi,0,0,6000,66,0
hi-hi-one_s2_r1,hi-hi-one,2,0,1,20,1,hi,10,9,6000,84,2
hi-hi-one_s2_r1,hi-hi-one,2,1,2,0,0,hi,4,2,6000,66,2
hi-hi-one_s2_r1,hi-hi-one,2,1,2,20,1,hi,10,9,6000,84,2
hi-hi-one_s3_r1,hi-hi-one,3,0,1,0,0,hi,0,0,6000,67,0
hi-hi-one_s3_r1,hi-hi-one,3,0,1,20,1,hi,7,9,6000,80,2
hi-hi-one_s3_r1,hi-hi-one,3,1,2,0,0,hi,10,2,6000,67,2
hi-hi-one_s3_r1,hi-hi-one,3,1,2,20,1,hi,7,9,6000,80,2
hi-hi-three_s1_r1,hi-hi-three,1,0,1,0,0,hi,0,0,6000,65,0
hi-hi-three_s1_r1,hi-hi-three,1,0,1,1,0,hi,1,0,6000,85,0
hi-hi-three_s1_r1,hi-hi-three,1,0,1,2,0,hi,2,0,6000,69,0
hi-hi-three_s1_r1,hi-hi-three,1,0,1,20,1,hi,4,9,6000,74,2
hi-hi-three_s1_r1,hi-hi-three,1,0,1,21,1,hi,5,9,6000,84,2
hi-hi-three_s1_r1,hi-hi-three,1,0,1,22,1,hi,6,9,6000,75,2
hi-hi-three_s1_r1,hi-hi-three,1,1,2,0,0,hi,4,2,6000,65,2
hi-hi-three_s1_r1,hi-hi-three,1,1,2,1,0,hi,5,2,6000,85,2
hi-hi-three_s1_r1,hi-hi-three,1,1,2,2,0,hi,6,2,6000,69,2
hi-hi-three_s1_r1,hi-hi-three,1,1,2,20,1,hi,4,9,6000,74,2
hi-hi-three_s1_r1,hi-hi-three,1,1,2,21,1,hi,5,9,6000,84,2
hi-hi-three_s1_r1,hi-hi-three,1,1,2,22,1,hi,6,9,6000,75,2
hi-hi-three_s2_r1,hi-hi-three,2,0,1,0,0,hi,0,0,6000,66,0
hi-hi-three_s2_r1,hi-hi-three,2,0,1,1,0,hi,1,0,6000,81,0
hi-hi-three_s2_r1,hi-hi-three,2,0,1,2,0,hi,2,0,6000,78,0
hi-hi-three_s2_r1,hi-hi-three,2,0,1,20,1,hi,4,9,6000,76,2
hi-hi-three_s2_r1,hi-hi-three,2,0,1,21,1,hi,5,9,6000,69,2
hi-hi-three_s2_r1,hi-hi-three,2,0,1,22,1,hi,6,9,6000,90,2
hi-hi-three_s2_r1,hi-hi-three,2,1,2,0,0,hi,10,2,6000,66,2
hi-hi-three_s2_r1,hi-hi-three,2,1,2,1,0,hi,11,2,6000,81,2
hi-hi-three_s2_r1,hi-hi-three,2,1,2,2,0,hi,12,2,6000,78,2
hi-hi-three_s2_r1,hi-hi-three,2,1,2,20,1,hi,4,9,6000,76,2
hi-hi-three_s2_r1,hi-hi-three,2,1,2,21,1,hi,5,9,6000,69,2
hi-hi-three_s2_r1,hi-hi-three,2,1,2,22,1,hi,6,9,6000,90,2
hi-hi-three_s3_r1,hi-hi-three,3,0,1,0,0,hi,0,0,6000,67,0
hi-hi-three_s3_r1,hi-hi-three,3,0,1,1,0,hi,1,0,6000,77,0
hi-hi-three_s3_r1,hi-hi-three,3,0,1,2,0,hi,2,0,6000,86,0
hi-hi-three_s3_r1,hi-hi-three,3,0,1,20,1,hi,7,9,6000,77,2
hi-hi-three_s3_r1,hi-hi-three,3,0,1,21,1,hi,8,9,6000,79,2
hi-hi-three_s3_r1,hi-hi-three,3,0,1,22,1,hi,9,9,6000,82,2
hi-hi-three_s3_r1,hi-hi-three,3,1,2,0,0,hi,7,2,6000,67,2
hi-hi-three_s3_r1,hi-hi-three,3,1,2,1,0,hi,8,2,6000,77,2
hi-hi-three_s3_r1,hi-hi-three,3,1,2,2,0,hi,9,2,6000,86,2
hi-hi-three_s3_r1,hi-hi-three,3,1,2,20,1,hi,7,9,6000,77,2
hi-hi-three_s3_r1,hi-hi-three,3,1,2,21,1,hi,8,9,6000,79,2
hi-hi-three_s3_r1,hi-hi-three,3,1,2,22,1,hi,9,9,6000,82,2
hi-lc-half_s1_r1,hi-lc-half,1,0,1,0,0,hi,0,0,3000,65,0
hi-lc-half_s1_r1,hi-lc-half,1,0,1,20,1,lc,10,9,3500,88,1
hi-lc-half_s1_r1,hi-lc-half,1,1,2,0,0,hi,4,2,3000,65,2
hi-lc-half_s1_r1,hi-lc-half,1,1,2,20,1,lc,10,9,3500,88,1
hi-lc-half_s2_r1,hi-lc-half,2,0,1,0,0,hi,0,0,3000,66,0
hi-lc-half_s2_r1,hi-lc-half,2,0,1,20,1,lc,1,9,3500,84,1
hi-lc-half_s2_r1,hi-lc-half,2,1,2,0,0,hi,4,2,3000,66,2
hi-lc-half_s2_r1,hi-lc-half,2,1,2,20,1,lc,1,9,3500,84,1
hi-lc-half_s3_r1,hi-lc-half,3,0,1,0,0,hi,0,0,3000,67,0
hi-lc-half_s3_r1,hi-lc-half,3,0,1,20,1,lc,4,9,3500,80,1
hi-lc-half_s3_r1,hi-lc-half,3,1,2,0,0,hi,10,2,3000,67,2
hi-lc-half_s3_r1,hi-lc-half,3,1,2,20,1,lc,4,9,3500,80,1
hi-lc-one_s1_r1,hi-lc-one,1,0,1,0,0,hi,0,0,6000,65,0
hi-lc-one_s1_r1,hi-lc-one,1,0,1,20,1,lc,10,9,7000,88,1
hi-lc-one_s1_r1,hi-lc-one,1,1,2,0,0,hi,4,2,6000,65,2
hi-lc-one_s1_r1,hi-lc-one,1,1,2,20,1,lc,10,9,7000,88,1
hi-lc-one_s2_r1,hi-lc-one,2,0,1,0,0,hi,0,0,6000,66,0
hi-lc-one_s2_r1,hi-lc-one,2,0,1,20,1,lc,1,9,7000,84,1
hi-lc-one_s2_r1,hi-lc-one,2,1,2,0,0,hi,4,2,6000,66,2
hi-lc-one_s2_r1,hi-lc-one,2,1,2,20,1,lc,1,9,7000,84,1
hi-lc-one_s3_r1,hi-lc-one,3,0,1,0,0,hi,0,0,6000,67,0
hi-lc-one_s3_r1,hi-lc-one,3,0,1,20,1,lc,4,9,7000,80,1
hi-lc-one_s3_r1,hi-lc-one,3,1,2,0,0,hi,10,2,6000,67,2
hi-lc-one_s3_r1,hi-lc-one,3,1,2,20,1,lc,4,9,7000,80,1
hi-lc-three_s1_r1,hi-lc-three,1,0,1,0,0,hi,0,0,6000,65,0
hi-lc-three_s1_r1,hi-lc-three,1,0,1,1,0,hi,1,0,6000,85,0
hi-lc-three_s1_r1,hi-lc-three,1,0,1,2,0,hi,2,0,6000,69,0
hi-lc-three_s1_r1,hi-lc-three,1,0,1,20,1,lc,10,9,7000,74,1
hi-lc-three_s1_r1,hi-lc-three,1,0,1,21,1,lc,11,9,7000,84,1
hi-lc-three_s1_r1,hi-lc-three,1,0,1,22,1,lc,12,9,7000,75,1
hi-lc-three_s1_r1,hi-lc-three,1,1,2,0,0,hi,4,2,6000,65,2
hi-lc-three_s1_r1,hi-lc-three,1,1,2,1,0,hi,5,2,6000,85,2
hi-lc-three_s1_r1,hi-lc-three,1,1,2,2,0,hi,6,2,6000,69,2
hi-lc-three_s1_r1,hi-lc-three,1,1,2,20,1,lc,10,9,7000,74,1
hi-lc-three_s1_r1,hi-lc-three,1,1,2,21,1,lc,11,9,7000,84,1
hi-lc-three_s1_r1,hi-lc-three,1,1,2,22,1,lc,12,9,7000,75,1
hi-lc-three_s2_r1,hi-lc-three,2,0,1,0,0,hi,0,0,6000,66,0
hi-lc-three_s2_r1,hi-lc-three,2,0,1,1,0,hi,1,0,6000,81,0
hi-lc-three_s2_r1,hi-lc-three,2,0,1,2,0,hi,2,0,6000,78,0
hi-lc-three_s2_r1,hi-lc-three,2,0,1,20,1,lc,10,9,7000,76,1
hi-lc-three_s2_r1,hi-lc-three,2,0,1,21,1,lc,11,9,7000,69,1
hi-lc-three_s2_r1,hi-lc-three,2,0,1,22,1,lc,12,9,7000,90,1
hi-lc-three_s2_r1,hi-lc-three,2,1,2,0,0,hi,10,2,6000,66,2
hi-lc-three_s2_r1,hi-lc-three,2,1,2,1,0,hi,11,2,6000,81,2
hi-lc-three_s2_r1,hi-lc-three,2,1,2,2,0,hi,12,2,6000,78,2
hi-lc-three_s2_r1,hi-lc-three,2,1,2,20,1,lc,10,9,7000,76,1
hi-lc-three_s2_r1,hi-lc-three,2,1,2,21,1,lc,11,9,7000,69,1
hi-lc-three_s2_r1,hi-lc-three,2,1,2,22,1,lc,12,9,7000,90,1
hi-lc-three_s3_r1,hi-lc-three,3,0,1,0,0,hi,0,0,6000,67,0
hi-lc-three_s3_r1,hi-lc-three,3,0,1,1,0,hi,1,0,6000,77,0
hi-lc-three_s3_r1,hi-lc-three,3,0,1,2,0,hi,2,0,6000,86,0
hi-lc-three_s3_r1,hi-lc-three,3,0,1,20,1,lc,4,9,7000,77,1
hi-lc-three_s3_r1,hi-lc-three,3,0,1,21,1,lc,5,9,7000,79,1
hi-lc-three_s3_r1,hi-lc-three,3,0,1,22,1,lc,6,9,7000,82,1
hi-lc-three_s3_r1,hi-lc-three,3,1,2,0,0,hi,7,2,6000,67,2
hi-lc-three_s3_r1,hi-lc-three,3,1,2,1,0,hi,8,2,6000,77,2
hi-lc-three_s3_r1,hi-lc-three,3,1,2,2,0,hi,9,2,6000,86,2
hi-lc-three_s3_r1,hi-lc-three,3,1,2,20,1,lc,4,9,7000,77,1
hi-lc-three_s3_r1,hi-lc-three,3,1,2,21,1,lc,5,9,7000,79,1
hi-lc-three_s3_r1,hi-lc-three,3,1,2,22,1,lc,6,9,7000,82,1
hi-li-half_s1_r1,hi-li-half,1,0,1,0,0,hi,0,0,3000,65,0
hi-li-half_s1_r1,hi-li-half,1,0,1,20,1,li,1,9,7500,88,1
hi-li-half_s1_r1,hi-li-half,1,1,2,0,0,hi,4,2,3000,65,2
hi-li-half_s1_r1,hi-li-half,1,1,2,20,1,li,1,9,7500,88,1
hi-li-half_s2_r1,hi-li-half,2,0,1,0,0,hi,0,0,3000,66,0
hi-li-half_s2_r1,hi-li-half,2,0,1,20,1,li,7,9,7500,84,1
hi-li-half_s2_r1,hi-li-half,2,1,2,0,0,hi,4,2,3000,66,2
hi-li-half_s2_r1,hi-li-half,2,1,2,20,1,li,7,9,7500,84,1
hi-li-half_s3_r1,hi-li-half,3,0,1,0,0,hi,0,0,3000,67,0
hi-li-half_s3_r1,hi-li-half,3,0,1,20,1,li,10,9,7500,80,1
hi-li-half_s3_r1,hi-li-half,3,1,2,0,0,hi,10,2,3000,67,2
hi-li-half_s3_r1,hi-li-half,3,1,2,20,1,li,10,9,7500,80,1
hi-li-one_s1_r1,hi-li-one,1,0,1,0,0,hi,0,0,6000,65,0
hi-li-one_s1_r1,hi-li-one,1,0,1,20,1,li,1,9,15000,88,1
hi-li-one_s1_r1,hi-li-one,1,1,2,0,0,hi,4,2,6000,65,2
hi-li-one_s1_r1,hi-li-one,1,1,2,20,1,li,1,9,15000,88,1
hi-li-one_s2_r1,hi-li-one,2,0,1,0,0,hi,0,0,6000,66,0
hi-li-one_s2_r1,hi-li-one,2,0,1,20,1,li,7,9,15000,84,1
hi-li-one_s2_r1,hi-li-one,2,1,2,0,0,hi,4,2,6000,66,2
hi-li-one_s2_r1,hi-li-one,2,1,2,20,1,li,7,9,15000,84,1
hi-li-one_s3_r1,hi-li-one,3,0,1,0,0,hi,0,0,6000,67,0
hi-li-one_s3_r1,hi-li-one,3,0,1,20,1,li,10,9,15000,80,1
hi-li-one_s3_r1,hi-li-one,3,1,2,0,0,hi,10,2,6000,67,2
hi-li-one_s3_r1,hi-li-one,3,1,2,20,1,li,10,9,15000,80,1
hi-li-three_s1_r1,hi-li-three,1,0,1,0,0,hi,0,0,6000,65,0
hi-li-three_s1_r1,hi-li-three,1,0,1,1,0,hi,1,0,6000,85,0
hi-li-three_s1_r1,hi-li-three,1,0,1,2,0,hi,2,0,6000,69,0
hi-li-three_s1_r1,hi-li-three,1,0,1,20,1,li,7,9,15000,74,1
hi-li-three_s1_r1,hi-li-three,1,0,1,21,1,li,8,9,15000,84,1
hi-li-three_s1_r1,hi-li-three,1,0,1,22,1,li,9,9,15000,75,1
hi-li-three_s1_r1,hi-li-three,1,1,2,0,0,hi,4,2,6000,65,2
hi-li-three_s1_r1,hi-li-three,1,1,2,1,0,hi,5,2,6000,85,2
hi-li-three_s1_r1,hi-li-three,1,1,2,2,0,hi,6,2,6000,69,2
hi-li-three_s1_r1,hi-li-three,1,1,2,20,1,li,7,9,15000,74,1
hi-li-three_s1_r1,hi-li-three,1,1,2,21,1,li,8,9,15000,84,1
hi-li-three_s1_r1,hi-li-three,1,1,2,22,1,li,9,9,15000,75,1
hi-li-three_s2_r1,hi-li-three,2,0,1,0,0,hi,0,0,6000,66,0
hi-li-three_s2_r1,hi-li-three,2,0,1,1,0,hi,1,0,6000,81,0
hi-li-three_s2_r1,hi-li-three,2,0,1,2,0,hi,2,0,6000,78,0
hi-li-three_s2_r1,hi-li-three,2,0,1,20,1,li,7,9,15000,76,1
hi-li-three_s2_r1,hi-li-three,2,0,1,21,1,li,8,9,15000,69,1
hi-li-three_s2_r1,hi-li-three,2,0,1,22,1,li,9,9,15000,90,1
hi-li-three_s2_r1,hi-li-three,2,1,2,0,0,hi,10,2,6000,66,2
hi-li-three_s2_r1,hi-li-three,2,1,2,1,0,hi,11,2,6000,81,2
hi-li-three_s2_r1,hi-li-three,2,1,2,2,0,hi,12,2,6000,78,2
hi-li-three_s2_r1,hi-li-three,2,1,2,20,1,li,7,9,15000,76,1
hi-li-three_s2_r1,hi-li-three,2,1,2,21,1,li,8,9,15000,69,1
hi-li-three_s2_r1,hi-li-three,2,1,2,22,1,li,9,9,15000,90,1
hi-li-three_s3_r1,hi-li-three,3,0,1,0,0,hi,0,0,6000,67,0
hi-li-three_s3_r1,hi-li-three,3,0,1,1,0,hi,1,0,6000,77,0
hi-li-three_s3_r1,hi-li-three,3,0,1,2,0,hi,2,0,6000,86,0
hi-li-three_s3_r1,hi-li-three,3,0,1,20,1,li,10,9,15000,77,1
hi-li-three_s3_r1,hi-li-three,3,0,1,21,1,li,11,9,15000,79,1
hi-li-three_s3_r1,hi-li-three,3,0,1,22,1,li,12,9,15000,82,1
hi-li-three_s3_r1,hi-li-three,3,1,2,0,0,hi,7,2,6000,67,2
hi-li-three_s3_r1,hi-li-three,3,1,2,1,0,hi,8,2,6000,77,2
hi-li-three_s3_r1,hi-li-three,3,1,2,2,0,hi,9,2,6000,86,2
hi-li-three_s3_r1,hi-li-three,3,1,2,20,1,li,10,9,15000,77,1
hi-li-three_s3_r1,hi-li-three,3,1,2,21,1,li,11,9,15000,79,1
hi-li-three_s3_r1,hi-li-three,3,1,2,22,1,li,12,9,15000,82,1
lc-ar-half_s1_r1,lc-ar-half,1,0,1,0,0,lc,0,0,3500,65,0
lc-ar-half_s1_r1,lc-ar-half,1,0,1,20,1,ar,4,9,1750,88,1
lc-ar-half_s1_r1,lc-ar-half,1,1,2,0,0,lc,10,2,3500,65,6
lc-ar-half_s1_r1,lc-ar-half,1,1,2,20,1,ar,4,9,1750,88,1
li-ar-half_s1_r1,li-ar-half,1,0,1,0,0,li,0,0,7500,65,0
li-ar-half_s1_r1,li-ar-half,1,0,1,20,1,ar,4,9,1750,88,1
li-ar-half_s1_r1,li-ar-half,1,1,2,0,0,li,1,2,7500,65,4
li-ar-half_s1_r1,li-ar-half,1,1,2,20,1,ar,4,9,1750,88,1
li-ar-half_s2_r1,li-ar-half,2,0,1,0,0,li,0,0,7500,66,0
li-ar-half_s2_r1,li-ar-half,2,0,1,20,1,ar,10,9,1750,84,1
li-ar-half_s2_r1,li-ar-half,2,1,2,0,0,li,1,2,7500,66,4
li-ar-half_s2_r1,li-ar-half,2,1,2,20,1,ar,10,9,1750,84,1
li-ar-half_s3_r1,li-ar-half,3,0,1,0,0,li,0,0,7500,67,0
li-ar-half_s3_r1,li-ar-half,3,0,1,20,1,ar,7,9,1750,80,1
li-ar-half_s3_r1,li-ar-half,3,1,2,0,0,li,7,2,7500,67,4
li-ar-half_s3_r1,li-ar-half,3,1,2,20,1,ar,7,9,1750,80,1
li-ar-one_s1_r1,li-ar-one,1,0,1,0,0,li,0,0,15000,65,0
li-ar-one_s1_r1,li-ar-one,1,0,1,20,1,ar,4,9,3500,88,1
li-ar-one_s1_r1,li-ar-one,1,1,2,0,0,li,1,2,15000,65,4
li-ar-one_s1_r1,li-ar-one,1,1,2,20,1,ar,4,9,3500,88,1
li-ar-one_s2_r1,li-ar-one,2,0,1,0,0,li,0,0,15000,66,0
li-ar-one_s2_r1,li-ar-one,2,0,1,20,1,ar,10,9,3500,84,1
li-ar-one_s2_r1,li-ar-one,2,1,2,0,0,li,1,2,15000,66,4
li-ar-one_s2_r1,li-ar-one,2,1,2,20,1,ar,10,9,3500,84,1
li-ar-one_s3_r1,li-ar-one,3,0,1,0,0,li,0,0,15000,67,0
li-ar-one_s3_r1,li-ar-one,3,0,1,20,1,ar,7,9,3500,80,1
li-ar-one_s3_r1,li-ar-one,3,1,2,0,0,li,7,2,15000,67,4
li-ar-one_s3_r1,li-ar-one,3,1,2,20,1,ar,7,9,3500,80,1
li-ar-three_s1_r1,li-ar-three,1,0,1,0,0,li,0,0,15000,65,0
li-ar-three_s1_r1,li-ar-three,1,0,1,1,0,li,1,0,15000,85,0
li-ar-three_s1_r1,li-ar-three,1,0,1,2,0,li,2,0,15000,69,0
li-ar-three_s1_r1,li-ar-three,1,0,1,20,1,ar,4,9,3500,74,1
li-ar-three_s1_r1,li-ar-three,1,0,1,21,1,ar,5,9,3500,84,1
li-ar-three_s1_r1,li-ar-three,1,0,1,22,1,ar,6,9,3500,75,1
li-ar-three_s1_r1,li-ar-three,1,1,2,0,0,li,1,2,15000,65,4
li-ar-three_s1_r1,li-ar-three,1,1,2,1,0,li,2,2,15000,85,4
li-ar-three_s1_r1,li-ar-three,1,1,2,2,0,li,3,2,15000,69,4
li-ar-three_s1_r1,li-ar-three,1,1,2,20,1,ar,4,9,3500,74,1
li-ar-three_s1_r1,li-ar-three,1,1,2,21,1,ar,5,9,3500,84,1
li-ar-three_s1_r1,li-ar-three,1,1,2,22,1,ar,6,9,3500,75,1
li-ar-three_s2_r1,li-ar-three,2,0,1,0,0,li,0,0,15000,66,0
li-ar-three_s2_r1,li-ar-three,2,0,1,1,0,li,1,0,15000,81,0
li-ar-three_s2_r1,li-ar-three,2,0,1,2,0,li,2,0,15000,78,0
li-ar-three_s2_r1,li-ar-three,2,0,1,20,1,ar,4,9,3500,76,1
li-ar-three_s2_r1,li-ar-three,2,0,1,21,1,ar,5,9,3500,69,1
li-ar-three_s2_r1,li-ar-three,2,0,1,22,1,ar,6,9,3500,90,1
li-ar-three_s2_r1,li-ar-three,2,1,2,0,0,li,7,2,15000,66,4
li-ar-three_s2_r1,li-ar-three,2,1,2,1,0,li,8,2,15000,81,4
li-ar-three_s2_r1,li-ar-three,2,1,2,2,0,li,9,2,15000,78,4
li-ar-three_s2_r1,li-ar-three,2,1,2,20,1,ar,4,9,3500,76,1
li-ar-three_s2_r1,li-ar-three,2,1,2,21,1,ar,5,9,3500,69,1
li-ar-three_s2_r1,li-ar-three,2,1,2,22,1,ar,6,9,3500,90,1
li-ar-three_s3_r1,li-ar-three,3,0,1,0,0,li,0,0,15000,67,0
li-ar-three_s3_r1,li-ar-three,3,0,1,1,0,li,1,0,15000,77,0
li-ar-three_s3_r1,li-ar-three,3,0,1,2,0,li,2,0,15000,86,0
li-ar-three_s3_r1,li-ar-three,3,0,1,20,1,ar,7,9,3500,77,1
li-ar-three_s3_r1,li-ar-three,3,0,1,21,1,ar,8,9,3500,79,1
li-ar-three_s3_r1,li-ar-three,3,0,1,22,1,ar,9,9,3500,82,1
li-ar-three_s3_r1,li-ar-three,3,1,2,0,0,li,4,2,15000,67,4
li-ar-three_s3_r1,li-ar-three,3,1,2,1,0,li,5,2,15000,77,4
li-ar-three_s3_r1,li-ar-three,3,1,2,2,0,li,6,2,15000,86,4
li-ar-three_s3_r1,li-ar-three,3,1,2,20,1,ar,7,9,3500,77,1
li-ar-three_s3_r1,li-ar-three,3,1,2,21,1,ar,8,9,3500,79,1
li-ar-three_s3_r1,li-ar-three,3,1,2,22,1,ar,9,9,3500,82,1
li-hc-half_s1_r1,li-hc-half,1,0,1,0,0,li,0,0,7500,65,0
li-hc-half_s1_r1,li-hc-half,1,0,1,20,1,hc,7,9,1250,88,1
li-hc-half_s1_r1,li-hc-half,1,1,2,0,0,li,1,2,7500,65,4
li-hc-half_s1_r1,li-hc-half,1,1,2,20,1,hc,7,9,1250,88,1
li-hc-half_s2_r1,li-hc-half,2,0,1,0,0,li,0,0,7500,66,0
li-hc-half_s2_r1,li-hc-half,2,0,1,20,1,hc,4,9,1250,84,1
li-hc-half_s2_r1,li-hc-half,2,1,2,0,0,li,1,2,7500,66,4
li-hc-half_s2_r1,li-hc-half,2,1,2,20,1,hc,4,9,1250,84,1
li-hc-half_s3_r1,li-hc-half,3,0,1,0,0,li,0,0,7500,67,0
li-hc-half_s3_r1,li-hc-half,3,0,1,20,1,hc,1,9,1250,80,1
li-hc-half_s3_r1,li-hc-half,3,1,2,0,0,li,7,2,7500,67,4
li-hc-half_s3_r1,li-hc-half,3,1,2,20,1,hc,1,9,1250,80,1
li-hc-one_s1_r1,li-hc-one,1,0,1,0,0,li,0,0,15000,65,0
li-hc-one_s1_r1,li-hc-one,1,0,1,20,1,hc,7,9,2500,88,1
li-hc-one_s1_r1,li-hc-one,1,1,2,0,0,li,1,2,15000,65,4
li-hc-one_s1_r1,li-hc-one,1,1,2,20,1,hc,7,9,2500,88,1
li-hc-one_s2_r1,li-hc-one,2,0,1,0,0,li,0,0,15000,66,0
li-hc-one_s2_r1,li-hc-one,2,0,1,20,1,hc,4,9,2500,84,1
li-hc-one_s2_r1,li-hc-one,2,1,2,0,0,li,1,2,15000,66,4
li-hc-one_s2_r1,li-hc-one,2,1,2,20,1,hc,4,9,2500,84,1
li-hc-one_s3_r1,li-hc-one,3,0,1,0,0,li,0,0,15000,67,0
li-hc-one_s3_r1,li-hc-one,3,0,1,20,1,hc,1,9,2500,80,1
li-hc-one_s3_r1,li-hc-one,3,1,2,0,0,li,7,2,15000,67,4
li-hc-one_s3_r1,li-hc-one,3,1,2,20,1,hc,1,9,2500,80,1
li-hc-three_s1_r1,li-hc-three,1,0,1,0,0,li,0,0,15000,65,0
li-hc-three_s1_r1,li-hc-three,1,0,1,1,0,li,1,0,15000,85,0
li-hc-three_s1_r1,li-hc-three,1,0,1,2,0,li,2,0,15000,69,0
li-hc-three_s1_r1,li-hc-three,1,0,1,20,1,hc,1,9,2500,74,1
li-hc-three_s1_r1,li-hc-three,1,0,1,21,1,hc,2,9,2500,84,1
li-hc-three_s1_r1,li-hc-three,1,0,1,22,1,hc,3,9,2500,75,1
li-hc-three_s1_r1,li-hc-three,1,1,2,0,0,li,1,2,15000,65,4
li-hc-three_s1_r1,li-hc-three,1,1,2,1,0,li,2,2,15000,85,4
li-hc-three_s1_r1,li-hc-three,1,1,2,2,0,li,3,2,15000,69,4
li-hc-three_s1_r1,li-hc-three,1,1,2,20,1,hc,1,9,2500,74,1
li-hc-three_s1_r1,li-hc-three,1,1,2,21,1,hc,2,9,2500,84,1
li-hc-three_s1_r1,li-hc-three,1,1,2,22,1,hc,3,9,2500,75,1
li-hc-three_s2_r1,li-hc-three,2,0,1,0,0,li,0,0,15000,66,0
li-hc-three_s2_r1,li-hc-three,2,0,1,1,0,li,1,0,15000,81,0
li-hc-three_s2_r1,li-hc-three,2,0,1,2,0,li,2,0,15000,78,0
li-hc-three_s2_r1,li-hc-three,2,0,1,20,1,hc,1,9,2500,76,1
li-hc-three_s2_r1,li-hc-three,2,0,1,21,1,hc,2,9,2500,69,1
li-hc-three_s2_r1,li-hc-three,2,0,1,22,1,hc,3,9,2500,90,1
li-hc-three_s2_r1,li-hc-three,2,1,2,0,0,li,7,2,15000,66,4
li-hc-three_s2_r1,li-hc-three,2,1,2,1,0,li,8,2,15000,81,4
li-hc-three_s2_r1,li-hc-three,2,1,2,2,0,li,9,2,15000,78,4
li-hc-three_s2_r1,li-hc-three,2,1,2,20,1,hc,1,9,2500,76,1
li-hc-three_s2_r1,li-hc-three,2,1,2,21,1,hc,2,9,2500,69,1
li-hc-three_s2_r1,li-hc-three,2,1,2,22,1,hc,3,9,2500,90,1
li-hc-three_s3_r1,li-hc-three,3,0,1,0,0,li,0,0,15000,67,0
li-hc-three_s3_r1,li-hc-three,3,0,1,1,0,li,1,0,15000,77,0
li-hc-three_s3_r1,li-hc-three,3,0,1,2,0,li,2,0,15000,86,0
li-hc-three_s3_r1,li-hc-three,3,0,1,20,1,hc,1,9,2500,77,1
li-hc-three_s3_r1,li-hc-three,3,0,1,21,1,hc,2,9,2500,79,1
li-hc-three_s3_r1,li-hc-three,3,0,1,22,1,hc,3,9,2500,82,1
li-hc-three_s3_r1,li-hc-three,3,1,2,0,0,li,4,2,15000,67,4
li-hc-three_s3_r1,li-hc-three,3,1,2,1,0,li,5,2,15000,77,4
li-hc-three_s3_r1,li-hc-three,3,1,2,2,0,li,6,2,15000,86,4
li-hc-three_s3_r1,li-hc-three,3,1,2,20,1,hc,1,9,2500,77,1
li-hc-three_s3_r1,li-hc-three,3,1,2,21,1,hc,2,9,2500,79,1
li-hc-three_s3_r1,li-hc-three,3,1,2,22,1,hc,3,9,2500,82,1
li-hi-half_s1_r1,li-hi-half,1,0,1,0,0,li,0,0,7500,65,0
li-hi-half_s1_r1,li-hi-half,1,0,1,20,1,hi,4,9,3000,88,2
li-hi-half_s1_r1,li-hi-half,1,1,2,0,0,li,1,2,7500,65,4
li-hi-half_s1_r1,li-hi-half,1,1,2,20,1,hi,4,9,3000,88,2
li-hi-half_s2_r1,li-hi-half,2,0,1,0,0,li,0,0,7500,66,0
li-hi-half_s2_r1,li-hi-half,2,0,1,20,1,hi,10,9,3000,84,2
li-hi-half_s2_r1,li-hi-half,2,1,2,0,0,li,1,2,7500,66,4
li-hi-half_s2_r1,li-hi-half,2,1,2,20,1,hi,10,9,3000,84,2
li-hi-half_s3_r1,li-hi-half,3,0,1,0,0,li,0,0,7500,67,0
li-hi-half_s3_r1,li-hi-half,3,0,1,20,1,hi,7,9,3000,80,2
li-hi-half_s3_r1,li-hi-half,3,1,2,0,0,li,7,2,7500,67,4
li-hi-half_s3_r1,li-hi-half,3,1,2,20,1,hi,7,9,3000,80,2
li-hi-one_s1_r1,li-hi-one,1,0,1,0,0,li,0,0,15000,65,0
li-hi-one_s1_r1,li-hi-one,1,0,1,20,1,hi,4,9,6000,88,2
li-hi-one_s1_r1,li-hi-one,1,1,2,0,0,li,1,2,15000,65,4
li-hi-one_s1_r1,li-hi-one,1,1,2,20,1,hi,4,9,6000,88,2
li-hi-one_s2_r1,li-hi-one,2,0,1,0,0,li,0,0,15000,66,0
li-hi-one_s2_r1,li-hi-one,2,0,1,20,1,hi,10,9,6000,84,2
li-hi-one_s2_r1,li-hi-one,2,1,2,0,0,li,1,2,15000,66,4
li-hi-one_s2_r1,li-hi-one,2,1,2,20,1,hi,10,9,6000,84,2
li-hi-one_s3_r1,li-hi-one,3,0,1,0,0,li,0,0,15000,67,0
li-hi-one_s3_r1,li-hi-one,3,0,1,20,1,hi,7,9,6000,80,2
li-hi-one_s3_r1,li-hi-one,3,1,2,0,0,li,7,2,15000,67,4
li-hi-one_s3_r1,li-hi-one,3,1,2,20,1,hi,7,9,6000,80,2
li-hi-three_s1_r1,li-hi-three,1,0,1,0,0,li,0,0,15000,65,0
li-hi-three_s1_r1,li-hi-three,1,0,1,1,0,li,1,0,15000,85,0
li-hi-three_s1_r1,li-hi-three,1,0,1,2,0,li,2,0,15000,69,0
li-hi-three_s1_r1,li-hi-three,1,0,1,20,1,hi,4,9,6000,74,2
li-hi-three_s1_r1,li-hi-three,1,0,1,21,1,hi,5,9,6000,84,2
li-hi-three_s1_r1,li-hi-three,1,0,1,22,1,hi,6,9,6000,75,2
li-hi-three_s1_r1,li-hi-three,1,1,2,0,0,li,1,2,15000,65,4
li-hi-three_s1_r1,li-hi-three,1,1,2,1,0,li,2,2,15000,85,4
li-hi-three_s1_r1,li-hi-three,1,1,2,2,0,li,3,2,15000,69,4
li-hi-three_s1_r1,li-hi-three,1,1,2,20,1,hi,4,9,6000,74,2
li-hi-three_s1_r1,li-hi-three,1,1,2,21,1,hi,5,9,6000,84,2
li-hi-three_s1_r1,li-hi-three,1,1,2,22,1,hi,6,9,6000,75,2
li-hi-three_s2_r1,li-hi-three,2,0,1,0,0,li,0,0,15000,66,0
li-hi-three_s2_r1,li-hi-three,2,0,1,1,0,li,1,0,15000,81,0
li-hi-three_s2_r1,li-hi-three,2,0,1,2,0,li,2,0,15000,78,0
li-hi-three_s2_r1,li-hi-three,2,0,1,20,1,hi,4,9,6000,76,2
li-hi-three_s2_r1,li-hi-three,2,0,1,21,1,hi,5,9,6000,69,2
li-hi-three_s2_r1,li-hi-three,2,0,1,22,1,hi,6,9,6000,90,2
li-hi-three_s2_r1,li-hi-three,2,1,2,0,0,li,7,2,15000,66,4
li-hi-three_s2_r1,li-hi-three,2,1,2,1,0,li,8,2,15000,81,4
li-hi-three_s2_r1,li-hi-three,2,1,2,2,0,li,9,2,15000,78,4
li-hi-three_s2_r1,li-hi-three,2,1,2,20,1,hi,4,9,6000,76,2
li-hi-three_s2_r1,li-hi-three,2,1,2,21,1,hi,5,9,6000,69,2
li-hi-three_s2_r1,li-hi-three,2,1,2,22,1,hi,6,9,6000,90,2
li-hi-three_s3_r1,li-hi-three,3,0,1,0,0,li,0,0,15000,67,0
li-hi-three_s3_r1,li-hi-three,3,0,1,1,0,li,1,0,15000,77,0
li-hi-three_s3_r1,li-hi-three,3,0,1,2,0,li,2,0,15000,86,0
li-hi-three_s3_r1,li-hi-three,3,0,1,20,1,hi,7,9,6000,77,2
li-hi-three_s3_r1,li-hi-three,3,0,1,21,1,hi,8,9,6000,79,2
li-hi-three_s3_r1,li-hi-three,3,0,1,22,1,hi,9,9,6000,82,2
li-hi-three_s3_r1,li-hi-three,3,1,2,0,0,li,4,2,15000,67,4
li-hi-three_s3_r1,li-hi-three,3,1,2,1,0,li,5,2,15000,77,4
li-hi-three_s3_r1,li-hi-three,3,1,2,2,0,li,6,2,15000,86,4
li-hi-three_s3_r1,li-hi-three,3,1,2,20,1,hi,7,9,6000,77,2
li-hi-three_s3_r1,li-hi-three,3,1,2,21,1,hi,8,9,6000,79,2
li-hi-three_s3_r1,li-hi-three,3,1,2,22,1,hi,9,9,6000,82,2
li-lc-half_s1_r1,li-lc-half,1,0,1,0,0,li,0,0,7500,65,0
li-lc-half_s1_r1,li-lc-half,1,0,1,20,1,lc,10,9,3500,88,1
li-lc-half_s1_r1,li-lc-half,1,1,2,0,0,li,1,2,7500,65,4
li-lc-half_s1_r1,li-lc-half,1,1,2,20,1,lc,10,9,3500,88,1
li-lc-half_s2_r1,li-lc-half,2,0,1,0,0,li,0,0,7500,66,0
li-lc-half_s2_r1,li-lc-half,2,0,1,20,1,lc,1,9,3500,84,1
li-lc-half_s2_r1,li-lc-half,2,1,2,0,0,li,1,2,7500,66,4
li-lc-half_s2_r1,li-lc-half,2,1,2,20,1,lc,1,9,3500,84,1
li-lc-half_s3_r1,li-lc-half,3,0,1,0,0,li,0,0,7500,67,0
li-lc-half_s3_r1,li-lc-half,3,0,1,20,1,lc,4,9,3500,80,1
li-lc-half_s3_r1,li-lc-half,3,1,2,0,0,li,7,2,7500,67,4
li-lc-half_s3_r1,li-lc-half,3,1,2,20,1,lc,4,9,3500,80,1
li-lc-one_s1_r1,li-lc-one,1,0,1,0,0,li,0,0,15000,65,0
li-lc-one_s1_r1,li-lc-one,1,0,1,20,1,lc,10,9,7000,88,1
li-lc-one_s1_r1,li-lc-one,1,1,2,0,0,li,1,2,15000,65,4
li-lc-one_s1_r1,li-lc-one,1,1,2,20,1,lc,10,9,7000,88,1
li-lc-one_s2_r1,li-lc-one,2,0,1,0,0,li,0,0,15000,66,0
li-lc-one_s2_r1,li-lc-one,2,0,1,20,1,lc,1,9,7000,84,1
li-lc-one_s2_r1,li-lc-one,2,1,2,0,0,li,1,2,15000,66,4
li-lc-one_s2_r1,li-lc-one,2,1,2,20,1,lc,1,9,7000,84,1
li-lc-one_s3_r1,li-lc-one,3,0,1,0,0,li,0,0,15000,67,0
li-lc-one_s3_r1,li-lc-one,3,0,1,20,1,lc,4,9,7000,80,1
li-lc-one_s3_r1,li-lc-one,3,1,2,0,0,li,7,2,15000,67,4
li-lc-one_s3_r1,li-lc-one,3,1,2,20,1,lc,4,9,7000,80,1
li-lc-three_s1_r1,li-lc-three,1,0,1,0,0,li,0,0,15000,65,0
li-lc-three_s1_r1,li-lc-three,1,0,1,1,0,li,1,0,15000,85,0
li-lc-three_s1_r1,li-lc-three,1,0,1,2,0,li,2,0,15000,69,0
li-lc-three_s1_r1,li-lc-three,1,0,1,20,1,lc,10,9,7000,74,1
li-lc-three_s1_r1,li-lc-three,1,0,1,21,1,lc,11,9,7000,84,1
li-lc-three_s1_r1,li-lc-three,1,0,1,22,1,lc,12,9,7000,75,1
li-lc-three_s1_r1,li-lc-three,1,1,2,0,0,li,1,2,15000,65,4
li-lc-three_s1_r1,li-lc-three,1,1,2,1,0,li,2,2,15000,85,4
li-lc-three_s1_r1,li-lc-three,1,1,2,2,0,li,3,2,15000,69,4
li-lc-three_s1_r1,li-lc-three,1,1,2,20,1,lc,10,9,7000,74,1
li-lc-three_s1_r1,li-lc-three,1,1,2,21,1,lc,11,9,7000,84,1
li-lc-three_s1_r1,li-lc-three,1,1,2,22,1,lc,12,9,7000,75,1
li-lc-three_s2_r1,li-lc-three,2,0,1,0,0,li,0,0,15000,66,0
li-lc-three_s2_r1,li-lc-three,2,0,1,1,0,li,1,0,15000,81,0
li-lc-three_s2_r1,li-lc-three,2,0,1,2,0,li,2,0,15000,78,0
li-lc-three_s2_r1,li-lc-three,2,0,1,20,1,lc,10,9,7000,76,1
li-lc-three_s2_r1,li-lc-three,2,0,1,21,1,lc,11,9,7000,69,1
li-lc-three_s2_r1,li-lc-three,2,0,1,22,1,lc,12,9,7000,90,1
li-lc-three_s2_r1,li-lc-three,2,1,2,0,0,li,7,2,15000,66,4
li-lc-three_s2_r1,li-lc-three,2,1,2,1,0,li,8,2,15000,81,4
li-lc-three_s2_r1,li-lc-three,2,1,2,2,0,li,9,2,15000,78,4
li-lc-three_s2_r1,li-lc-three,2,1,2,20,1,lc,10,9,7000,76,1
li-lc-three_s2_r1,li-lc-three,2,1,2,21,1,lc,11,9,7000,69,1
li-lc-three_s2_r1,li-lc-three,2,1,2,22,1,lc,12,9,7000,90,1
li-lc-three_s3_r1,li-lc-three,3,0,1,0,0,li,0,0,15000,67,0
li-lc-three_s3_r1,li-lc-three,3,0,1,1,0,li,1,0,15000,77,0
li-lc-three_s3_r1,li-lc-three,3,0,1,2,0,li,2,0,15000,86,0
li-lc-three_s3_r1,li-lc-three,3,0,1,20,1,lc,4,9,7000,77,1
li-lc-three_s3_r1,li-lc-three,3,0,1,21,1,lc,5,9,7000,79,1
li-lc-three_s3_r1,li-lc-three,3,0,1,22,1,lc,6,9,7000,82,1
li-lc-three_s3_r1,li-lc-three,3,1,2,0,0,li,4,2,15000,67,4
li-lc-three_s3_r1,li-lc-three,3,1,2,1,0,li,5,2,15000,77,4
li-lc-three_s3_r1,li-lc-three,3,1,2,2,0,li,6,2,15000,86,4
li-lc-three_s3_r1,li-lc-three,3,1,2,20,1,lc,4,9,7000,77,1
li-lc-three_s3_r1,li-lc-three,3,1,2,21,1,lc,5,9,7000,79,1
li-lc-three_s3_r1,li-lc-three,3,1,2,22,1,lc,6,9,7000,82,1
li-li-half_s1_r1,li-li-half,1,0,1,0,0,li,0,0,7500,65,0
li-li-half_s1_r1,li-li-half,1,0,1,20,1,li,1,9,7500,88,1
li-li-half_s1_r1,li-li-half,1,1,2,0,0,li,1,2,7500,65,4
li-li-half_s1_r1,li-li-half,1,1,2,20,1,li,1,9,7500,88,1
li-li-half_s2_r1,li-li-half,2,0,1,0,0,li,0,0,7500,66,0
li-li-half_s2_r1,li-li-half,2,0,1,20,1,li,7,9,7500,84,1
li-li-half_s2_r1,li-li-half,2,1,2,0,0,li,1,2,7500,66,4
li-li-half_s2_r1,li-li-half,2,1,2,20,1,li,7,9,7500,84,1
li-li-half_s3_r1,li-li-half,3,0,1,0,0,li,0,0,7500,67,0
li-li-half_s3_r1,li-li-half,3,0,1,20,1,li,10,9,7500,80,1
li-li-half_s3_r1,li-li-half,3,1,2,0,0,li,7,2,7500,67,4
li-li-half_s3_r1,li-li-half,3,1,2,20,1,li,10,9,7500,80,1
li-li-one_s1_r1,li-li-one,1,0,1,0,0,li,0,0,15000,65,0
li-li-one_s1_r1,li-li-one,1,0,1,20,1,li,1,9,15000,88,1
li-li-one_s1_r1,li-li-one,1,1,2,0,0,li,1,2,15000,65,4
li-li-one_s1_r1,li-li-one,1,1,2,20,1,li,1,9,15000,88,1
li-li-one_s2_r1,li-li-one,2,0,1,0,0,li,0,0,15000,66,0
li-li-one_s2_r1,li-li-one,2,0,1,20,1,li,7,9,15000,84,1
li-li-one_s2_r1,li-li-one,2,1,2,0,0,li,1,2,15000,66,4
li-li-one_s2_r1,li-li-one,2,1,2,20,1,li,7,9,15000,84,1
li-li-one_s3_r1,li-li-one,3,0,1,0,0,li,0,0,15000,67,0
li-li-one_s3_r1,li-li-one,3,0,1,20,1,li,10,9,15000,80,1
li-li-one_s3_r1,li-li-one,3,1,2,0,0,li,7,2,15000,67,4
li-li-one_s3_r1,li-li-one,3,1,2,20,1,li,10,9,15000,80,1
li-li-three_s1_r1,li-li-three,1,0,1,0,0,li,0,0,15000,65,0
li-li-three_s1_r1,li-li-three,1,0,1,1,0,li,1,0,15000,85,0
li-li-three_s1_r1,li-li-three,1,0,1,2,0,li,2,0,15000,69,0
li-li-three_s1_r1,li-li-three,1,0,1,20,1,li,7,9,15000,74,1
li-li-three_s1_r1,li-li-three,1,0,1,21,1,li,8,9,15000,84,1
li-li-three_s1_r1,li-li-three,1,0,1,22,1,li,9,9,15000,75,1
li-li-three_s1_r1,li-li-three,1,1,2,0,0,li,1,2,15000,65,4
li-li-three_s1_r1,li-li-three,1,1,2,1,0,li,2,2,15000,85,4
li-li-three_s1_r1,li-li-three,1,1,2,2,0,li,3,2,15000,69,4
li-li-three_s1_r1,li-li-three,1,1,2,20,1,li,7,9,15000,74,1
li-li-three_s1_r1,li-li-three,1,1,2,21,1,li,8,9,15000,84,1
li-li-three_s1_r1,li-li-three,1,1,2,22,1,li,9,9,15000,75,1
li-li-three_s2_r1,li-li-three,2,0,1,0,0,li,0,0,15000,66,0
li-li-three_s2_r1,li-li-three,2,0,1,1,0,li,1,0,15000,81,0
li-li-three_s2_r1,li-li-three,2,0,1,2,0,li,2,0,15000,78,0
li-li-three_s2_r1,li-li-three,2,0,1,20,1,li,7,9,15000,76,1
li-li-three_s2_r1,li-li-three,2,0,1,21,1,li,8,9,15000,69,1
li-li-three_s2_r1,li-li-three,2,0,1,22,1,li,9,9,15000,90,1
li-li-three_s2_r1,li-li-three,2,1,2,0,0,li,7,2,15000,66,4
li-li-three_s2_r1,li-li-three,2,1,2,1,0,li,8,2,15000,81,4
li-li-three_s2_r1,li-li-three,2,1,2,2,0,li,9,2,15000,78,4
li-li-three_s2_r1,li-li-three,2,1,2,20,1,li,7,9,15000,76,1
li-li-three_s2_r1,li-li-three,2,1,2,21,1,li,8,9,15000,69,1
li-li-three_s2_r1,li-li-three,2,1,2,22,1,li,9,9,15000,90,1
li-li-three_s3_r1,li-li-three,3,0,1,0,0,li,0,0,15000,67,0
li-li-three_s3_r1,li-li-three,3,0,1,1,0,li,1,0,15000,77,0
li-li-three_s3_r1,li-li-three,3,0,1,2,0,li,2,0,15000,86,0
li-li-three_s3_r1,li-li-three,3,0,1,20,1,li,10,9,15000,77,1
li-li-three_s3_r1,li-li-three,3,0,1,21,1,li,11,9,15000,79,1
li-li-three_s3_r1,li-li-three,3,0,1,22,1,li,12,9,15000,82,1
li-li-three_s3_r1,li-li-three,3,1,2,0,0,li,4,2,15000,67,4
li-li-three_s3_r1,li-li-three,3,1,2,1,0,li,5,2,15000,77,4
li-li-three_s3_r1,li-li-three,3,1,2,2,0,li,6,2,15000,86,4
li-li-three_s3_r1,li-li-three,3,1,2,20,1,li,10,9,15000,77,1
li-li-three_s3_r1,li-li-three,3,1,2,21,1,li,11,9,15000,79,1
li-li-three_s3_r1,li-li-three,3,1,2,22,1,li,12,9,15000,82,1
