trial,cell,seed,half_round,side,slot,type,target,target_type,enemies_alive,distance,enemies_strictly_nearer,enemies_tied_distance,enemies_strictly_weaker,is_nearest,is_unique_nearest,is_weakest,enemy_types,ranged_shooter
ar-hc-three_s1_r1,ar-hc-three,1,8,1,20,hc,0,ar,3,1,0,1,0,True,False,True,ararar,False
ar-hc-three_s1_r1,ar-hc-three,1,8,1,21,hc,0,ar,3,1,0,0,0,True,True,True,ararar,False
ar-hc-three_s1_r1,ar-hc-three,1,8,1,22,hc,0,ar,3,1,0,1,0,True,False,True,ararar,False
ar-hc-three_s1_r1,ar-hc-three,1,14,1,20,hc,2,ar,2,1,0,1,0,True,False,True,arar,False
ar-hc-three_s1_r1,ar-hc-three,1,14,1,21,hc,2,ar,2,1,0,0,0,True,True,True,arar,False
ar-hc-three_s1_r1,ar-hc-three,1,14,1,22,hc,2,ar,2,1,0,1,0,True,False,True,arar,False
ar-hc-three_s1_r1,ar-hc-three,1,21,0,1,ar,20,hc,3,1,0,2,0,True,False,True,hchchc,True
ar-hc-three_s1_r1,ar-hc-three,1,23,0,1,ar,22,hc,2,1,0,1,1,True,False,False,hchc,True
ar-hc-three_s2_r1,ar-hc-three,2,8,1,20,hc,0,ar,3,1,0,0,0,True,True,True,ararar,False
ar-hc-three_s2_r1,ar-hc-three,2,8,1,21,hc,0,ar,3,1,0,0,0,True,True,True,ararar,False
ar-hc-three_s2_r1,ar-hc-three,2,8,1,22,hc,0,ar,3,1,0,2,0,True,False,True,ararar,False
ar-hc-three_s2_r1,ar-hc-three,2,14,1,20,hc,2,ar,2,1,0,1,0,True,False,True,arar,False
ar-hc-three_s2_r1,ar-hc-three,2,14,1,21,hc,2,ar,2,1,0,1,0,True,False,True,arar,False
ar-hc-three_s2_r1,ar-hc-three,2,14,1,22,hc,1,ar,2,1,0,0,0,True,True,True,arar,False
ar-hc-three_s2_r1,ar-hc-three,2,16,1,22,hc,2,ar,2,1,0,1,0,True,False,True,arar,False
ar-hc-three_s2_r1,ar-hc-three,2,21,0,1,ar,21,hc,3,1,0,2,0,True,False,True,hchchc,True
ar-hc-three_s3_r1,ar-hc-three,3,8,1,20,hc,0,ar,3,1,0,1,0,True,False,True,ararar,False
ar-hc-three_s3_r1,ar-hc-three,3,8,1,21,hc,0,ar,3,1,0,0,0,True,True,True,ararar,False
ar-hc-three_s3_r1,ar-hc-three,3,8,1,22,hc,0,ar,3,1,0,2,0,True,False,True,ararar,False
ar-hc-three_s3_r1,ar-hc-three,3,14,1,20,hc,1,ar,2,1,0,0,0,True,True,True,arar,False
ar-hc-three_s3_r1,ar-hc-three,3,14,1,21,hc,1,ar,2,1,0,0,0,True,True,True,arar,False
ar-hc-three_s3_r1,ar-hc-three,3,14,1,22,hc,2,ar,2,1,0,1,0,True,False,True,arar,False
ar-hc-three_s3_r1,ar-hc-three,3,16,1,22,hc,1,ar,2,1,0,1,0,True,False,True,arar,False
ar-hc-three_s3_r1,ar-hc-three,3,21,0,2,ar,20,hc,3,1,0,2,0,True,False,True,hchchc,True
ar-hi-three_s1_r1,ar-hi-three,1,8,1,20,hi,0,ar,3,1,0,1,0,True,False,True,ararar,False
ar-hi-three_s1_r1,ar-hi-three,1,8,1,21,hi,0,ar,3,1,0,0,0,True,True,True,ararar,False
ar-hi-three_s1_r1,ar-hi-three,1,8,1,22,hi,2,ar,3,1,0,2,0,True,False,True,ararar,False
ar-hi-three_s1_r1,ar-hi-three,1,12,1,22,hi,0,ar,3,1,0,2,0,True,False,True,ararar,False
ar-hi-three_s1_r1,ar-hi-three,1,14,1,20,hi,1,ar,2,1,0,0,1,True,True,False,arar,False
ar-hi-three_s1_r1,ar-hi-three,1,14,1,22,hi,2,ar,2,1,0,1,0,True,False,True,arar,False
ar-hi-three_s1_r1,ar-hi-three,1,16,1,21,hi,2,ar,2,1,0,1,0,True,False,True,arar,False
ar-hi-three_s1_r1,ar-hi-three,1,19,0,1,ar,20,hi,3,1,0,2,0,True,False,True,hihihi,True
ar-hi-three_s2_r1,ar-hi-three,2,8,1,20,hi,0,ar,3,1,0,0,0,True,True,True,ararar,False
ar-hi-three_s2_r1,ar-hi-three,2,8,1,21,hi,0,ar,3,1,0,1,0,True,False,True,ararar,False
ar-hi-three_s2_r1,ar-hi-three,2,8,1,22,hi,2,ar,3,1,0,2,0,True,False,True,ararar,False
ar-hi-three_s2_r1,ar-hi-three,2,10,1,22,hi,0,ar,3,1,0,2,0,True,False,True,ararar,False
ar-hi-three_s2_r1,ar-hi-three,2,14,1,21,hi,1,ar,2,1,0,0,1,True,True,False,arar,False
ar-hi-three_s2_r1,ar-hi-three,2,14,1,22,hi,2,ar,2,1,0,1,0,True,False,True,arar,False
ar-hi-three_s2_r1,ar-hi-three,2,16,1,20,hi,2,ar,2,1,0,1,0,True,False,True,arar,False
ar-hi-three_s2_r1,ar-hi-three,2,19,0,1,ar,21,hi,3,1,0,2,0,True,False,True,hihihi,True
ar-hi-three_s2_r1,ar-hi-three,2,19,0,2,ar,20,hi,3,1,0,1,1,True,False,False,hihihi,True
ar-hi-three_s3_r1,ar-hi-three,3,8,1,20,hi,0,ar,3,1,0,1,0,True,False,True,ararar,False
ar-hi-three_s3_r1,ar-hi-three,3,8,1,21,hi,0,ar,3,1,0,0,0,True,True,True,ararar,False
ar-hi-three_s3_r1,ar-hi-three,3,8,1,22,hi,1,ar,3,1,0,2,0,True,False,True,ararar,False
ar-hi-three_s3_r1,ar-hi-three,3,10,1,22,hi,0,ar,3,1,0,2,0,True,False,True,ararar,False
ar-hi-three_s3_r1,ar-hi-three,3,14,1,20,hi,1,ar,2,1,0,0,0,True,True,True,arar,False
ar-hi-three_s3_r1,ar-hi-three,3,14,1,21,hi,1,ar,2,1,0,0,0,True,True,True,arar,False
ar-hi-three_s3_r1,ar-hi-three,3,14,1,22,hi,2,ar,2,1,0,1,1,True,False,False,arar,False
ar-hi-three_s3_r1,ar-hi-three,3,16,1,22,hi,1,ar,2,1,0,1,0,True,False,True,arar,False
ar-hi-three_s3_r1,ar-hi-three,3,21,0,2,ar,20,hi,3,1,0,2,0,True,False,True,hihihi,True
ar-lc-three_s1_r1,ar-lc-three,1,8,1,20,lc,0,ar,3,1,0,2,0,True,False,True,ararar,True
ar-lc-three_s1_r1,ar-lc-three,1,8,1,21,lc,0,ar,3,1,0,1,0,True,False,True,ararar,True
ar-lc-three_s1_r1,ar-lc-three,1,8,1,22,lc,0,ar,3,1,0,1,0,True,False,True,ararar,True
ar-lc-three_s2_r1,ar-lc-three,2,8,1,20,lc,1,ar,2,1,0,0,1,True,True,False,arar,True
ar-lc-three_s2_r1,ar-lc-three,2,8,1,21,lc,2,ar,2,1,0,1,0,True,False,True,arar,True
ar-lc-three_s2_r1,ar-lc-three,2,8,1,22,lc,2,ar,2,1,0,1,0,True,False,True,arar,True
ar-lc-three_s3_r1,ar-lc-three,3,8,1,20,lc,1,ar,2,1,0,0,0,True,True,True,arar,True
ar-lc-three_s3_r1,ar-lc-three,3,8,1,22,lc,1,ar,2,1,0,0,0,True,True,True,arar,True
ar-li-three_s1_r1,ar-li-three,1,8,1,20,li,0,ar,3,1,0,1,0,True,False,True,ararar,True
ar-li-three_s1_r1,ar-li-three,1,8,1,21,li,0,ar,3,1,0,2,0,True,False,True,ararar,True
ar-li-three_s1_r1,ar-li-three,1,8,1,22,li,2,ar,3,1,0,1,1,True,False,False,ararar,True
ar-li-three_s2_r1,ar-li-three,2,8,1,20,li,1,ar,2,1,0,0,0,True,True,True,arar,True
ar-li-three_s2_r1,ar-li-three,2,8,1,22,li,2,ar,2,1,0,1,0,True,False,True,arar,True
ar-li-three_s3_r1,ar-li-three,3,8,1,20,li,0,ar,3,1,0,1,0,True,False,True,ararar,True
ar-li-three_s3_r1,ar-li-three,3,8,1,21,li,0,ar,3,1,0,2,0,True,False,True,ararar,True
ar-li-three_s3_r1,ar-li-three,3,8,1,22,li,1,ar,3,1,0,1,1,True,False,False,ararar,True
hc-ar-three_s1_r1,hc-ar-three,1,9,0,0,hc,20,ar,3,1,0,2,0,True,False,True,ararar,False
hc-ar-three_s1_r1,hc-ar-three,1,9,0,1,hc,20,ar,3,1,0,1,0,True,False,True,ararar,False
hc-ar-three_s1_r1,hc-ar-three,1,9,0,2,hc,20,ar,3,1,0,1,0,True,False,True,ararar,False
hc-ar-three_s1_r1,hc-ar-three,1,15,0,0,hc,22,ar,2,1,0,1,0,True,False,True,arar,False
hc-ar-three_s1_r1,hc-ar-three,1,15,0,1,hc,22,ar,2,1,0,1,0,True,False,True,arar,False
hc-ar-three_s1_r1,hc-ar-three,1,15,0,2,hc,22,ar,2,1,0,0,0,True,True,True,arar,False
hc-ar-three_s1_r1,hc-ar-three,1,20,1,21,ar,2,hc,2,1,0,1,0,True,False,True,hchc,True
hc-ar-three_s1_r1,hc-ar-three,1,20,1,22,ar,2,hc,2,1,0,1,0,True,False,True,hchc,True
hc-ar-three_s2_r1,hc-ar-three,2,9,0,0,hc,21,ar,3,1,0,2,0,True,False,True,ararar,False
hc-ar-three_s2_r1,hc-ar-three,2,9,0,1,hc,21,ar,3,1,0,1,0,True,False,True,ararar,False
hc-ar-three_s2_r1,hc-ar-three,2,9,0,2,hc,21,ar,3,1,0,1,0,True,False,True,ararar,False
hc-ar-three_s2_r1,hc-ar-three,2,15,0,0,hc,20,ar,2,1,0,1,0,True,False,True,arar,False
hc-ar-three_s2_r1,hc-ar-three,2,15,0,1,hc,20,ar,2,1,0,0,0,True,True,True,arar,False
hc-ar-three_s2_r1,hc-ar-three,2,15,0,2,hc,22,ar,2,1,0,0,0,True,True,True,arar,False
hc-ar-three_s2_r1,hc-ar-three,2,17,0,2,hc,20,ar,2,1,0,1,0,True,False,True,arar,False
hc-ar-three_s2_r1,hc-ar-three,2,20,1,20,ar,2,hc,2,1,0,1,0,True,False,True,hchc,True
hc-ar-three_s2_r1,hc-ar-three,2,20,1,22,ar,2,hc,2,1,0,0,0,True,True,True,hchc,True
hc-ar-three_s3_r1,hc-ar-three,3,9,0,0,hc,20,ar,3,1,0,2,0,True,False,True,ararar,False
hc-ar-three_s3_r1,hc-ar-three,3,9,0,1,hc,20,ar,3,1,0,1,0,True,False,True,ararar,False
hc-ar-three_s3_r1,hc-ar-three,3,9,0,2,hc,20,ar,3,1,0,1,0,True,False,True,ararar,False
hc-ar-three_s3_r1,hc-ar-three,3,15,0,1,hc,21,ar,2,1,0,0,0,True,True,True,arar,False
hc-ar-three_s3_r1,hc-ar-three,3,15,0,2,hc,21,ar,2,1,0,1,0,True,False,True,arar,False
hc-ar-three_s3_r1,hc-ar-three,3,20,1,21,ar,1,hc,2,1,0,1,0,True,False,True,hchc,True
hc-ar-three_s3_r1,hc-ar-three,3,20,1,22,ar,1,hc,2,1,0,1,0,True,False,True,hchc,True
hc-hc-three_s1_r1,hc-hc-three,1,8,1,20,hc,0,hc,3,1,0,1,0,True,False,True,hchchc,False
hc-hc-three_s1_r1,hc-hc-three,1,8,1,21,hc,0,hc,3,1,0,0,0,True,True,True,hchchc,False
hc-hc-three_s1_r1,hc-hc-three,1,8,1,22,hc,0,hc,3,1,0,2,0,True,False,True,hchchc,False
hc-hc-three_s1_r1,hc-hc-three,1,9,0,0,hc,20,hc,3,1,0,2,2,True,False,False,hchchc,False
hc-hc-three_s1_r1,hc-hc-three,1,9,0,1,hc,20,hc,3,1,0,1,2,True,False,False,hchchc,False
hc-hc-three_s1_r1,hc-hc-three,1,9,0,2,hc,22,hc,3,1,0,0,1,True,True,False,hchchc,False
hc-hc-three_s1_r1,hc-hc-three,1,12,1,20,hc,1,hc,2,1,0,0,1,True,True,False,hchc,False
hc-hc-three_s1_r1,hc-hc-three,1,12,1,21,hc,2,hc,2,1,0,1,0,True,False,True,hchc,False
hc-hc-three_s1_r1,hc-hc-three,1,12,1,22,hc,2,hc,2,1,0,1,0,True,False,True,hchc,False
hc-hc-three_s1_r1,hc-hc-three,1,21,0,1,hc,22,hc,2,1,0,1,0,True,False,True,hchc,False
hc-hc-three_s2_r1,hc-hc-three,2,8,1,20,hc,0,hc,3,1,0,1,0,True,False,True,hchchc,False
hc-hc-three_s2_r1,hc-hc-three,2,8,1,21,hc,0,hc,3,1,0,0,0,True,True,True,hchchc,False
hc-hc-three_s2_r1,hc-hc-three,2,8,1,22,hc,0,hc,3,1,0,2,0,True,False,True,hchchc,False
hc-hc-three_s2_r1,hc-hc-three,2,9,0,0,hc,21,hc,3,1,0,2,1,True,False,False,hchchc,False
hc-hc-three_s2_r1,hc-hc-three,2,9,0,1,hc,20,hc,3,1,0,1,0,True,False,True,hchchc,False
hc-hc-three_s2_r1,hc-hc-three,2,9,0,2,hc,22,hc,3,1,0,0,2,True,True,False,hchchc,False
hc-hc-three_s2_r1,hc-hc-three,2,11,0,1,hc,21,hc,3,1,0,2,2,True,False,False,hchchc,False
hc-hc-three_s2_r1,hc-hc-three,2,12,1,20,hc,2,hc,2,1,0,1,0,True,False,True,hchc,False
hc-hc-three_s2_r1,hc-hc-three,2,12,1,21,hc,1,hc,2,1,0,0,1,True,True,False,hchc,False
hc-hc-three_s2_r1,hc-hc-three,2,12,1,22,hc,2,hc,2,1,0,1,0,True,False,True,hchc,False
hc-hc-three_s3_r1,hc-hc-three,3,8,1,20,hc,0,hc,3,1,0,0,0,True,True,True,hchchc,False
hc-hc-three_s3_r1,hc-hc-three,3,8,1,21,hc,0,hc,3,1,0,0,0,True,True,True,hchchc,False
hc-hc-three_s3_r1,hc-hc-three,3,8,1,22,hc,0,hc,3,1,0,2,0,True,False,True,hchchc,False
hc-hc-three_s3_r1,hc-hc-three,3,9,0,0,hc,20,hc,3,1,0,2,0,True,False,True,hchchc,False
hc-hc-three_s3_r1,hc-hc-three,3,9,0,1,hc,20,hc,3,1,0,0,0,True,True,True,hchchc,False
hc-hc-three_s3_r1,hc-hc-three,3,9,0,2,hc,22,hc,3,1,0,0,2,True,True,False,hchchc,False
hc-hc-three_s3_r1,hc-hc-three,3,13,0,2,hc,20,hc,3,1,0,2,0,True,False,True,hchchc,False
hc-hc-three_s3_r1,hc-hc-three,3,14,1,20,hc,1,hc,2,1,0,1,1,True,False,False,hchc,False
hc-hc-three_s3_r1,hc-hc-three,3,14,1,21,hc,2,hc,2,1,0,0,0,True,True,True,hchc,False
hc-hc-three_s3_r1,hc-hc-three,3,14,1,22,hc,1,hc,2,1,0,1,1,True,False,False,hchc,False
hc-hc-three_s3_r1,hc-hc-three,3,16,1,21,hc,1,hc,2,1,0,1,0,True,False,True,hchc,False
hc-hc-three_s3_r1,hc-hc-three,3,17,0,1,hc,22,hc,2,1,0,1,0,True,False,True,hchc,False
hc-hc-three_s3_r1,hc-hc-three,3,17,0,2,hc,22,hc,2,1,0,1,0,True,False,True,hchc,False
hc-hi-three_s1_r1,hc-hi-three,1,7,0,0,hc,20,hi,3,1,0,2,0,True,False,True,hihihi,False
hc-hi-three_s1_r1,hc-hi-three,1,7,0,1,hc,20,hi,3,1,0,1,0,True,False,True,hihihi,False
hc-hi-three_s1_r1,hc-hi-three,1,7,0,2,hc,20,hi,3,1,0,1,0,True,False,True,hihihi,False
hc-hi-three_s1_r1,hc-hi-three,1,8,1,20,hi,0,hc,3,1,0,2,1,True,False,False,hchchc,False
hc-hi-three_s1_r1,hc-hi-three,1,8,1,21,hi,0,hc,3,1,0,1,1,True,False,False,hchchc,False
hc-hi-three_s1_r1,hc-hi-three,1,8,1,22,hi,2,hc,3,1,0,1,0,True,False,True,hchchc,False
hc-hi-three_s1_r1,hc-hi-three,1,12,1,22,hi,0,hc,3,1,0,1,0,True,False,True,hchchc,False
hc-hi-three_s1_r1,hc-hi-three,1,15,0,1,hc,22,hi,2,1,0,1,0,True,False,True,hihi,False
hc-hi-three_s1_r1,hc-hi-three,1,15,0,2,hc,22,hi,2,1,0,0,0,True,True,True,hihi,False
hc-hi-three_s1_r1,hc-hi-three,1,16,1,21,hi,2,hc,2,1,0,1,0,True,False,True,hchc,False
hc-hi-three_s1_r1,hc-hi-three,1,16,1,22,hi,2,hc,2,1,0,1,0,True,False,True,hchc,False
hc-hi-three_s2_r1,hc-hi-three,2,7,0,0,hc,21,hi,3,1,0,2,0,True,False,True,hihihi,False
hc-hi-three_s2_r1,hc-hi-three,2,7,0,1,hc,20,hi,3,1,0,1,0,True,False,True,hihihi,False
hc-hi-three_s2_r1,hc-hi-three,2,7,0,2,hc,22,hi,3,1,0,0,0,True,True,True,hihihi,False
hc-hi-three_s2_r1,hc-hi-three,2,8,1,20,hi,0,hc,3,1,0,1,0,True,False,True,hchchc,False
hc-hi-three_s2_r1,hc-hi-three,2,8,1,21,hi,0,hc,3,1,0,0,0,True,True,True,hchchc,False
hc-hi-three_s2_r1,hc-hi-three,2,8,1,22,hi,2,hc,3,1,0,2,1,True,False,False,hchchc,False
hc-hi-three_s2_r1,hc-hi-three,2,12,1,22,hi,0,hc,3,1,0,2,0,True,False,True,hchchc,False
hc-hi-three_s2_r1,hc-hi-three,2,13,0,1,hc,21,hi,3,1,0,2,2,True,False,False,hihihi,False
hc-hi-three_s2_r1,hc-hi-three,2,14,1,20,hi,2,hc,2,1,0,1,0,True,False,True,hchc,False
hc-hi-three_s2_r1,hc-hi-three,2,14,1,21,hi,1,hc,2,1,0,0,1,True,True,False,hchc,False
hc-hi-three_s2_r1,hc-hi-three,2,14,1,22,hi,2,hc,2,1,0,1,0,True,False,True,hchc,False
hc-hi-three_s2_r1,hc-hi-three,2,15,0,2,hc,20,hi,3,1,0,1,1,True,False,False,hihihi,False
hc-hi-three_s3_r1,hc-hi-three,3,7,0,0,hc,20,hi,3,1,0,2,0,True,False,True,hihihi,False
hc-hi-three_s3_r1,hc-hi-three,3,7,0,1,hc,22,hi,3,1,0,0,0,True,True,True,hihihi,False
hc-hi-three_s3_r1,hc-hi-three,3,7,0,2,hc,20,hi,3,1,0,1,0,True,False,True,hihihi,False
hc-hi-three_s3_r1,hc-hi-three,3,8,1,20,hi,0,hc,3,1,0,1,2,True,False,False,hchchc,False
hc-hi-three_s3_r1,hc-hi-three,3,8,1,21,hi,0,hc,3,1,0,0,2,True,True,False,hchchc,False
hc-hi-three_s3_r1,hc-hi-three,3,8,1,22,hi,1,hc,3,1,0,2,0,True,False,True,hchchc,False
hc-hi-three_s3_r1,hc-hi-three,3,10,1,22,hi,0,hc,3,1,0,2,0,True,False,True,hchchc,False
hc-hi-three_s3_r1,hc-hi-three,3,12,1,20,hi,2,hc,2,1,0,0,1,True,True,False,hchc,False
hc-hi-three_s3_r1,hc-hi-three,3,12,1,22,hi,1,hc,2,1,0,1,0,True,False,True,hchc,False
hc-hi-three_s3_r1,hc-hi-three,3,14,1,21,hi,1,hc,2,1,0,1,0,True,False,True,hchc,False
hc-lc-three_s1_r1,hc-lc-three,1,8,1,20,lc,0,hc,3,1,0,1,0,True,False,True,hchchc,True
hc-lc-three_s1_r1,hc-lc-three,1,8,1,21,lc,0,hc,3,1,0,2,0,True,False,True,hchchc,True
hc-lc-three_s1_r1,hc-lc-three,1,8,1,22,lc,2,hc,3,1,0,1,1,True,False,False,hchchc,True
hc-lc-three_s1_r1,hc-lc-three,1,9,0,0,hc,20,lc,3,1,0,1,0,True,False,True,lclclc,False
hc-lc-three_s1_r1,hc-lc-three,1,9,0,1,hc,20,lc,3,1,0,2,0,True,False,True,lclclc,False
hc-lc-three_s1_r1,hc-lc-three,1,9,0,2,hc,22,lc,3,1,0,1,1,True,False,False,lclclc,False
hc-lc-three_s2_r1,hc-lc-three,2,8,1,20,lc,0,hc,3,1,0,1,0,True,False,True,hchchc,True
hc-lc-three_s2_r1,hc-lc-three,2,8,1,21,lc,0,hc,3,1,0,2,0,True,False,True,hchchc,True
hc-lc-three_s2_r1,hc-lc-three,2,8,1,22,lc,2,hc,3,1,0,1,1,True,False,False,hchchc,True
hc-lc-three_s2_r1,hc-lc-three,2,9,0,0,hc,21,lc,3,1,0,1,1,True,False,False,lclclc,False
hc-lc-three_s2_r1,hc-lc-three,2,9,0,1,hc,21,lc,3,1,0,2,1,True,False,False,lclclc,False
hc-lc-three_s2_r1,hc-lc-three,2,9,0,2,hc,21,lc,3,1,0,1,1,True,False,False,lclclc,False
hc-lc-three_s2_r1,hc-lc-three,2,12,1,20,lc,1,hc,2,1,0,0,1,True,True,False,hchc,True
hc-lc-three_s2_r1,hc-lc-three,2,12,1,21,lc,2,hc,2,1,0,1,0,True,False,True,hchc,True
hc-lc-three_s3_r1,hc-lc-three,3,8,1,20,lc,0,hc,3,1,0,1,0,True,False,True,hchchc,True
hc-lc-three_s3_r1,hc-lc-three,3,8,1,21,lc,0,hc,3,1,0,0,0,True,True,True,hchchc,True
hc-lc-three_s3_r1,hc-lc-three,3,8,1,22,lc,0,hc,3,1,0,2,0,True,False,True,hchchc,True
hc-lc-three_s3_r1,hc-lc-three,3,9,0,0,hc,20,lc,3,1,0,2,0,True,False,True,lclclc,False
hc-lc-three_s3_r1,hc-lc-three,3,9,0,1,hc,20,lc,3,1,0,1,0,True,False,True,lclclc,False
hc-lc-three_s3_r1,hc-lc-three,3,9,0,2,hc,22,lc,3,1,0,0,1,True,True,False,lclclc,False
hc-lc-three_s3_r1,hc-lc-three,3,10,1,20,lc,1,hc,2,1,0,0,0,True,True,True,hchc,True
hc-lc-three_s3_r1,hc-lc-three,3,10,1,21,lc,1,hc,2,1,0,0,0,True,True,True,hchc,True
hc-lc-three_s3_r1,hc-lc-three,3,10,1,22,lc,1,hc,2,1,0,1,0,True,False,True,hchc,True
hc-li-three_s1_r1,hc-li-three,1,8,1,20,li,0,hc,3,1,0,1,0,True,False,True,hchchc,True
hc-li-three_s1_r1,hc-li-three,1,8,1,21,li,0,hc,3,1,0,2,0,True,False,True,hchchc,True
hc-li-three_s1_r1,hc-li-three,1,8,1,22,li,2,hc,3,1,0,1,1,True,False,False,hchchc,True
hc-li-three_s1_r1,hc-li-three,1,9,0,0,hc,20,li,3,1,0,1,2,True,False,False,lilili,False
hc-li-three_s1_r1,hc-li-three,1,9,0,1,hc,22,li,3,1,0,2,0,True,False,True,lilili,False
hc-li-three_s1_r1,hc-li-three,1,9,0,2,hc,22,li,3,1,0,1,0,True,False,True,lilili,False
hc-li-three_s1_r1,hc-li-three,1,10,1,20,li,1,hc,2,1,0,0,1,True,True,False,hchc,True
hc-li-three_s1_r1,hc-li-three,1,10,1,21,li,1,hc,2,1,0,1,1,True,False,False,hchc,True
hc-li-three_s2_r1,hc-li-three,2,8,1,20,li,0,hc,3,1,0,1,0,True,False,True,hchchc,True
hc-li-three_s2_r1,hc-li-three,2,8,1,21,li,0,hc,3,1,0,2,0,True,False,True,hchchc,True
hc-li-three_s2_r1,hc-li-three,2,8,1,22,li,2,hc,3,1,0,1,1,True,False,False,hchchc,True
hc-li-three_s2_r1,hc-li-three,2,9,0,0,hc,21,li,3,1,0,1,2,True,False,False,lilili,False
hc-li-three_s2_r1,hc-li-three,2,9,0,1,hc,21,li,3,1,0,2,2,True,False,False,lilili,False
hc-li-three_s2_r1,hc-li-three,2,9,0,2,hc,21,li,3,1,0,1,2,True,False,False,lilili,False
hc-li-three_s2_r1,hc-li-three,2,12,1,20,li,1,hc,2,1,0,0,1,True,True,False,hchc,True
hc-li-three_s2_r1,hc-li-three,2,12,1,21,li,2,hc,2,1,0,1,0,True,False,True,hchc,True
hc-li-three_s3_r1,hc-li-three,3,8,1,20,li,0,hc,3,1,0,1,0,True,False,True,hchchc,True
hc-li-three_s3_r1,hc-li-three,3,8,1,21,li,0,hc,3,1,0,2,0,True,False,True,hchchc,True
hc-li-three_s3_r1,hc-li-three,3,8,1,22,li,1,hc,3,1,0,1,1,True,False,False,hchchc,True
hc-li-three_s3_r1,hc-li-three,3,9,0,0,hc,20,li,3,1,0,1,0,True,False,True,lilili,False
hc-li-three_s3_r1,hc-li-three,3,9,0,1,hc,20,li,3,1,0,2,0,True,False,True,lilili,False
hc-li-three_s3_r1,hc-li-three,3,9,0,2,hc,21,li,3,1,0,1,2,True,False,False,lilili,False
hc-li-three_s3_r1,hc-li-three,3,10,1,20,li,1,hc,2,1,0,0,0,True,True,True,hchc,True
hc-li-three_s3_r1,hc-li-three,3,10,1,21,li,1,hc,2,1,0,1,0,True,False,True,hchc,True
hc-li-three_s3_r1,hc-li-three,3,13,0,2,hc,20,li,3,1,0,2,0,True,False,True,lilili,False
hi-ar-three_s1_r1,hi-ar-three,1,7,0,0,hi,20,ar,3,1,0,1,0,True,False,True,ararar,False
hi-ar-three_s1_r1,hi-ar-three,1,7,0,1,hi,20,ar,3,1,0,2,0,True,False,True,ararar,False
hi-ar-three_s1_r1,hi-ar-three,1,7,0,2,hi,22,ar,3,1,0,1,0,True,False,True,ararar,False
hi-ar-three_s1_r1,hi-ar-three,1,15,0,0,hi,21,ar,2,1,0,0,1,True,True,False,arar,False
hi-ar-three_s1_r1,hi-ar-three,1,15,0,1,hi,22,ar,2,1,0,1,0,True,False,True,arar,False
hi-ar-three_s1_r1,hi-ar-three,1,18,1,21,ar,0,hi,3,1,0,2,0,True,False,True,hihihi,True
hi-ar-three_s2_r1,hi-ar-three,2,7,0,0,hi,21,ar,3,1,0,2,0,True,False,True,ararar,False
hi-ar-three_s2_r1,hi-ar-three,2,7,0,1,hi,21,ar,3,1,0,1,0,True,False,True,ararar,False
hi-ar-three_s2_r1,hi-ar-three,2,9,0,2,hi,21,ar,3,1,0,1,0,True,False,True,ararar,False
hi-ar-three_s2_r1,hi-ar-three,2,13,0,0,hi,20,ar,2,1,0,1,0,True,False,True,arar,False
hi-ar-three_s2_r1,hi-ar-three,2,13,0,1,hi,20,ar,2,1,0,1,0,True,False,True,arar,False
hi-ar-three_s2_r1,hi-ar-three,2,13,0,2,hi,22,ar,2,1,0,0,0,True,True,True,arar,False
hi-ar-three_s2_r1,hi-ar-three,2,15,0,2,hi,20,ar,2,1,0,1,0,True,False,True,arar,False
hi-ar-three_s2_r1,hi-ar-three,2,18,1,22,ar,0,hi,3,1,0,2,0,True,False,True,hihihi,True
hi-ar-three_s3_r1,hi-ar-three,3,7,0,0,hi,20,ar,3,1,0,1,0,True,False,True,ararar,False
hi-ar-three_s3_r1,hi-ar-three,3,7,0,1,hi,20,ar,3,1,0,2,0,True,False,True,ararar,False
hi-ar-three_s3_r1,hi-ar-three,3,7,0,2,hi,21,ar,3,1,0,1,0,True,False,True,ararar,False
hi-ar-three_s3_r1,hi-ar-three,3,15,0,0,hi,21,ar,2,1,0,0,0,True,True,True,arar,False
hi-ar-three_s3_r1,hi-ar-three,3,15,0,1,hi,21,ar,2,1,0,1,0,True,False,True,arar,False
hi-ar-three_s3_r1,hi-ar-three,3,18,1,22,ar,0,hi,3,1,0,2,0,True,False,True,hihihi,True
hi-hc-three_s1_r1,hi-hc-three,1,6,1,20,hc,0,hi,3,1,0,1,0,True,False,True,hihihi,False
hi-hc-three_s1_r1,hi-hc-three,1,6,1,21,hc,0,hi,3,1,0,0,0,True,True,True,hihihi,False
hi-hc-three_s1_r1,hi-hc-three,1,6,1,22,hc,0,hi,3,1,0,2,0,True,False,True,hihihi,False
hi-hc-three_s1_r1,hi-hc-three,1,7,0,0,hi,22,hc,3,1,0,2,0,True,False,True,hchchc,False
hi-hc-three_s1_r1,hi-hc-three,1,7,0,1,hi,22,hc,3,1,0,1,0,True,False,True,hchchc,False
hi-hc-three_s1_r1,hi-hc-three,1,7,0,2,hi,22,hc,3,1,0,0,0,True,True,True,hchchc,False
hi-hc-three_s1_r1,hi-hc-three,1,13,0,1,hi,20,hc,2,1,0,0,1,True,True,False,hchc,False
hi-hc-three_s1_r1,hi-hc-three,1,13,0,2,hi,20,hc,2,1,0,0,1,True,True,False,hchc,False
hi-hc-three_s1_r1,hi-hc-three,1,14,1,20,hc,2,hi,2,1,0,1,0,True,False,True,hihi,False
hi-hc-three_s1_r1,hi-hc-three,1,14,1,21,hc,2,hi,2,1,0,1,0,True,False,True,hihi,False
hi-hc-three_s2_r1,hi-hc-three,2,6,1,20,hc,0,hi,3,1,0,0,0,True,True,True,hihihi,False
hi-hc-three_s2_r1,hi-hc-three,2,6,1,21,hc,0,hi,3,1,0,0,0,True,True,True,hihihi,False
hi-hc-three_s2_r1,hi-hc-three,2,6,1,22,hc,0,hi,3,1,0,2,0,True,False,True,hihihi,False
hi-hc-three_s2_r1,hi-hc-three,2,7,0,0,hi,21,hc,3,1,0,2,1,True,False,False,hchchc,False
hi-hc-three_s2_r1,hi-hc-three,2,7,0,1,hi,21,hc,3,1,0,2,1,True,False,False,hchchc,False
hi-hc-three_s2_r1,hi-hc-three,2,9,0,2,hi,20,hc,3,1,0,0,1,True,True,False,hchchc,False
hi-hc-three_s2_r1,hi-hc-three,2,11,0,2,hi,21,hc,3,1,0,2,0,True,False,True,hchchc,False
hi-hc-three_s2_r1,hi-hc-three,2,12,1,20,hc,2,hi,2,1,0,1,1,True,False,False,hihi,False
hi-hc-three_s2_r1,hi-hc-three,2,12,1,21,hc,2,hi,2,1,0,1,1,True,False,False,hihi,False
hi-hc-three_s2_r1,hi-hc-three,2,12,1,22,hc,1,hi,2,1,0,1,0,True,False,True,hihi,False
hi-hc-three_s2_r1,hi-hc-three,2,14,1,20,hc,1,hi,2,1,0,1,0,True,False,True,hihi,False
hi-hc-three_s2_r1,hi-hc-three,2,15,0,1,hi,20,hc,2,1,0,1,0,True,False,True,hchc,False
hi-hc-three_s2_r1,hi-hc-three,2,15,0,2,hi,20,hc,2,1,0,1,0,True,False,True,hchc,False
hi-hc-three_s3_r1,hi-hc-three,3,6,1,20,hc,0,hi,3,1,0,1,0,True,False,True,hihihi,False
hi-hc-three_s3_r1,hi-hc-three,3,6,1,21,hc,0,hi,3,1,0,0,0,True,True,True,hihihi,False
hi-hc-three_s3_r1,hi-hc-three,3,6,1,22,hc,0,hi,3,1,0,2,0,True,False,True,hihihi,False
hi-hc-three_s3_r1,hi-hc-three,3,7,0,0,hi,20,hc,3,1,0,2,0,True,False,True,hchchc,False
hi-hc-three_s3_r1,hi-hc-three,3,7,0,1,hi,20,hc,3,1,0,1,0,True,False,True,hchchc,False
hi-hc-three_s3_r1,hi-hc-three,3,7,0,2,hi,22,hc,3,1,0,0,2,True,True,False,hchchc,False
hi-hc-three_s3_r1,hi-hc-three,3,14,1,20,hc,1,hi,2,1,0,0,1,True,True,False,hihi,False
hi-hc-three_s3_r1,hi-hc-three,3,14,1,21,hc,1,hi,2,1,0,0,1,True,True,False,hihi,False
hi-hc-three_s3_r1,hi-hc-three,3,14,1,22,hc,2,hi,2,1,0,1,0,True,False,True,hihi,False
hi-hc-three_s3_r1,hi-hc-three,3,15,0,1,hi,22,hc,2,1,0,1,0,True,False,True,hchc,False
hi-hc-three_s3_r1,hi-hc-three,3,16,1,22,hc,1,hi,2,1,0,1,1,True,False,False,hihi,False
hi-hi-three_s1_r1,hi-hi-three,1,6,1,20,hi,0,hi,3,1,0,1,0,True,False,True,hihihi,False
hi-hi-three_s1_r1,hi-hi-three,1,6,1,21,hi,0,hi,3,1,0,2,0,True,False,True,hihihi,False
hi-hi-three_s1_r1,hi-hi-three,1,6,1,22,hi,2,hi,3,1,0,0,0,True,True,True,hihihi,False
hi-hi-three_s1_r1,hi-hi-three,1,7,0,0,hi,20,hi,3,1,0,1,2,True,False,False,hihihi,False
hi-hi-three_s1_r1,hi-hi-three,1,7,0,1,hi,22,hi,3,1,0,1,0,True,False,True,hihihi,False
hi-hi-three_s1_r1,hi-hi-three,1,7,0,2,hi,22,hi,3,1,0,1,0,True,False,True,hihihi,False
hi-hi-three_s1_r1,hi-hi-three,1,13,0,1,hi,20,hi,2,1,0,1,0,True,False,True,hihi,False
hi-hi-three_s1_r1,hi-hi-three,1,13,0,2,hi,20,hi,2,1,0,1,0,True,False,True,hihi,False
hi-hi-three_s1_r1,hi-hi-three,1,14,1,20,hi,2,hi,2,1,0,1,0,True,False,True,hihi,False
hi-hi-three_s1_r1,hi-hi-three,1,14,1,21,hi,2,hi,2,1,0,1,0,True,False,True,hihi,False
hi-hi-three_s2_r1,hi-hi-three,2,6,1,20,hi,0,hi,3,1,0,0,0,True,True,True,hihihi,False
hi-hi-three_s2_r1,hi-hi-three,2,6,1,21,hi,0,hi,3,1,0,1,0,True,False,True,hihihi,False
hi-hi-three_s2_r1,hi-hi-three,2,6,1,22,hi,2,hi,3,1,0,2,0,True,False,True,hihihi,False
hi-hi-three_s2_r1,hi-hi-three,2,7,0,0,hi,21,hi,3,1,0,2,2,True,False,False,hihihi,False
hi-hi-three_s2_r1,hi-hi-three,2,7,0,1,hi,21,hi,3,1,0,1,2,True,False,False,hihihi,False
hi-hi-three_s2_r1,hi-hi-three,2,7,0,2,hi,22,hi,3,1,0,0,0,True,True,True,hihihi,False
hi-hi-three_s2_r1,hi-hi-three,2,8,1,22,hi,0,hi,3,1,0,2,0,True,False,True,hihihi,False
hi-hi-three_s2_r1,hi-hi-three,2,12,1,21,hi,1,hi,2,1,0,0,1,True,True,False,hihi,False
hi-hi-three_s2_r1,hi-hi-three,2,12,1,22,hi,2,hi,2,1,0,1,0,True,False,True,hihi,False
hi-hi-three_s2_r1,hi-hi-three,2,14,1,20,hi,2,hi,2,1,0,1,0,True,False,True,hihi,False
hi-hi-three_s2_r1,hi-hi-three,2,21,0,1,hi,22,hi,2,1,0,1,0,True,False,True,hihi,False
hi-hi-three_s3_r1,hi-hi-three,3,6,1,20,hi,0,hi,3,1,0,2,0,True,False,True,hihihi,False
hi-hi-three_s3_r1,hi-hi-three,3,6,1,21,hi,2,hi,3,1,0,0,0,True,True,True,hihihi,False
hi-hi-three_s3_r1,hi-hi-three,3,6,1,22,hi,2,hi,3,1,0,0,0,True,True,True,hihihi,False
hi-hi-three_s3_r1,hi-hi-three,3,7,0,0,hi,20,hi,3,1,0,0,0,True,True,True,hihihi,False
hi-hi-three_s3_r1,hi-hi-three,3,7,0,1,hi,20,hi,3,1,0,0,0,True,True,True,hihihi,False
hi-hi-three_s3_r1,hi-hi-three,3,7,0,2,hi,21,hi,3,1,0,2,1,True,False,False,hihihi,False
hi-hi-three_s3_r1,hi-hi-three,3,8,1,20,hi,2,hi,3,1,0,2,0,True,False,True,hihihi,False
hi-hi-three_s3_r1,hi-hi-three,3,9,0,2,hi,20,hi,3,1,0,2,0,True,False,True,hihihi,False
hi-hi-three_s3_r1,hi-hi-three,3,14,1,21,hi,0,hi,2,1,0,1,0,True,False,True,hihi,False
hi-hi-three_s3_r1,hi-hi-three,3,14,1,22,hi,0,hi,2,1,0,1,0,True,False,True,hihi,False
hi-hi-three_s3_r1,hi-hi-three,3,15,0,0,hi,21,hi,2,1,0,1,0,True,False,True,hihi,False
hi-hi-three_s3_r1,hi-hi-three,3,15,0,1,hi,21,hi,2,1,0,1,0,True,False,True,hihi,False
hi-lc-three_s1_r1,hi-lc-three,1,6,1,20,lc,0,hi,3,1,0,1,0,True,False,True,hihihi,True
hi-lc-three_s1_r1,hi-lc-three,1,6,1,21,lc,0,hi,3,1,0,2,0,True,False,True,hihihi,True
hi-lc-three_s1_r1,hi-lc-three,1,6,1,22,lc,2,hi,3,1,0,1,1,True,False,False,hihihi,True
hi-lc-three_s1_r1,hi-lc-three,1,7,0,0,hi,20,lc,3,1,0,1,1,True,False,False,lclclc,False
hi-lc-three_s1_r1,hi-lc-three,1,7,0,1,hi,22,lc,3,1,0,2,2,True,False,False,lclclc,False
hi-lc-three_s1_r1,hi-lc-three,1,7,0,2,hi,22,lc,3,1,0,1,2,True,False,False,lclclc,False
hi-lc-three_s1_r1,hi-lc-three,1,13,0,1,hi,20,lc,2,1,0,1,0,True,False,True,lclc,False
hi-lc-three_s1_r1,hi-lc-three,1,13,0,2,hi,21,lc,2,1,0,0,1,True,True,False,lclc,False
hi-lc-three_s1_r1,hi-lc-three,1,16,1,20,lc,1,hi,2,1,0,0,1,True,True,False,hihi,True
hi-lc-three_s1_r1,hi-lc-three,1,16,1,21,lc,2,hi,2,1,0,1,0,True,False,True,hihi,True
hi-lc-three_s2_r1,hi-lc-three,2,6,1,20,lc,0,hi,3,1,0,2,0,True,False,True,hihihi,True
hi-lc-three_s2_r1,hi-lc-three,2,6,1,21,lc,0,hi,3,1,0,1,0,True,False,True,hihihi,True
hi-lc-three_s2_r1,hi-lc-three,2,6,1,22,lc,0,hi,3,1,0,1,0,True,False,True,hihihi,True
hi-lc-three_s2_r1,hi-lc-three,2,7,0,0,hi,21,lc,3,1,0,2,1,True,False,False,lclclc,False
hi-lc-three_s2_r1,hi-lc-three,2,7,0,1,hi,21,lc,3,1,0,1,1,True,False,False,lclclc,False
hi-lc-three_s2_r1,hi-lc-three,2,7,0,2,hi,20,lc,3,1,0,1,0,True,False,True,lclclc,False
hi-lc-three_s2_r1,hi-lc-three,2,12,1,20,lc,2,hi,2,1,0,1,0,True,False,True,hihi,True
hi-lc-three_s2_r1,hi-lc-three,2,12,1,21,lc,2,hi,2,1,0,1,0,True,False,True,hihi,True
hi-lc-three_s2_r1,hi-lc-three,2,12,1,22,lc,2,hi,2,1,0,0,0,True,True,True,hihi,True
hi-lc-three_s2_r1,hi-lc-three,2,13,0,2,hi,21,lc,3,1,0,2,0,True,False,True,lclclc,False
hi-lc-three_s2_r1,hi-lc-three,2,15,0,1,hi,20,lc,2,1,0,0,0,True,True,True,lclc,False
hi-lc-three_s2_r1,hi-lc-three,2,15,0,2,hi,20,lc,2,1,0,1,0,True,False,True,lclc,False
hi-lc-three_s3_r1,hi-lc-three,3,6,1,20,lc,0,hi,3,1,0,1,0,True,False,True,hihihi,True
hi-lc-three_s3_r1,hi-lc-three,3,6,1,21,lc,0,hi,3,1,0,0,0,True,True,True,hihihi,True
hi-lc-three_s3_r1,hi-lc-three,3,6,1,22,lc,0,hi,3,1,0,2,0,True,False,True,hihihi,True
hi-lc-three_s3_r1,hi-lc-three,3,7,0,0,hi,20,lc,3,1,0,2,0,True,False,True,lclclc,False
hi-lc-three_s3_r1,hi-lc-three,3,7,0,1,hi,20,lc,3,1,0,1,0,True,False,True,lclclc,False
hi-lc-three_s3_r1,hi-lc-three,3,7,0,2,hi,22,lc,3,1,0,0,1,True,True,False,lclclc,False
hi-lc-three_s3_r1,hi-lc-three,3,12,1,20,lc,1,hi,2,1,0,0,1,True,True,False,hihi,True
hi-lc-three_s3_r1,hi-lc-three,3,12,1,21,lc,1,hi,2,1,0,0,1,True,True,False,hihi,True
hi-lc-three_s3_r1,hi-lc-three,3,12,1,22,lc,2,hi,2,1,0,1,0,True,False,True,hihi,True
hi-lc-three_s3_r1,hi-lc-three,3,16,1,22,lc,1,hi,2,1,0,1,0,True,False,True,hihi,True
hi-li-three_s1_r1,hi-li-three,1,6,1,20,li,0,hi,3,1,0,1,0,True,False,True,hihihi,True
hi-li-three_s1_r1,hi-li-three,1,6,1,21,li,0,hi,3,1,0,0,0,True,True,True,hihihi,True
hi-li-three_s1_r1,hi-li-three,1,6,1,22,li,0,hi,3,1,0,2,0,True,False,True,hihihi,True
hi-li-three_s1_r1,hi-li-three,1,7,0,0,hi,20,li,3,1,0,2,0,True,False,True,lilili,False
hi-li-three_s1_r1,hi-li-three,1,7,0,1,hi,20,li,3,1,0,1,0,True,False,True,lilili,False
hi-li-three_s1_r1,hi-li-three,1,7,0,2,hi,22,li,3,1,0,0,2,True,True,False,lilili,False
hi-li-three_s1_r1,hi-li-three,1,8,1,22,li,2,hi,3,1,0,2,1,True,False,False,hihihi,True
hi-li-three_s1_r1,hi-li-three,1,11,0,0,hi,22,li,2,1,0,1,0,True,False,True,lili,False
hi-li-three_s1_r1,hi-li-three,1,11,0,1,hi,22,li,2,1,0,0,0,True,True,True,lili,False
hi-li-three_s2_r1,hi-li-three,2,6,1,20,li,0,hi,3,1,0,1,0,True,False,True,hihihi,True
hi-li-three_s2_r1,hi-li-three,2,6,1,21,li,0,hi,3,1,0,0,0,True,True,True,hihihi,True
hi-li-three_s2_r1,hi-li-three,2,6,1,22,li,0,hi,3,1,0,2,0,True,False,True,hihihi,True
hi-li-three_s2_r1,hi-li-three,2,7,0,0,hi,21,li,3,1,0,2,0,True,False,True,lilili,False
hi-li-three_s2_r1,hi-li-three,2,7,0,1,hi,20,li,3,1,0,1,1,True,False,False,lilili,False
hi-li-three_s2_r1,hi-li-three,2,7,0,2,hi,22,li,3,1,0,0,2,True,True,False,lilili,False
hi-li-three_s2_r1,hi-li-three,2,8,1,22,li,2,hi,3,1,0,2,1,True,False,False,hihihi,True
hi-li-three_s3_r1,hi-li-three,3,6,1,20,li,0,hi,3,1,0,1,0,True,False,True,hihihi,True
hi-li-three_s3_r1,hi-li-three,3,6,1,21,li,0,hi,3,1,0,2,0,True,False,True,hihihi,True
hi-li-three_s3_r1,hi-li-three,3,7,0,0,hi,21,li,3,1,0,1,0,True,False,True,lilili,False
hi-li-three_s3_r1,hi-li-three,3,7,0,1,hi,21,li,3,1,0,2,0,True,False,True,lilili,False
hi-li-three_s3_r1,hi-li-three,3,7,0,2,hi,21,li,3,1,0,1,0,True,False,True,lilili,False
hi-li-three_s3_r1,hi-li-three,3,8,1,22,li,1,hi,3,1,0,1,1,True,False,False,hihihi,True
hi-li-three_s3_r1,hi-li-three,3,10,1,22,li,0,hi,3,1,0,2,0,True,False,True,hihihi,True
hi-li-three_s3_r1,hi-li-three,3,11,0,0,hi,20,li,2,1,0,1,0,True,False,True,lili,False
hi-li-three_s3_r1,hi-li-three,3,11,0,1,hi,20,li,2,1,0,1,0,True,False,True,lili,False
hi-li-three_s3_r1,hi-li-three,3,11,0,2,hi,22,li,2,1,0,0,1,True,True,False,lili,False
lc-ar-three_s1_r1,lc-ar-three,1,9,0,0,lc,20,ar,3,1,0,1,0,True,False,True,ararar,True
lc-ar-three_s1_r1,lc-ar-three,1,9,0,1,lc,20,ar,3,1,0,2,0,True,False,True,ararar,True
lc-ar-three_s1_r1,lc-ar-three,1,9,0,2,lc,22,ar,3,1,0,1,1,True,False,False,ararar,True
lc-ar-three_s2_r1,lc-ar-three,2,9,0,0,lc,20,ar,2,1,0,1,0,True,False,True,arar,True
lc-ar-three_s2_r1,lc-ar-three,2,9,0,2,lc,22,ar,2,1,0,0,0,True,True,True,arar,True
lc-ar-three_s3_r1,lc-ar-three,3,9,0,0,lc,20,ar,3,1,0,2,1,True,False,False,ararar,True
lc-ar-three_s3_r1,lc-ar-three,3,9,0,1,lc,20,ar,3,1,0,0,1,True,True,False,ararar,True
lc-ar-three_s3_r1,lc-ar-three,3,9,0,2,lc,22,ar,3,1,0,0,0,True,True,True,ararar,True
lc-hc-three_s1_r1,lc-hc-three,1,8,1,20,hc,0,lc,3,1,0,0,0,True,True,True,lclclc,False
lc-hc-three_s1_r1,lc-hc-three,1,8,1,21,hc,0,lc,3,1,0,0,0,True,True,True,lclclc,False
lc-hc-three_s1_r1,lc-hc-three,1,8,1,22,hc,0,lc,3,1,0,2,0,True,False,True,lclclc,False
lc-hc-three_s1_r1,lc-hc-three,1,9,0,0,lc,22,hc,3,1,0,2,0,True,False,True,hchchc,True
lc-hc-three_s1_r1,lc-hc-three,1,9,0,1,lc,22,hc,3,1,0,0,0,True,True,True,hchchc,True
lc-hc-three_s1_r1,lc-hc-three,1,9,0,2,lc,20,hc,3,1,0,0,1,True,True,False,hchchc,True
lc-hc-three_s1_r1,lc-hc-three,1,15,0,2,lc,22,hc,3,1,0,2,0,True,False,True,hchchc,True
lc-hc-three_s1_r1,lc-hc-three,1,16,1,20,hc,2,lc,2,1,0,0,0,True,True,True,lclc,False
lc-hc-three_s1_r1,lc-hc-three,1,16,1,21,hc,2,lc,2,1,0,0,0,True,True,True,lclc,False
lc-hc-three_s1_r1,lc-hc-three,1,17,0,1,lc,20,hc,2,1,0,0,0,True,True,True,hchc,True
lc-hc-three_s1_r1,lc-hc-three,1,17,0,2,lc,20,hc,2,1,0,1,0,True,False,True,hchc,True
lc-hc-three_s2_r1,lc-hc-three,2,8,1,20,hc,0,lc,3,1,0,1,0,True,False,True,lclclc,False
lc-hc-three_s2_r1,lc-hc-three,2,8,1,21,hc,0,lc,3,1,0,2,0,True,False,True,lclclc,False
lc-hc-three_s2_r1,lc-hc-three,2,8,1,22,hc,2,lc,3,1,0,1,0,True,False,True,lclclc,False
lc-hc-three_s2_r1,lc-hc-three,2,9,0,0,lc,21,hc,3,1,0,1,0,True,False,True,hchchc,True
lc-hc-three_s2_r1,lc-hc-three,2,9,0,1,lc,21,hc,3,1,0,2,0,True,False,True,hchchc,True
lc-hc-three_s2_r1,lc-hc-three,2,9,0,2,lc,21,hc,3,1,0,1,0,True,False,True,hchchc,True
lc-hc-three_s2_r1,lc-hc-three,2,11,0,0,lc,20,hc,2,1,0,0,1,True,True,False,hchc,True
lc-hc-three_s2_r1,lc-hc-three,2,11,0,1,lc,22,hc,2,1,0,1,0,True,False,True,hchc,True
lc-hc-three_s2_r1,lc-hc-three,2,11,0,2,lc,22,hc,2,1,0,0,0,True,True,True,hchc,True
lc-hc-three_s2_r1,lc-hc-three,2,12,1,22,hc,0,lc,3,1,0,2,0,True,False,True,lclclc,False
lc-hc-three_s2_r1,lc-hc-three,2,13,0,0,lc,22,hc,2,1,0,1,0,True,False,True,hchc,True
lc-hc-three_s3_r1,lc-hc-three,3,8,1,20,hc,0,lc,3,1,0,1,0,True,False,True,lclclc,False
lc-hc-three_s3_r1,lc-hc-three,3,8,1,21,hc,0,lc,3,1,0,2,0,True,False,True,lclclc,False
lc-hc-three_s3_r1,lc-hc-three,3,9,0,0,lc,20,hc,3,1,0,1,0,True,False,True,hchchc,True
lc-hc-three_s3_r1,lc-hc-three,3,9,0,1,lc,20,hc,3,1,0,2,0,True,False,True,hchchc,True
lc-hc-three_s3_r1,lc-hc-three,3,9,0,2,lc,21,hc,3,1,0,1,1,True,False,False,hchchc,True
lc-hc-three_s3_r1,lc-hc-three,3,10,1,22,hc,1,lc,3,1,0,1,2,True,False,False,lclclc,False
lc-hc-three_s3_r1,lc-hc-three,3,11,0,0,lc,21,hc,2,1,0,0,0,True,True,True,hchc,True
lc-hc-three_s3_r1,lc-hc-three,3,11,0,1,lc,21,hc,2,1,0,1,0,True,False,True,hchc,True
lc-hc-three_s3_r1,lc-hc-three,3,12,1,22,hc,0,lc,3,1,0,2,0,True,False,True,lclclc,False
lc-hi-three_s1_r1,lc-hi-three,1,7,0,0,lc,20,hi,3,1,0,2,2,True,False,False,hihihi,True
lc-hi-three_s1_r1,lc-hi-three,1,7,0,1,lc,22,hi,3,1,0,1,1,True,False,False,hihihi,True
lc-hi-three_s1_r1,lc-hi-three,1,7,0,2,lc,22,hi,3,1,0,0,1,True,True,False,hihihi,True
lc-hi-three_s1_r1,lc-hi-three,1,8,1,20,hi,0,lc,3,1,0,0,1,True,True,False,lclclc,False
lc-hi-three_s1_r1,lc-hi-three,1,8,1,21,hi,0,lc,3,1,0,1,1,True,False,False,lclclc,False
lc-hi-three_s1_r1,lc-hi-three,1,8,1,22,hi,2,lc,3,1,0,2,2,True,False,False,lclclc,False
lc-hi-three_s1_r1,lc-hi-three,1,9,0,0,lc,22,hi,3,1,0,2,0,True,False,True,hihihi,True
lc-hi-three_s1_r1,lc-hi-three,1,10,1,22,hi,0,lc,3,1,0,2,0,True,False,True,lclclc,False
lc-hi-three_s1_r1,lc-hi-three,1,14,1,21,hi,2,lc,2,1,0,1,0,True,False,True,lclc,False
lc-hi-three_s1_r1,lc-hi-three,1,15,0,1,lc,20,hi,2,1,0,1,0,True,False,True,hihi,True
lc-hi-three_s1_r1,lc-hi-three,1,15,0,2,lc,20,hi,2,1,0,1,0,True,False,True,hihi,True
lc-hi-three_s1_r1,lc-hi-three,1,16,1,20,hi,2,lc,2,1,0,1,0,True,False,True,lclc,False
lc-hi-three_s2_r1,lc-hi-three,2,7,0,0,lc,21,hi,3,1,0,2,2,True,False,False,hihihi,True
lc-hi-three_s2_r1,lc-hi-three,2,7,0,1,lc,20,hi,3,1,0,1,0,True,False,True,hihihi,True
lc-hi-three_s2_r1,lc-hi-three,2,8,1,20,hi,0,lc,3,1,0,1,1,True,False,False,lclclc,False
lc-hi-three_s2_r1,lc-hi-three,2,8,1,21,hi,0,lc,3,1,0,0,1,True,True,False,lclclc,False
lc-hi-three_s2_r1,lc-hi-three,2,8,1,22,hi,1,lc,3,1,0,2,0,True,False,True,lclclc,False
lc-hi-three_s2_r1,lc-hi-three,2,11,0,1,lc,20,hi,3,1,0,1,0,True,False,True,hihihi,True
lc-hi-three_s2_r1,lc-hi-three,2,11,0,2,lc,22,hi,3,1,0,0,1,True,True,False,hihihi,True
lc-hi-three_s2_r1,lc-hi-three,2,12,1,22,hi,0,lc,3,1,0,2,0,True,False,True,lclclc,False
lc-hi-three_s2_r1,lc-hi-three,2,13,0,1,lc,21,hi,3,1,0,2,2,True,False,False,hihihi,True
lc-hi-three_s2_r1,lc-hi-three,2,14,1,20,hi,1,lc,2,1,0,0,0,True,True,True,lclc,False
lc-hi-three_s2_r1,lc-hi-three,2,14,1,21,hi,1,lc,2,1,0,0,0,True,True,True,lclc,False
lc-hi-three_s2_r1,lc-hi-three,2,14,1,22,hi,1,lc,2,1,0,1,0,True,False,True,lclc,False
lc-hi-three_s2_r1,lc-hi-three,2,15,0,1,lc,22,hi,3,1,0,2,0,True,False,True,hihihi,True
lc-hi-three_s3_r1,lc-hi-three,3,7,0,0,lc,20,hi,3,1,0,0,0,True,True,True,hihihi,True
lc-hi-three_s3_r1,lc-hi-three,3,7,0,1,lc,20,hi,3,1,0,1,0,True,False,True,hihihi,True
lc-hi-three_s3_r1,lc-hi-three,3,7,0,2,lc,20,hi,3,1,0,1,0,True,False,True,hihihi,True
lc-hi-three_s3_r1,lc-hi-three,3,8,1,20,hi,0,lc,3,1,0,2,2,True,False,False,lclclc,False
lc-hi-three_s3_r1,lc-hi-three,3,8,1,21,hi,0,lc,3,1,0,1,2,True,False,False,lclclc,False
lc-hi-three_s3_r1,lc-hi-three,3,8,1,22,hi,1,lc,3,1,0,1,0,True,False,True,lclclc,False
lc-hi-three_s3_r1,lc-hi-three,3,13,0,0,lc,22,hi,2,1,0,1,0,True,False,True,hihi,True
lc-hi-three_s3_r1,lc-hi-three,3,13,0,1,lc,22,hi,2,1,0,1,0,True,False,True,hihi,True
lc-hi-three_s3_r1,lc-hi-three,3,13,0,2,lc,22,hi,2,1,0,0,0,True,True,True,hihi,True
lc-hi-three_s3_r1,lc-hi-three,3,14,1,22,hi,0,lc,3,1,0,2,0,True,False,True,lclclc,False
lc-hi-three_s3_r1,lc-hi-three,3,16,1,21,hi,1,lc,2,1,0,0,0,True,True,True,lclc,False
lc-hi-three_s3_r1,lc-hi-three,3,16,1,22,hi,1,lc,2,1,0,1,0,True,False,True,lclc,False
lc-lc-three_s1_r1,lc-lc-three,1,8,1,20,lc,0,lc,3,1,0,1,0,True,False,True,lclclc,True
lc-lc-three_s1_r1,lc-lc-three,1,8,1,21,lc,0,lc,3,1,0,2,0,True,False,True,lclclc,True
lc-lc-three_s1_r1,lc-lc-three,1,8,1,22,lc,2,lc,3,1,0,1,1,True,False,False,lclclc,True
lc-lc-three_s1_r1,lc-lc-three,1,9,0,0,lc,20,lc,3,1,0,1,0,True,False,True,lclclc,True
lc-lc-three_s1_r1,lc-lc-three,1,9,0,1,lc,20,lc,3,1,0,2,0,True,False,True,lclclc,True
lc-lc-three_s1_r1,lc-lc-three,1,9,0,2,lc,22,lc,3,1,0,1,1,True,False,False,lclclc,True
lc-lc-three_s1_r1,lc-lc-three,1,10,1,20,lc,1,lc,2,1,0,0,1,True,True,False,lclc,True
lc-lc-three_s1_r1,lc-lc-three,1,10,1,21,lc,2,lc,2,1,0,1,0,True,False,True,lclc,True
lc-lc-three_s1_r1,lc-lc-three,1,15,0,1,lc,22,lc,2,1,0,1,0,True,False,True,lclc,True
lc-lc-three_s2_r1,lc-lc-three,2,8,1,20,lc,0,lc,3,1,0,2,1,True,False,False,lclclc,True
lc-lc-three_s2_r1,lc-lc-three,2,8,1,21,lc,2,lc,3,1,0,0,0,True,True,True,lclclc,True
lc-lc-three_s2_r1,lc-lc-three,2,8,1,22,lc,2,lc,3,1,0,0,0,True,True,True,lclclc,True
lc-lc-three_s2_r1,lc-lc-three,2,9,0,0,lc,20,lc,3,1,0,0,1,True,True,False,lclclc,True
lc-lc-three_s2_r1,lc-lc-three,2,9,0,1,lc,21,lc,3,1,0,2,0,True,False,True,lclclc,True
lc-lc-three_s2_r1,lc-lc-three,2,9,0,2,lc,21,lc,3,1,0,2,0,True,False,True,lclclc,True
lc-lc-three_s2_r1,lc-lc-three,2,10,1,20,lc,2,lc,3,1,0,2,0,True,False,True,lclclc,True
lc-lc-three_s2_r1,lc-lc-three,2,11,0,0,lc,21,lc,3,1,0,2,0,True,False,True,lclclc,True
lc-lc-three_s2_r1,lc-lc-three,2,12,1,20,lc,0,lc,2,1,0,1,0,True,False,True,lclc,True
lc-lc-three_s2_r1,lc-lc-three,2,12,1,21,lc,0,lc,2,1,0,1,0,True,False,True,lclc,True
lc-lc-three_s2_r1,lc-lc-three,2,12,1,22,lc,1,lc,2,1,0,1,1,True,False,False,lclc,True
lc-lc-three_s2_r1,lc-lc-three,2,13,0,0,lc,20,lc,2,1,0,1,0,True,False,True,lclc,True
lc-lc-three_s2_r1,lc-lc-three,2,13,0,1,lc,20,lc,2,1,0,1,0,True,False,True,lclc,True
lc-lc-three_s2_r1,lc-lc-three,2,14,1,22,lc,0,lc,2,1,0,1,0,True,False,True,lclc,True
lc-lc-three_s3_r1,lc-lc-three,3,8,1,20,lc,0,lc,3,1,0,1,0,True,False,True,lclclc,True
lc-lc-three_s3_r1,lc-lc-three,3,8,1,21,lc,0,lc,3,1,0,2,0,True,False,True,lclclc,True
lc-lc-three_s3_r1,lc-lc-three,3,8,1,22,lc,1,lc,3,1,0,1,1,True,False,False,lclclc,True
lc-lc-three_s3_r1,lc-lc-three,3,9,0,0,lc,20,lc,3,1,0,1,0,True,False,True,lclclc,True
lc-lc-three_s3_r1,lc-lc-three,3,9,0,1,lc,20,lc,3,1,0,2,0,True,False,True,lclclc,True
lc-lc-three_s3_r1,lc-lc-three,3,9,0,2,lc,21,lc,3,1,0,1,1,True,False,False,lclclc,True
lc-lc-three_s3_r1,lc-lc-three,3,10,1,20,lc,1,lc,2,1,0,0,0,True,True,True,lclc,True
lc-lc-three_s3_r1,lc-lc-three,3,10,1,21,lc,1,lc,2,1,0,1,0,True,False,True,lclc,True
lc-lc-three_s3_r1,lc-lc-three,3,19,0,2,lc,20,lc,2,1,0,1,0,True,False,True,lclc,True
lc-li-three_s1_r1,lc-li-three,1,8,1,20,li,0,lc,3,1,0,1,0,True,False,True,lclclc,True
lc-li-three_s1_r1,lc-li-three,1,8,1,21,li,0,lc,3,1,0,0,0,True,True,True,lclclc,True
lc-li-three_s1_r1,lc-li-three,1,8,1,22,li,0,lc,3,1,0,1,0,True,False,True,lclclc,True
lc-li-three_s1_r1,lc-li-three,1,9,0,1,lc,20,li,3,1,0,1,0,True,False,True,lilili,True
lc-li-three_s1_r1,lc-li-three,1,9,0,2,lc,20,li,3,1,0,2,0,True,False,True,lilili,True
lc-li-three_s1_r1,lc-li-three,1,10,1,20,li,2,lc,2,1,0,1,0,True,False,True,lclc,True
lc-li-three_s1_r1,lc-li-three,1,10,1,21,li,2,lc,2,1,0,0,0,True,True,True,lclc,True
lc-li-three_s1_r1,lc-li-three,1,10,1,22,li,2,lc,2,1,0,1,0,True,False,True,lclc,True
lc-li-three_s1_r1,lc-li-three,1,15,0,1,lc,21,li,2,1,0,1,0,True,False,True,lili,True
lc-li-three_s2_r1,lc-li-three,2,8,1,20,li,0,lc,3,1,0,1,0,True,False,True,lclclc,True
lc-li-three_s2_r1,lc-li-three,2,8,1,21,li,0,lc,3,1,0,2,0,True,False,True,lclclc,True
lc-li-three_s2_r1,lc-li-three,2,8,1,22,li,2,lc,3,1,0,1,1,True,False,False,lclclc,True
lc-li-three_s2_r1,lc-li-three,2,9,0,0,lc,21,li,3,1,0,1,0,True,False,True,lilili,True
lc-li-three_s2_r1,lc-li-three,2,9,0,1,lc,21,li,3,1,0,2,0,True,False,True,lilili,True
lc-li-three_s2_r1,lc-li-three,2,9,0,2,lc,21,li,3,1,0,1,0,True,False,True,lilili,True
lc-li-three_s2_r1,lc-li-three,2,11,0,0,lc,22,li,2,1,0,1,0,True,False,True,lili,True
lc-li-three_s2_r1,lc-li-three,2,11,0,1,lc,22,li,2,1,0,1,0,True,False,True,lili,True
lc-li-three_s2_r1,lc-li-three,2,11,0,2,lc,22,li,2,1,0,0,0,True,True,True,lili,True
lc-li-three_s2_r1,lc-li-three,2,12,1,20,li,2,lc,2,1,0,1,0,True,False,True,lclc,True
lc-li-three_s3_r1,lc-li-three,3,9,0,0,lc,20,li,3,1,0,0,0,True,True,True,lilili,True
lc-li-three_s3_r1,lc-li-three,3,9,0,1,lc,20,li,3,1,0,1,0,True,False,True,lilili,True
lc-li-three_s3_r1,lc-li-three,3,9,0,2,lc,21,li,3,1,0,2,1,True,False,False,lilili,True
lc-li-three_s3_r1,lc-li-three,3,10,1,20,li,0,lc,3,1,0,2,0,True,False,True,lclclc,True
lc-li-three_s3_r1,lc-li-three,3,10,1,21,li,0,lc,3,1,0,2,0,True,False,True,lclclc,True
lc-li-three_s3_r1,lc-li-three,3,11,0,0,lc,21,li,2,1,0,0,0,True,True,True,lili,True
lc-li-three_s3_r1,lc-li-three,3,11,0,1,lc,21,li,2,1,0,0,0,True,True,True,lili,True
lc-li-three_s3_r1,lc-li-three,3,12,1,22,li,0,lc,3,1,0,2,0,True,False,True,lclclc,True
li-ar-three_s1_r1,li-ar-three,1,9,0,0,li,20,ar,3,1,0,2,0,True,False,True,ararar,True
li-ar-three_s1_r1,li-ar-three,1,9,0,1,li,20,ar,3,1,0,0,0,True,True,True,ararar,True
li-ar-three_s1_r1,li-ar-three,1,9,0,2,li,22,ar,3,1,0,0,1,True,True,False,ararar,True
li-ar-three_s2_r1,li-ar-three,2,9,0,0,li,21,ar,3,1,0,1,0,True,False,True,ararar,True
li-ar-three_s2_r1,li-ar-three,2,9,0,1,li,21,ar,3,1,0,2,0,True,False,True,ararar,True
li-ar-three_s2_r1,li-ar-three,2,9,0,2,li,20,ar,3,1,0,1,1,True,False,False,ararar,True
li-ar-three_s3_r1,li-ar-three,3,9,0,0,li,20,ar,3,1,0,2,0,True,False,True,ararar,True
li-ar-three_s3_r1,li-ar-three,3,9,0,1,li,20,ar,3,1,0,0,0,True,True,True,ararar,True
li-ar-three_s3_r1,li-ar-three,3,9,0,2,li,22,ar,3,1,0,0,1,True,True,False,ararar,True
li-hc-three_s1_r1,li-hc-three,1,8,1,20,hc,0,li,3,1,0,1,0,True,False,True,lilili,False
li-hc-three_s1_r1,li-hc-three,1,8,1,21,hc,0,li,3,1,0,2,0,True,False,True,lilili,False
li-hc-three_s1_r1,li-hc-three,1,8,1,22,hc,2,li,3,1,0,1,0,True,False,True,lilili,False
li-hc-three_s1_r1,li-hc-three,1,9,0,1,li,22,hc,3,1,0,2,0,True,False,True,hchchc,True
li-hc-three_s1_r1,li-hc-three,1,9,0,2,li,22,hc,3,1,0,1,0,True,False,True,hchchc,True
li-hc-three_s1_r1,li-hc-three,1,11,0,1,li,21,hc,2,1,0,1,0,True,False,True,hchc,True
li-hc-three_s1_r1,li-hc-three,1,11,0,2,li,21,hc,2,1,0,0,0,True,True,True,hchc,True
li-hc-three_s1_r1,li-hc-three,1,13,0,0,li,21,hc,2,1,0,1,0,True,False,True,hchc,True
li-hc-three_s1_r1,li-hc-three,1,16,1,20,hc,1,li,2,1,0,0,1,True,True,False,lili,False
li-hc-three_s1_r1,li-hc-three,1,16,1,21,hc,2,li,2,1,0,1,0,True,False,True,lili,False
li-hc-three_s1_r1,li-hc-three,1,18,1,20,hc,2,li,2,1,0,1,0,True,False,True,lili,False
li-hc-three_s2_r1,li-hc-three,2,8,1,20,hc,0,li,3,1,0,0,0,True,True,True,lilili,False
li-hc-three_s2_r1,li-hc-three,2,8,1,21,hc,0,li,3,1,0,1,0,True,False,True,lilili,False
li-hc-three_s2_r1,li-hc-three,2,8,1,22,hc,2,li,3,1,0,1,0,True,False,True,lilili,False
li-hc-three_s2_r1,li-hc-three,2,9,0,0,li,21,hc,3,1,0,2,0,True,False,True,hchchc,True
li-hc-three_s2_r1,li-hc-three,2,9,0,1,li,21,hc,3,1,0,1,0,True,False,True,hchchc,True
li-hc-three_s2_r1,li-hc-three,2,9,0,2,li,21,hc,3,1,0,1,0,True,False,True,hchchc,True
li-hc-three_s2_r1,li-hc-three,2,10,1,22,hc,0,li,3,1,0,1,0,True,False,True,lilili,False
li-hc-three_s2_r1,li-hc-three,2,11,0,0,li,20,hc,2,1,0,1,0,True,False,True,hchc,True
li-hc-three_s2_r1,li-hc-three,2,11,0,1,li,20,hc,2,1,0,0,0,True,True,True,hchc,True
li-hc-three_s2_r1,li-hc-three,2,11,0,2,li,20,hc,2,1,0,1,0,True,False,True,hchc,True
li-hc-three_s2_r1,li-hc-three,2,16,1,22,hc,2,li,2,1,0,0,0,True,True,True,lili,False
li-hc-three_s3_r1,li-hc-three,3,8,1,20,hc,0,li,3,1,0,1,0,True,False,True,lilili,False
li-hc-three_s3_r1,li-hc-three,3,8,1,21,hc,0,li,3,1,0,0,0,True,True,True,lilili,False
li-hc-three_s3_r1,li-hc-three,3,8,1,22,hc,0,li,3,1,0,1,0,True,False,True,lilili,False
li-hc-three_s3_r1,li-hc-three,3,9,0,0,li,20,hc,3,1,0,2,0,True,False,True,hchchc,True
li-hc-three_s3_r1,li-hc-three,3,9,0,1,li,20,hc,3,1,0,1,0,True,False,True,hchchc,True
li-hc-three_s3_r1,li-hc-three,3,9,0,2,li,20,hc,3,1,0,1,0,True,False,True,hchchc,True
li-hc-three_s3_r1,li-hc-three,3,11,0,1,li,21,hc,2,1,0,0,1,True,True,False,hchc,True
li-hc-three_s3_r1,li-hc-three,3,11,0,2,li,22,hc,2,1,0,0,0,True,True,True,hchc,True
li-hc-three_s3_r1,li-hc-three,3,13,0,0,li,22,hc,2,1,0,1,0,True,False,True,hchc,True
li-hc-three_s3_r1,li-hc-three,3,13,0,1,li,22,hc,2,1,0,1,0,True,False,True,hchc,True
li-hc-three_s3_r1,li-hc-three,3,16,1,21,hc,1,li,2,1,0,0,0,True,True,True,lili,False
li-hc-three_s3_r1,li-hc-three,3,16,1,22,hc,1,li,2,1,0,1,0,True,False,True,lili,False
li-hi-three_s1_r1,li-hi-three,1,7,0,0,li,20,hi,3,1,0,1,0,True,False,True,hihihi,True
li-hi-three_s1_r1,li-hi-three,1,7,0,1,li,20,hi,3,1,0,2,0,True,False,True,hihihi,True
li-hi-three_s1_r1,li-hi-three,1,7,0,2,li,22,hi,3,1,0,1,1,True,False,False,hihihi,True
li-hi-three_s1_r1,li-hi-three,1,8,1,20,hi,0,li,3,1,0,1,1,True,False,False,lilili,False
li-hi-three_s1_r1,li-hi-three,1,8,1,21,hi,2,li,3,1,0,2,0,True,False,True,lilili,False
li-hi-three_s1_r1,li-hi-three,1,8,1,22,hi,2,li,3,1,0,1,0,True,False,True,lilili,False
li-hi-three_s1_r1,li-hi-three,1,12,1,21,hi,0,li,2,1,0,1,0,True,False,True,lili,False
li-hi-three_s1_r1,li-hi-three,1,12,1,22,hi,1,li,2,1,0,0,1,True,True,False,lili,False
li-hi-three_s2_r1,li-hi-three,2,7,0,0,li,21,hi,3,1,0,2,0,True,False,True,hihihi,True
li-hi-three_s2_r1,li-hi-three,2,7,0,1,li,21,hi,3,1,0,1,0,True,False,True,hihihi,True
li-hi-three_s2_r1,li-hi-three,2,8,1,20,hi,0,li,3,1,0,0,0,True,True,True,lilili,False
li-hi-three_s2_r1,li-hi-three,2,8,1,21,hi,0,li,3,1,0,1,0,True,False,True,lilili,False
li-hi-three_s2_r1,li-hi-three,2,8,1,22,hi,1,li,3,1,0,2,1,True,False,False,lilili,False
li-hi-three_s2_r1,li-hi-three,2,10,1,22,hi,0,li,3,1,0,2,0,True,False,True,lilili,False
li-hi-three_s2_r1,li-hi-three,2,11,0,2,li,22,hi,3,1,0,0,1,True,True,False,hihihi,True
li-hi-three_s2_r1,li-hi-three,2,12,1,20,hi,1,li,2,1,0,0,0,True,True,True,lili,False
li-hi-three_s2_r1,li-hi-three,2,12,1,21,hi,1,li,2,1,0,0,0,True,True,True,lili,False
li-hi-three_s2_r1,li-hi-three,2,12,1,22,hi,1,li,2,1,0,1,0,True,False,True,lili,False
li-hi-three_s2_r1,li-hi-three,2,13,0,2,li,21,hi,3,1,0,2,0,True,False,True,hihihi,True
li-hi-three_s3_r1,li-hi-three,3,7,0,0,li,20,hi,3,1,0,1,0,True,False,True,hihihi,True
li-hi-three_s3_r1,li-hi-three,3,7,0,1,li,20,hi,3,1,0,2,0,True,False,True,hihihi,True
li-hi-three_s3_r1,li-hi-three,3,7,0,2,li,21,hi,3,1,0,1,1,True,False,False,hihihi,True
li-hi-three_s3_r1,li-hi-three,3,8,1,20,hi,0,li,3,1,0,1,0,True,False,True,lilili,False
li-hi-three_s3_r1,li-hi-three,3,8,1,21,hi,0,li,3,1,0,2,0,True,False,True,lilili,False
li-hi-three_s3_r1,li-hi-three,3,8,1,22,hi,2,li,3,1,0,1,1,True,False,False,lilili,False
li-hi-three_s3_r1,li-hi-three,3,12,1,20,hi,1,li,2,1,0,0,1,True,True,False,lili,False
li-hi-three_s3_r1,li-hi-three,3,12,1,21,hi,2,li,2,1,0,1,0,True,False,True,lili,False
li-lc-three_s1_r1,li-lc-three,1,8,1,20,lc,0,li,3,1,0,2,1,True,False,False,lilili,True
li-lc-three_s1_r1,li-lc-three,1,8,1,21,lc,2,li,3,1,0,0,0,True,True,True,lilili,True
li-lc-three_s1_r1,li-lc-three,1,8,1,22,lc,2,li,3,1,0,0,0,True,True,True,lilili,True
li-lc-three_s1_r1,li-lc-three,1,9,0,0,li,20,lc,3,1,0,0,0,True,True,True,lclclc,True
li-lc-three_s1_r1,li-lc-three,1,9,0,1,li,20,lc,3,1,0,0,0,True,True,True,lclclc,True
li-lc-three_s1_r1,li-lc-three,1,9,0,2,li,22,lc,3,1,0,2,1,True,False,False,lclclc,True
li-lc-three_s1_r1,li-lc-three,1,10,1,21,lc,1,li,2,1,0,0,1,True,True,False,lili,True
li-lc-three_s1_r1,li-lc-three,1,10,1,22,lc,0,li,2,1,0,1,0,True,False,True,lili,True
li-lc-three_s2_r1,li-lc-three,2,8,1,20,lc,0,li,3,1,0,1,0,True,False,True,lilili,True
li-lc-three_s2_r1,li-lc-three,2,8,1,21,lc,0,li,3,1,0,2,0,True,False,True,lilili,True
li-lc-three_s2_r1,li-lc-three,2,8,1,22,lc,2,li,3,1,0,1,1,True,False,False,lilili,True
li-lc-three_s2_r1,li-lc-three,2,9,0,0,li,21,lc,3,1,0,1,0,True,False,True,lclclc,True
li-lc-three_s2_r1,li-lc-three,2,9,0,1,li,21,lc,3,1,0,2,0,True,False,True,lclclc,True
li-lc-three_s2_r1,li-lc-three,2,9,0,2,li,21,lc,3,1,0,1,0,True,False,True,lclclc,True
li-lc-three_s2_r1,li-lc-three,2,10,1,20,lc,1,li,2,1,0,0,1,True,True,False,lili,True
li-lc-three_s2_r1,li-lc-three,2,10,1,21,lc,1,li,2,1,0,1,1,True,False,False,lili,True
li-lc-three_s2_r1,li-lc-three,2,12,1,21,lc,2,li,2,1,0,1,0,True,False,True,lili,True
li-lc-three_s2_r1,li-lc-three,2,14,1,20,lc,2,li,2,1,0,1,0,True,False,True,lili,True
li-lc-three_s2_r1,li-lc-three,2,15,0,1,li,20,lc,2,1,0,1,0,True,False,True,lclc,True
li-lc-three_s3_r1,li-lc-three,3,8,1,20,lc,0,li,3,1,0,1,0,True,False,True,lilili,True
li-lc-three_s3_r1,li-lc-three,3,8,1,21,lc,0,li,3,1,0,2,0,True,False,True,lilili,True
li-lc-three_s3_r1,li-lc-three,3,8,1,22,lc,1,li,3,1,0,1,1,True,False,False,lilili,True
li-lc-three_s3_r1,li-lc-three,3,9,0,0,li,20,lc,3,1,0,1,1,True,False,False,lclclc,True
li-lc-three_s3_r1,li-lc-three,3,9,0,1,li,20,lc,3,1,0,2,1,True,False,False,lclclc,True
li-lc-three_s3_r1,li-lc-three,3,9,0,2,li,21,lc,3,1,0,1,0,True,False,True,lclclc,True
li-lc-three_s3_r1,li-lc-three,3,11,0,1,li,21,lc,3,1,0,2,0,True,False,True,lclclc,True
li-lc-three_s3_r1,li-lc-three,3,12,1,20,lc,1,li,2,1,0,0,0,True,True,True,lili,True
li-lc-three_s3_r1,li-lc-three,3,12,1,21,lc,1,li,2,1,0,1,0,True,False,True,lili,True
li-lc-three_s3_r1,li-lc-three,3,19,0,2,li,20,lc,2,1,0,1,0,True,False,True,lclc,True
li-li-three_s1_r1,li-li-three,1,8,1,20,li,0,li,3,1,0,1,0,True,False,True,lilili,True
li-li-three_s1_r1,li-li-three,1,8,1,21,li,0,li,3,1,0,2,0,True,False,True,lilili,True
li-li-three_s1_r1,li-li-three,1,8,1,22,li,2,li,3,1,0,1,1,True,False,False,lilili,True
li-li-three_s1_r1,li-li-three,1,9,0,0,li,20,li,3,1,0,1,0,True,False,True,lilili,True
li-li-three_s1_r1,li-li-three,1,9,0,1,li,20,li,3,1,0,2,0,True,False,True,lilili,True
li-li-three_s1_r1,li-li-three,1,9,0,2,li,22,li,3,1,0,1,1,True,False,False,lilili,True
li-li-three_s1_r1,li-li-three,1,12,1,21,li,2,li,2,1,0,1,0,True,False,True,lili,True
li-li-three_s1_r1,li-li-three,1,17,0,1,li,22,li,2,1,0,1,0,True,False,True,lili,True
li-li-three_s2_r1,li-li-three,2,8,1,20,li,0,li,3,1,0,1,0,True,False,True,lilili,True
li-li-three_s2_r1,li-li-three,2,8,1,21,li,0,li,3,1,0,2,0,True,False,True,lilili,True
li-li-three_s2_r1,li-li-three,2,8,1,22,li,2,li,3,1,0,1,1,True,False,False,lilili,True
li-li-three_s2_r1,li-li-three,2,9,0,0,li,21,li,3,1,0,1,0,True,False,True,lilili,True
li-li-three_s2_r1,li-li-three,2,9,0,1,li,21,li,3,1,0,2,0,True,False,True,lilili,True
li-li-three_s2_r1,li-li-three,2,9,0,2,li,21,li,3,1,0,1,0,True,False,True,lilili,True
li-li-three_s2_r1,li-li-three,2,12,1,20,li,1,li,2,1,0,0,1,True,True,False,lili,True
li-li-three_s2_r1,li-li-three,2,12,1,21,li,2,li,2,1,0,1,0,True,False,True,lili,True
li-li-three_s2_r1,li-li-three,2,14,1,20,li,2,li,2,1,0,1,0,True,False,True,lili,True
li-li-three_s2_r1,li-li-three,2,15,0,1,li,20,li,2,1,0,1,1,True,False,False,lili,True
li-li-three_s2_r1,li-li-three,2,15,0,2,li,20,li,2,1,0,1,1,True,False,False,lili,True
li-li-three_s3_r1,li-li-three,3,8,1,20,li,0,li,3,1,0,1,0,True,False,True,lilili,True
li-li-three_s3_r1,li-li-three,3,8,1,21,li,0,li,3,1,0,2,0,True,False,True,lilili,True
li-li-three_s3_r1,li-li-three,3,8,1,22,li,1,li,3,1,0,1,1,True,False,False,lilili,True
li-li-three_s3_r1,li-li-three,3,9,0,0,li,20,li,3,1,0,1,1,True,False,False,lilili,True
li-li-three_s3_r1,li-li-three,3,9,0,1,li,20,li,3,1,0,2,1,True,False,False,lilili,True
li-li-three_s3_r1,li-li-three,3,9,0,2,li,21,li,3,1,0,1,0,True,False,True,lilili,True
li-li-three_s3_r1,li-li-three,3,10,1,20,li,1,li,2,1,0,0,0,True,True,True,lili,True
li-li-three_s3_r1,li-li-three,3,10,1,21,li,1,li,2,1,0,1,0,True,False,True,lili,True
