trial,cell,build,level,attacker,defender,size,seed,rep,exe,status,half_rounds,winner,end_turn_clicks,att_troops_before,att_troops_after,att_loss,def_troops_before,def_troops_after,def_loss,att_destroyed,def_destroyed,att_promotions,def_promotions,end_condition,result,dialog,seconds,start_save,series_first,series_last,post_save,post_sha12,series_sha12,halflog,loss_rows,unambiguous_rows
hi-hi-one_s1_r1,hi-hi-one,lab,L1 from FLD-RG (labelled synthetic),hi,hi,one,1,1,Imperial Conquest 2 lab s1.exe,ok,19,defender,0,6000,0,6000,6000,2958,3042,True,False,0,0,loser destroyed,Gaul defeats Rome,Offer of peace,55.2,hi-hi-one_start.SAV,hi-hi-one_s1_r1_BATTLE01.SAV,hi-hi-one_s1_r1_BATTLE19.SAV,hi-hi-one_s1_r1_post.SAV,1043d0aaccf3,f519450fcd31,halfrounds-hi-hi-one_s1_r1.jsonl,26,26
hi-hi-one_s1_r2,hi-hi-one,lab,L1 from FLD-RG (labelled synthetic),hi,hi,one,1,2,Imperial Conquest 2 lab s1.exe,ok,19,defender,0,6000,0,6000,6000,2958,3042,True,False,0,0,loser destroyed,Gaul defeats Rome,Offer of peace,58.5,hi-hi-one_start.SAV,hi-hi-one_s1_r2_BATTLE01.SAV,hi-hi-one_s1_r2_BATTLE19.SAV,hi-hi-one_s1_r2_post.SAV,1043d0aaccf3,f519450fcd31,halfrounds-hi-hi-one_s1_r2.jsonl,26,26
hi-hi-one_s2_r1,hi-hi-one,lab,L1 from FLD-RG (labelled synthetic),hi,hi,one,2,1,Imperial Conquest 2 lab s2.exe,ok,18,defender,0,6000,0,6000,6000,2831,3169,True,False,0,0,loser destroyed,Gaul defeats Rome,,49.8,hi-hi-one_start.SAV,hi-hi-one_s2_r1_BATTLE01.SAV,hi-hi-one_s2_r1_BATTLE18.SAV,hi-hi-one_s2_r1_post.SAV,3e4a5b00b6de,890aeb5cb906,halfrounds-hi-hi-one_s2_r1.jsonl,24,24
hi-hi-one_s2_r2,hi-hi-one,lab,L1 from FLD-RG (labelled synthetic),hi,hi,one,2,2,Imperial Conquest 2 lab s2.exe,ok,18,defender,0,6000,0,6000,6000,2831,3169,True,False,0,0,loser destroyed,Gaul defeats Rome,,49.4,hi-hi-one_start.SAV,hi-hi-one_s2_r2_BATTLE01.SAV,hi-hi-one_s2_r2_BATTLE18.SAV,hi-hi-one_s2_r2_post.SAV,3e4a5b00b6de,890aeb5cb906,halfrounds-hi-hi-one_s2_r2.jsonl,24,24
hi-hi-one_s3_r1,hi-hi-one,lab,L1 from FLD-RG (labelled synthetic),hi,hi,one,3,1,Imperial Conquest 2 lab s3.exe,ok,15,defender,0,6000,0,6000,6000,4196,1804,True,False,0,0,loser destroyed,Gaul defeats Rome,Offer of peace,55.5,hi-hi-one_start.SAV,hi-hi-one_s3_r1_BATTLE01.SAV,hi-hi-one_s3_r1_BATTLE15.SAV,hi-hi-one_s3_r1_post.SAV,0e99a9b52809,654956f1d1ad,halfrounds-hi-hi-one_s3_r1.jsonl,18,18
hi-hi-one_s3_r2,hi-hi-one,lab,L1 from FLD-RG (labelled synthetic),hi,hi,one,3,2,Imperial Conquest 2 lab s3.exe,ok,15,defender,0,6000,0,6000,6000,4196,1804,True,False,0,0,loser destroyed,Gaul defeats Rome,Offer of peace,56.0,hi-hi-one_start.SAV,hi-hi-one_s3_r2_BATTLE01.SAV,hi-hi-one_s3_r2_BATTLE15.SAV,hi-hi-one_s3_r2_post.SAV,0e99a9b52809,654956f1d1ad,halfrounds-hi-hi-one_s3_r2.jsonl,18,18
hi-hi-one_s1_r3,hi-hi-one,lab,L1 from FLD-RG (labelled synthetic),hi,hi,one,1,3,Imperial Conquest 2 lab s1.exe,ok,19,defender,0,6000,0,6000,6000,2958,3042,True,False,0,0,loser destroyed,Gaul defeats Rome,Offer of peace,54.6,hi-hi-one_start.SAV,hi-hi-one_s1_r3_BATTLE01.SAV,hi-hi-one_s1_r3_BATTLE19.SAV,hi-hi-one_s1_r3_post.SAV,1043d0aaccf3,f519450fcd31,halfrounds-hi-hi-one_s1_r3.jsonl,26,26
hi-hi-one_s1_r4,hi-hi-one,lab,L1 from FLD-RG (labelled synthetic),hi,hi,one,1,4,Imperial Conquest 2 lab s1.exe,ok,19,defender,0,6000,0,6000,6000,2958,3042,True,False,0,0,loser destroyed,Gaul defeats Rome,Offer of peace,55.1,hi-hi-one_start.SAV,hi-hi-one_s1_r4_BATTLE01.SAV,hi-hi-one_s1_r4_BATTLE19.SAV,hi-hi-one_s1_r4_post.SAV,1043d0aaccf3,f519450fcd31,halfrounds-hi-hi-one_s1_r4.jsonl,26,26
hi-hi-one_s2_r3,hi-hi-one,lab,L1 from FLD-RG (labelled synthetic),hi,hi,one,2,3,Imperial Conquest 2 lab s2.exe,ok,18,defender,0,6000,0,6000,6000,2831,3169,True,False,0,0,loser destroyed,Gaul defeats Rome,,48.4,hi-hi-one_start.SAV,hi-hi-one_s2_r3_BATTLE01.SAV,hi-hi-one_s2_r3_BATTLE18.SAV,hi-hi-one_s2_r3_post.SAV,3e4a5b00b6de,890aeb5cb906,halfrounds-hi-hi-one_s2_r3.jsonl,24,24
hi-hi-one_s2_r4,hi-hi-one,lab,L1 from FLD-RG (labelled synthetic),hi,hi,one,2,4,Imperial Conquest 2 lab s2.exe,ok,18,defender,0,6000,0,6000,6000,2831,3169,True,False,0,0,loser destroyed,Gaul defeats Rome,,49.0,hi-hi-one_start.SAV,hi-hi-one_s2_r4_BATTLE01.SAV,hi-hi-one_s2_r4_BATTLE18.SAV,hi-hi-one_s2_r4_post.SAV,3e4a5b00b6de,890aeb5cb906,halfrounds-hi-hi-one_s2_r4.jsonl,24,24
hi-hi-one_s3_r3,hi-hi-one,lab,L1 from FLD-RG (labelled synthetic),hi,hi,one,3,3,Imperial Conquest 2 lab s3.exe,ok,15,defender,0,6000,0,6000,6000,4196,1804,True,False,0,0,loser destroyed,Gaul defeats Rome,Offer of peace,55.1,hi-hi-one_start.SAV,hi-hi-one_s3_r3_BATTLE01.SAV,hi-hi-one_s3_r3_BATTLE15.SAV,hi-hi-one_s3_r3_post.SAV,0e99a9b52809,654956f1d1ad,halfrounds-hi-hi-one_s3_r3.jsonl,18,18
hi-hi-one_s3_r4,hi-hi-one,lab,L1 from FLD-RG (labelled synthetic),hi,hi,one,3,4,Imperial Conquest 2 lab s3.exe,ok,15,defender,0,6000,0,6000,6000,4196,1804,True,False,0,0,loser destroyed,Gaul defeats Rome,Offer of peace,54.5,hi-hi-one_start.SAV,hi-hi-one_s3_r4_BATTLE01.SAV,hi-hi-one_s3_r4_BATTLE15.SAV,hi-hi-one_s3_r4_post.SAV,0e99a9b52809,654956f1d1ad,halfrounds-hi-hi-one_s3_r4.jsonl,18,18
lc-ar-half_s1_r1,lc-ar-half,lab,L1 from FLD-RG (labelled synthetic),lc,ar,half,1,1,Imperial Conquest 2 lab s1.exe,ok,11,attacker,0,3500,3030,470,1750,0,1750,False,True,1,0,loser destroyed,Rome defeats Gaul,,49.8,lc-ar-half_start.SAV,lc-ar-half_s1_r1_BATTLE01.SAV,lc-ar-half_s1_r1_BATTLE11.SAV,lc-ar-half_s1_r1_post.SAV,e5daa68940b1,7d4f5c973e5d,halfrounds-lc-ar-half_s1_r1.jsonl,5,2
hi-li-one_s1_r1,hi-li-one,lab,L1 from FLD-RG (labelled synthetic),hi,li,one,1,1,Imperial Conquest 2 lab s1.exe,ok,13,attacker,0,6000,5414,586,15000,0,15000,False,True,1,0,loser destroyed,Rome defeats Gaul,,49.2,hi-li-one_start.SAV,hi-li-one_s1_r1_BATTLE01.SAV,hi-li-one_s1_r1_BATTLE13.SAV,hi-li-one_s1_r1_post.SAV,3357ec500d22,38a0c0d51b72,halfrounds-hi-li-one_s1_r1.jsonl,15,12
ar-hc-three_s1_r1,ar-hc-three,lab,L1 from FLD-RG (labelled synthetic),ar,hc,three,1,1,Imperial Conquest 2 lab s1.exe,ok,24,defender,1,10500,0,10500,7500,4898,2602,True,False,0,2,loser destroyed,Gaul defeats Rome,,50.8,ar-hc-three_start.SAV,ar-hc-three_s1_r1_BATTLE01.SAV,ar-hc-three_s1_r1_BATTLE24.SAV,ar-hc-three_s1_r1_post.SAV,7c7e72e37623,7fa2e2a0b446,halfrounds-ar-hc-three_s1_r1.jsonl,32,4
li-li-half_s1_r1,li-li-half,lab,L1 from FLD-RG (labelled synthetic),li,li,half,1,1,Imperial Conquest 2 lab s1.exe,ok,18,defender,0,7500,0,7500,7500,2617,4883,True,False,0,0,loser destroyed,Gaul defeats Rome,,49.2,li-li-half_start.SAV,li-li-half_s1_r1_BATTLE01.SAV,li-li-half_s1_r1_BATTLE18.SAV,li-li-half_s1_r1_post.SAV,e7882c5cd0f1,4a64dafdd926,halfrounds-li-li-half_s1_r1.jsonl,21,15
li-li-half_s2_r1,li-li-half,lab,L1 from FLD-RG (labelled synthetic),li,li,half,2,1,Imperial Conquest 2 lab s2.exe,ok,14,defender,0,7500,0,7500,7500,4436,3064,True,False,0,0,loser destroyed,Gaul defeats Rome,Offer of peace,55.7,li-li-half_start.SAV,li-li-half_s2_r1_BATTLE01.SAV,li-li-half_s2_r1_BATTLE14.SAV,li-li-half_s2_r1_post.SAV,06faa2c4c3e5,bc47164f0829,halfrounds-li-li-half_s2_r1.jsonl,13,7
li-li-half_s3_r1,li-li-half,lab,L1 from FLD-RG (labelled synthetic),li,li,half,3,1,Imperial Conquest 2 lab s3.exe,ok,14,defender,0,7500,0,7500,7500,5184,2316,True,False,0,0,loser destroyed,Gaul defeats Rome,,49.9,li-li-half_start.SAV,li-li-half_s3_r1_BATTLE01.SAV,li-li-half_s3_r1_BATTLE14.SAV,li-li-half_s3_r1_post.SAV,5ec2047da194,a29404ccb1ca,halfrounds-li-li-half_s3_r1.jsonl,13,7
li-hi-half_s1_r1,li-hi-half,lab,L1 from FLD-RG (labelled synthetic),li,hi,half,1,1,Imperial Conquest 2 lab s1.exe,ok,12,defender,0,7500,0,7500,3000,2765,235,True,False,0,1,loser destroyed,Gaul defeats Rome,,49.6,li-hi-half_start.SAV,li-hi-half_s1_r1_BATTLE01.SAV,li-hi-half_s1_r1_BATTLE12.SAV,li-hi-half_s1_r1_post.SAV,52839e6b7647,00725af306c0,halfrounds-li-hi-half_s1_r1.jsonl,11,8
li-hi-half_s2_r1,li-hi-half,lab,L1 from FLD-RG (labelled synthetic),li,hi,half,2,1,Imperial Conquest 2 lab s2.exe,ok,12,defender,0,7500,0,7500,3000,2817,183,True,False,0,0,loser destroyed,Gaul defeats Rome,,50.0,li-hi-half_start.SAV,li-hi-half_s2_r1_BATTLE01.SAV,li-hi-half_s2_r1_BATTLE12.SAV,li-hi-half_s2_r1_post.SAV,bbd68ef3b9c9,297145ed6e19,halfrounds-li-hi-half_s2_r1.jsonl,8,6
li-hi-half_s3_r1,li-hi-half,lab,L1 from FLD-RG (labelled synthetic),li,hi,half,3,1,Imperial Conquest 2 lab s3.exe,ok,12,defender,0,7500,0,7500,3000,2689,311,True,False,0,1,loser destroyed,Gaul defeats Rome,,50.0,li-hi-half_start.SAV,li-hi-half_s3_r1_BATTLE01.SAV,li-hi-half_s3_r1_BATTLE12.SAV,li-hi-half_s3_r1_post.SAV,3f8a7362d499,1fbe2eb04397,halfrounds-li-hi-half_s3_r1.jsonl,11,8
li-ar-half_s1_r1,li-ar-half,lab,L1 from FLD-RG (labelled synthetic),li,ar,half,1,1,Imperial Conquest 2 lab s1.exe,ok,11,attacker,0,7500,6878,622,1750,0,1750,False,True,0,0,loser destroyed,Rome defeats Gaul,,49.6,li-ar-half_start.SAV,li-ar-half_s1_r1_BATTLE01.SAV,li-ar-half_s1_r1_BATTLE11.SAV,li-ar-half_s1_r1_post.SAV,343a8163f29c,a783d76aeec5,halfrounds-li-ar-half_s1_r1.jsonl,5,2
li-ar-half_s2_r1,li-ar-half,lab,L1 from FLD-RG (labelled synthetic),li,ar,half,2,1,Imperial Conquest 2 lab s2.exe,ok,13,attacker,0,7500,6710,790,1750,0,1750,False,True,0,0,loser destroyed,Rome defeats Gaul,,49.7,li-ar-half_start.SAV,li-ar-half_s2_r1_BATTLE01.SAV,li-ar-half_s2_r1_BATTLE13.SAV,li-ar-half_s2_r1_post.SAV,fe85951d5da6,816a9030aa9f,halfrounds-li-ar-half_s2_r1.jsonl,5,2
li-ar-half_s3_r1,li-ar-half,lab,L1 from FLD-RG (labelled synthetic),li,ar,half,3,1,Imperial Conquest 2 lab s3.exe,ok,11,attacker,0,7500,6678,822,1750,0,1750,False,True,0,0,loser destroyed,Rome defeats Gaul,,49.7,li-ar-half_start.SAV,li-ar-half_s3_r1_BATTLE01.SAV,li-ar-half_s3_r1_BATTLE11.SAV,li-ar-half_s3_r1_post.SAV,dff6aefa3f59,5049e94df30a,halfrounds-li-ar-half_s3_r1.jsonl,5,2
li-lc-half_s1_r1,li-lc-half,lab,L1 from FLD-RG (labelled synthetic),li,lc,half,1,1,Imperial Conquest 2 lab s1.exe,ok,15,defender,0,7500,0,7500,3500,2543,957,True,False,0,0,loser destroyed,Gaul defeats Rome,,49.4,li-lc-half_start.SAV,li-lc-half_s1_r1_BATTLE01.SAV,li-lc-half_s1_r1_BATTLE15.SAV,li-lc-half_s1_r1_post.SAV,daafb7726dd7,b03487587334,halfrounds-li-lc-half_s1_r1.jsonl,11,6
li-lc-half_s2_r1,li-lc-half,lab,L1 from FLD-RG (labelled synthetic),li,lc,half,2,1,Imperial Conquest 2 lab s2.exe,ok,12,defender,0,7500,0,7500,3500,2707,793,True,False,0,0,loser destroyed,Gaul defeats Rome,Offer of peace,56.4,li-lc-half_start.SAV,li-lc-half_s2_r1_BATTLE01.SAV,li-lc-half_s2_r1_BATTLE12.SAV,li-lc-half_s2_r1_post.SAV,40c40770191b,ced048a19931,halfrounds-li-lc-half_s2_r1.jsonl,9,5
li-lc-half_s3_r1,li-lc-half,lab,L1 from FLD-RG (labelled synthetic),li,lc,half,3,1,Imperial Conquest 2 lab s3.exe,ok,12,defender,0,7500,0,7500,3500,2841,659,True,False,0,1,loser destroyed,Gaul defeats Rome,,49.3,li-lc-half_start.SAV,li-lc-half_s3_r1_BATTLE01.SAV,li-lc-half_s3_r1_BATTLE12.SAV,li-lc-half_s3_r1_post.SAV,ef8a9d5024a3,150c64b3045a,halfrounds-li-lc-half_s3_r1.jsonl,9,5
li-hc-half_s1_r1,li-hc-half,lab,L1 from FLD-RG (labelled synthetic),li,hc,half,1,1,Imperial Conquest 2 lab s1.exe,ok,21,defender,0,7500,0,7500,1250,311,939,True,False,0,1,loser destroyed,Gaul defeats Rome,,49.3,li-hc-half_start.SAV,li-hc-half_s1_r1_BATTLE01.SAV,li-hc-half_s1_r1_BATTLE21.SAV,li-hc-half_s1_r1_post.SAV,f94cd9a98bd4,541f5c97fcbd,halfrounds-li-hc-half_s1_r1.jsonl,26,23
li-hc-half_s2_r1,li-hc-half,lab,L1 from FLD-RG (labelled synthetic),li,hc,half,2,1,Imperial Conquest 2 lab s2.exe,ok,17,attacker,0,7500,3884,3616,1250,0,1250,False,True,0,0,loser destroyed,Rome defeats Gaul,,49.3,li-hc-half_start.SAV,li-hc-half_s2_r1_BATTLE01.SAV,li-hc-half_s2_r1_BATTLE17.SAV,li-hc-half_s2_r1_post.SAV,e9430c22869a,659aedd41478,halfrounds-li-hc-half_s2_r1.jsonl,18,15
li-hc-half_s3_r1,li-hc-half,lab,L1 from FLD-RG (labelled synthetic),li,hc,half,3,1,Imperial Conquest 2 lab s3.exe,ok,24,attacker,0,7500,1559,5941,1250,0,1250,False,True,0,0,loser destroyed,Rome defeats Gaul,,49.2,li-hc-half_start.SAV,li-hc-half_s3_r1_BATTLE01.SAV,li-hc-half_s3_r1_BATTLE24.SAV,li-hc-half_s3_r1_post.SAV,c4cfad2a0f27,bd3ace41e3a5,halfrounds-li-hc-half_s3_r1.jsonl,32,29
li-li-one_s1_r1,li-li-one,lab,L1 from FLD-RG (labelled synthetic),li,li,one,1,1,Imperial Conquest 2 lab s1.exe,ok,20,defender,0,15000,0,15000,15000,5254,9746,True,False,0,0,loser destroyed,Gaul defeats Rome,Offer of peace,55.9,li-li-one_start.SAV,li-li-one_s1_r1_BATTLE01.SAV,li-li-one_s1_r1_BATTLE20.SAV,li-li-one_s1_r1_post.SAV,5f83e3b47b5c,b45d20b9332f,halfrounds-li-li-one_s1_r1.jsonl,25,19
li-li-one_s2_r1,li-li-one,lab,L1 from FLD-RG (labelled synthetic),li,li,one,2,1,Imperial Conquest 2 lab s2.exe,ok,16,defender,0,15000,0,15000,15000,8660,6340,True,False,0,0,loser destroyed,Gaul defeats Rome,,49.5,li-li-one_start.SAV,li-li-one_s2_r1_BATTLE01.SAV,li-li-one_s2_r1_BATTLE16.SAV,li-li-one_s2_r1_post.SAV,e69d0f8d04e2,7872e9d90b40,halfrounds-li-li-one_s2_r1.jsonl,17,11
li-li-one_s3_r1,li-li-one,lab,L1 from FLD-RG (labelled synthetic),li,li,one,3,1,Imperial Conquest 2 lab s3.exe,ok,15,defender,0,15000,0,15000,15000,10250,4750,True,False,0,0,loser destroyed,Gaul defeats Rome,Offer of peace,55.7,li-li-one_start.SAV,li-li-one_s3_r1_BATTLE01.SAV,li-li-one_s3_r1_BATTLE15.SAV,li-li-one_s3_r1_post.SAV,eafe3c695716,5b38b55c91ae,halfrounds-li-li-one_s3_r1.jsonl,15,9
li-hi-one_s1_r1,li-hi-one,lab,L1 from FLD-RG (labelled synthetic),li,hi,one,1,1,Imperial Conquest 2 lab s1.exe,ok,13,defender,0,15000,0,15000,6000,5559,441,True,False,0,0,loser destroyed,Gaul defeats Rome,,50.0,li-hi-one_start.SAV,li-hi-one_s1_r1_BATTLE01.SAV,li-hi-one_s1_r1_BATTLE13.SAV,li-hi-one_s1_r1_post.SAV,a42aad1ee12e,62c7c6cf2927,halfrounds-li-hi-one_s1_r1.jsonl,13,10
li-hi-one_s2_r1,li-hi-one,lab,L1 from FLD-RG (labelled synthetic),li,hi,one,2,1,Imperial Conquest 2 lab s2.exe,ok,14,defender,0,15000,0,15000,6000,5640,360,True,False,0,0,loser destroyed,Gaul defeats Rome,,50.1,li-hi-one_start.SAV,li-hi-one_s2_r1_BATTLE01.SAV,li-hi-one_s2_r1_BATTLE14.SAV,li-hi-one_s2_r1_post.SAV,92e3226725aa,f93ae7ae8312,halfrounds-li-hi-one_s2_r1.jsonl,12,9
li-hi-one_s3_r1,li-hi-one,lab,L1 from FLD-RG (labelled synthetic),li,hi,one,3,1,Imperial Conquest 2 lab s3.exe,ok,13,defender,0,15000,0,15000,6000,5412,588,True,False,0,0,loser destroyed,Gaul defeats Rome,Offer of peace,56.5,li-hi-one_start.SAV,li-hi-one_s3_r1_BATTLE01.SAV,li-hi-one_s3_r1_BATTLE13.SAV,li-hi-one_s3_r1_post.SAV,508a21bb7e1d,8946a9a2e569,halfrounds-li-hi-one_s3_r1.jsonl,13,10
li-ar-one_s1_r1,li-ar-one,lab,L1 from FLD-RG (labelled synthetic),li,ar,one,1,1,Imperial Conquest 2 lab s1.exe,ok,13,attacker,0,15000,13685,1315,3500,0,3500,False,True,0,0,loser destroyed,Rome defeats Gaul,,50.2,li-ar-one_start.SAV,li-ar-one_s1_r1_BATTLE01.SAV,li-ar-one_s1_r1_BATTLE13.SAV,li-ar-one_s1_r1_post.SAV,c085e68fdfc1,f18ed33600d2,halfrounds-li-ar-one_s1_r1.jsonl,8,3
li-ar-one_s2_r1,li-ar-one,lab,L1 from FLD-RG (labelled synthetic),li,ar,one,2,1,Imperial Conquest 2 lab s2.exe,ok,13,attacker,0,15000,13431,1569,3500,0,3500,False,True,1,0,loser destroyed,Rome defeats Gaul,,50.0,li-ar-one_start.SAV,li-ar-one_s2_r1_BATTLE01.SAV,li-ar-one_s2_r1_BATTLE13.SAV,li-ar-one_s2_r1_post.SAV,385c6b02b906,cad431bba757,halfrounds-li-ar-one_s2_r1.jsonl,5,2
li-ar-one_s3_r1,li-ar-one,lab,L1 from FLD-RG (labelled synthetic),li,ar,one,3,1,Imperial Conquest 2 lab s3.exe,ok,13,attacker,0,15000,13297,1703,3500,0,3500,False,True,0,0,loser destroyed,Rome defeats Gaul,,49.5,li-ar-one_start.SAV,li-ar-one_s3_r1_BATTLE01.SAV,li-ar-one_s3_r1_BATTLE13.SAV,li-ar-one_s3_r1_post.SAV,0939fc872978,d4b133a99176,halfrounds-li-ar-one_s3_r1.jsonl,8,3
li-lc-one_s1_r1,li-lc-one,lab,L1 from FLD-RG (labelled synthetic),li,lc,one,1,1,Imperial Conquest 2 lab s1.exe,ok,17,defender,0,15000,0,15000,7000,5177,1823,True,False,0,0,loser destroyed,Gaul defeats Rome,,49.3,li-lc-one_start.SAV,li-lc-one_s1_r1_BATTLE01.SAV,li-lc-one_s1_r1_BATTLE17.SAV,li-lc-one_s1_r1_post.SAV,d4a0a868040b,37548bb0f75a,halfrounds-li-lc-one_s1_r1.jsonl,15,10
li-lc-one_s2_r1,li-lc-one,lab,L1 from FLD-RG (labelled synthetic),li,lc,one,2,1,Imperial Conquest 2 lab s2.exe,ok,14,defender,0,15000,0,15000,7000,5434,1566,True,False,0,0,loser destroyed,Gaul defeats Rome,Offer of peace,55.5,li-lc-one_start.SAV,li-lc-one_s2_r1_BATTLE01.SAV,li-lc-one_s2_r1_BATTLE14.SAV,li-lc-one_s2_r1_post.SAV,6cdcb7249e7e,3cb8faa61f60,halfrounds-li-lc-one_s2_r1.jsonl,13,8
li-lc-one_s3_r1,li-lc-one,lab,L1 from FLD-RG (labelled synthetic),li,lc,one,3,1,Imperial Conquest 2 lab s3.exe,ok,13,defender,0,15000,0,15000,7000,5695,1305,True,False,0,1,loser destroyed,Gaul defeats Rome,,49.5,li-lc-one_start.SAV,li-lc-one_s3_r1_BATTLE01.SAV,li-lc-one_s3_r1_BATTLE13.SAV,li-lc-one_s3_r1_post.SAV,4aa4e0dcce3e,22723cdc40ca,halfrounds-li-lc-one_s3_r1.jsonl,11,6
li-hc-one_s1_r1,li-hc-one,lab,L1 from FLD-RG (labelled synthetic),li,hc,one,1,1,Imperial Conquest 2 lab s1.exe,ok,21,defender,0,15000,0,15000,2500,781,1719,True,False,0,1,loser destroyed,Gaul defeats Rome,,49.8,li-hc-one_start.SAV,li-hc-one_s1_r1_BATTLE01.SAV,li-hc-one_s1_r1_BATTLE21.SAV,li-hc-one_s1_r1_post.SAV,ef5326f8815f,918a9907d1a5,halfrounds-li-hc-one_s1_r1.jsonl,26,23
li-hc-one_s2_r1,li-hc-one,lab,L1 from FLD-RG (labelled synthetic),li,hc,one,2,1,Imperial Conquest 2 lab s2.exe,ok,20,attacker,0,15000,7033,7967,2500,0,2500,False,True,0,0,loser destroyed,Rome defeats Gaul,,49.7,li-hc-one_start.SAV,li-hc-one_s2_r1_BATTLE01.SAV,li-hc-one_s2_r1_BATTLE20.SAV,li-hc-one_s2_r1_post.SAV,6e156cd0b4aa,1a718b45fa7f,halfrounds-li-hc-one_s2_r1.jsonl,24,21
li-hc-one_s3_r1,li-hc-one,lab,L1 from FLD-RG (labelled synthetic),li,hc,one,3,1,Imperial Conquest 2 lab s3.exe,ok,26,defender,0,15000,0,15000,2500,536,1964,True,False,0,0,loser destroyed,Gaul defeats Rome,Offer of peace,57.2,li-hc-one_start.SAV,li-hc-one_s3_r1_BATTLE01.SAV,li-hc-one_s3_r1_BATTLE26.SAV,li-hc-one_s3_r1_post.SAV,d2d61ab3cae0,2d0b51f06ce5,halfrounds-li-hc-one_s3_r1.jsonl,36,33
li-li-three_s1_r1,li-li-three,lab,L1 from FLD-RG (labelled synthetic),li,li,three,1,1,Imperial Conquest 2 lab s1.exe,ok,20,defender,1,45000,0,45000,45000,20280,24720,True,False,0,1,loser destroyed,Gaul defeats Rome,Offer of peace,58.1,li-li-three_start.SAV,li-li-three_s1_r1_BATTLE01.SAV,li-li-three_s1_r1_BATTLE20.SAV,li-li-three_s1_r1_post.SAV,7dadc1566e46,9aa0a13ef917,halfrounds-li-li-three_s1_r1.jsonl,44,12
li-li-three_s2_r1,li-li-three,lab,L1 from FLD-RG (labelled synthetic),li,li,three,2,1,Imperial Conquest 2 lab s2.exe,ok,20,defender,1,45000,0,45000,45000,22385,22615,True,False,0,1,loser destroyed,Gaul defeats Rome,Offer of peace,57.4,li-li-three_start.SAV,li-li-three_s2_r1_BATTLE01.SAV,li-li-three_s2_r1_BATTLE20.SAV,li-li-three_s2_r1_post.SAV,4c8bf8937ddc,8a6fed6e403d,halfrounds-li-li-three_s2_r1.jsonl,41,4
li-li-three_s3_r1,li-li-three,lab,L1 from FLD-RG (labelled synthetic),li,li,three,3,1,Imperial Conquest 2 lab s3.exe,ok,16,defender,1,45000,0,45000,45000,27440,17560,True,False,0,0,loser destroyed,Gaul defeats Rome,Offer of peace,57.1,li-li-three_start.SAV,li-li-three_s3_r1_BATTLE01.SAV,li-li-three_s3_r1_BATTLE16.SAV,li-li-three_s3_r1_post.SAV,09e0512065ab,2e7d948cb3d9,halfrounds-li-li-three_s3_r1.jsonl,32,8
li-hi-three_s1_r1,li-hi-three,lab,L1 from FLD-RG (labelled synthetic),li,hi,three,1,1,Imperial Conquest 2 lab s1.exe,ok,14,defender,0,45000,0,45000,18000,16070,1930,True,False,0,0,loser destroyed,Gaul defeats Rome,,50.0,li-hi-three_start.SAV,li-hi-three_s1_r1_BATTLE01.SAV,li-hi-three_s1_r1_BATTLE14.SAV,li-hi-three_s1_r1_post.SAV,d14f4e43db58,f807e5c2cfae,halfrounds-li-hi-three_s1_r1.jsonl,34,2
li-hi-three_s2_r1,li-hi-three,lab,L1 from FLD-RG (labelled synthetic),li,hi,three,2,1,Imperial Conquest 2 lab s2.exe,ok,16,defender,0,45000,0,45000,18000,16326,1674,True,False,0,1,loser destroyed,Gaul defeats Rome,,51.3,li-hi-three_start.SAV,li-hi-three_s2_r1_BATTLE01.SAV,li-hi-three_s2_r1_BATTLE16.SAV,li-hi-three_s2_r1_post.SAV,e514a27fdf2d,73e3822028bc,halfrounds-li-hi-three_s2_r1.jsonl,33,7
li-hi-three_s3_r1,li-hi-three,lab,L1 from FLD-RG (labelled synthetic),li,hi,three,3,1,Imperial Conquest 2 lab s3.exe,ok,14,defender,0,45000,0,45000,18000,16202,1798,True,False,0,0,loser destroyed,Gaul defeats Rome,Offer of peace,57.3,li-hi-three_start.SAV,li-hi-three_s3_r1_BATTLE01.SAV,li-hi-three_s3_r1_BATTLE14.SAV,li-hi-three_s3_r1_post.SAV,605faefcf4c8,d1df64f4de77,halfrounds-li-hi-three_s3_r1.jsonl,34,2
li-ar-three_s1_r1,li-ar-three,lab,L1 from FLD-RG (labelled synthetic),li,ar,three,1,1,Imperial Conquest 2 lab s1.exe,ok,13,attacker,0,45000,40524,4476,10500,0,10500,False,True,0,0,loser destroyed,Rome defeats Gaul,,50.5,li-ar-three_start.SAV,li-ar-three_s1_r1_BATTLE01.SAV,li-ar-three_s1_r1_BATTLE13.SAV,li-ar-three_s1_r1_post.SAV,333be491cfe6,bcbba661198c,halfrounds-li-ar-three_s1_r1.jsonl,15,0
li-ar-three_s2_r1,li-ar-three,lab,L1 from FLD-RG (labelled synthetic),li,ar,three,2,1,Imperial Conquest 2 lab s2.exe,ok,13,attacker,1,45000,40894,4106,10500,0,10500,False,True,0,0,loser destroyed,Rome defeats Gaul,,51.5,li-ar-three_start.SAV,li-ar-three_s2_r1_BATTLE01.SAV,li-ar-three_s2_r1_BATTLE13.SAV,li-ar-three_s2_r1_post.SAV,a422805dcb49,35863772546c,halfrounds-li-ar-three_s2_r1.jsonl,16,0
li-ar-three_s3_r1,li-ar-three,lab,L1 from FLD-RG (labelled synthetic),li,ar,three,3,1,Imperial Conquest 2 lab s3.exe,ok,13,attacker,0,45000,41173,3827,10500,0,10500,False,True,0,0,loser destroyed,Rome defeats Gaul,,50.9,li-ar-three_start.SAV,li-ar-three_s3_r1_BATTLE01.SAV,li-ar-three_s3_r1_BATTLE13.SAV,li-ar-three_s3_r1_post.SAV,8380ed176d26,a3239f036426,halfrounds-li-ar-three_s3_r1.jsonl,15,0
li-lc-three_s1_r1,li-lc-three,lab,L1 from FLD-RG (labelled synthetic),li,lc,three,1,1,Imperial Conquest 2 lab s1.exe,ok,14,defender,1,45000,0,45000,21000,14496,6504,True,False,0,0,loser destroyed,Gaul defeats Rome,Offer of peace,57.3,li-lc-three_start.SAV,li-lc-three_s1_r1_BATTLE01.SAV,li-lc-three_s1_r1_BATTLE14.SAV,li-lc-three_s1_r1_post.SAV,87a5067a3ab1,eb1f8db21f3b,halfrounds-li-lc-three_s1_r1.jsonl,26,2
li-lc-three_s2_r1,li-lc-three,lab,L1 from FLD-RG (labelled synthetic),li,lc,three,2,1,Imperial Conquest 2 lab s2.exe,ok,18,defender,0,45000,0,45000,21000,13279,7721,True,False,0,1,loser destroyed,Gaul defeats Rome,Offer of peace,56.5,li-lc-three_start.SAV,li-lc-three_s2_r1_BATTLE01.SAV,li-lc-three_s2_r1_BATTLE18.SAV,li-lc-three_s2_r1_post.SAV,d8c296596af8,6956dbc83b48,halfrounds-li-lc-three_s2_r1.jsonl,37,4
li-lc-three_s3_r1,li-lc-three,lab,L1 from FLD-RG (labelled synthetic),li,lc,three,3,1,Imperial Conquest 2 lab s3.exe,ok,20,defender,1,45000,0,45000,21000,11322,9678,True,False,0,1,loser destroyed,Gaul defeats Rome,Offer of peace,57.2,li-lc-three_start.SAV,li-lc-three_s3_r1_BATTLE01.SAV,li-lc-three_s3_r1_BATTLE20.SAV,li-lc-three_s3_r1_post.SAV,21c0de4316e3,2e25f1e148ab,halfrounds-li-lc-three_s3_r1.jsonl,42,9
li-hc-three_s1_r1,li-hc-three,lab,L1 from FLD-RG (labelled synthetic),li,hc,three,1,1,Imperial Conquest 2 lab s1.exe,ok,22,attacker,0,45000,21479,23521,7500,0,7500,False,True,1,0,loser destroyed,Rome defeats Gaul,,51.3,li-hc-three_start.SAV,li-hc-three_s1_r1_BATTLE01.SAV,li-hc-three_s1_r1_BATTLE22.SAV,li-hc-three_s1_r1_post.SAV,742a1387194e,4afdf3f07ab3,halfrounds-li-hc-three_s1_r1.jsonl,46,11
li-hc-three_s2_r1,li-hc-three,lab,L1 from FLD-RG (labelled synthetic),li,hc,three,2,1,Imperial Conquest 2 lab s2.exe,ok,23,attacker,0,45000,19133,25867,7500,0,7500,False,True,0,0,loser destroyed,Rome defeats Gaul,,51.7,li-hc-three_start.SAV,li-hc-three_s2_r1_BATTLE01.SAV,li-hc-three_s2_r1_BATTLE23.SAV,li-hc-three_s2_r1_post.SAV,1da8b9e6a3f1,5580c379f227,halfrounds-li-hc-three_s2_r1.jsonl,46,13
li-hc-three_s3_r1,li-hc-three,lab,L1 from FLD-RG (labelled synthetic),li,hc,three,3,1,Imperial Conquest 2 lab s3.exe,ok,23,attacker,0,45000,18213,26787,7500,0,7500,False,True,1,0,loser destroyed,Rome defeats Gaul,,50.3,li-hc-three_start.SAV,li-hc-three_s3_r1_BATTLE01.SAV,li-hc-three_s3_r1_BATTLE23.SAV,li-hc-three_s3_r1_post.SAV,bd776adab120,a35bf18f2af5,halfrounds-li-hc-three_s3_r1.jsonl,46,12
hi-li-half_s1_r1,hi-li-half,lab,L1 from FLD-RG (labelled synthetic),hi,li,half,1,1,Imperial Conquest 2 lab s1.exe,ok,11,attacker,0,3000,2696,304,7500,0,7500,False,True,1,0,loser destroyed,Rome defeats Gaul,,49.2,hi-li-half_start.SAV,hi-li-half_s1_r1_BATTLE01.SAV,hi-li-half_s1_r1_BATTLE11.SAV,hi-li-half_s1_r1_post.SAV,06dc11f17250,4d23d9f63a66,halfrounds-hi-li-half_s1_r1.jsonl,11,8
hi-li-half_s2_r1,hi-li-half,lab,L1 from FLD-RG (labelled synthetic),hi,li,half,2,1,Imperial Conquest 2 lab s2.exe,ok,10,attacker,0,3000,2683,317,7500,0,7500,False,True,1,0,loser destroyed,Rome defeats Gaul,,49.4,hi-li-half_start.SAV,hi-li-half_s2_r1_BATTLE01.SAV,hi-li-half_s2_r1_BATTLE10.SAV,hi-li-half_s2_r1_post.SAV,a02c19e8a346,965370a30e9e,halfrounds-hi-li-half_s2_r1.jsonl,9,6
hi-li-half_s3_r1,hi-li-half,lab,L1 from FLD-RG (labelled synthetic),hi,li,half,3,1,Imperial Conquest 2 lab s3.exe,ok,11,attacker,0,3000,2717,283,7500,0,7500,False,True,1,0,loser destroyed,Rome defeats Gaul,,50.1,hi-li-half_start.SAV,hi-li-half_s3_r1_BATTLE01.SAV,hi-li-half_s3_r1_BATTLE11.SAV,hi-li-half_s3_r1_post.SAV,b26968dc6015,fea7ddc414fa,halfrounds-hi-li-half_s3_r1.jsonl,11,8
hi-hi-half_s1_r1,hi-hi-half,lab,L1 from FLD-RG (labelled synthetic),hi,hi,half,1,1,Imperial Conquest 2 lab s1.exe,ok,18,defender,0,3000,0,3000,3000,1489,1511,True,False,0,0,loser destroyed,Gaul defeats Rome,,49.9,hi-hi-half_start.SAV,hi-hi-half_s1_r1_BATTLE01.SAV,hi-hi-half_s1_r1_BATTLE18.SAV,hi-hi-half_s1_r1_post.SAV,872d70c96a9c,472b70c47adf,halfrounds-hi-hi-half_s1_r1.jsonl,24,24
hi-hi-half_s2_r1,hi-hi-half,lab,L1 from FLD-RG (labelled synthetic),hi,hi,half,2,1,Imperial Conquest 2 lab s2.exe,ok,17,defender,0,3000,0,3000,3000,1414,1586,True,False,0,0,loser destroyed,Gaul defeats Rome,Offer of peace,55.4,hi-hi-half_start.SAV,hi-hi-half_s2_r1_BATTLE01.SAV,hi-hi-half_s2_r1_BATTLE17.SAV,hi-hi-half_s2_r1_post.SAV,8b936c33d603,6ebff5f73da5,halfrounds-hi-hi-half_s2_r1.jsonl,22,22
hi-hi-half_s3_r1,hi-hi-half,lab,L1 from FLD-RG (labelled synthetic),hi,hi,half,3,1,Imperial Conquest 2 lab s3.exe,ok,13,defender,0,3000,0,3000,3000,2113,887,True,False,0,0,loser destroyed,Gaul defeats Rome,,49.1,hi-hi-half_start.SAV,hi-hi-half_s3_r1_BATTLE01.SAV,hi-hi-half_s3_r1_BATTLE13.SAV,hi-hi-half_s3_r1_post.SAV,f2a3d52cac21,65827e313a7d,halfrounds-hi-hi-half_s3_r1.jsonl,14,14
hi-ar-half_s1_r1,hi-ar-half,lab,L1 from FLD-RG (labelled synthetic),hi,ar,half,1,1,Imperial Conquest 2 lab s1.exe,ok,15,attacker,0,3000,2852,148,1750,0,1750,False,True,0,0,loser destroyed,Rome defeats Gaul,,49.4,hi-ar-half_start.SAV,hi-ar-half_s1_r1_BATTLE01.SAV,hi-ar-half_s1_r1_BATTLE15.SAV,hi-ar-half_s1_r1_post.SAV,1c6565e4fa2f,a9770b0ee16f,halfrounds-hi-ar-half_s1_r1.jsonl,9,5
hi-ar-half_s2_r1,hi-ar-half,lab,L1 from FLD-RG (labelled synthetic),hi,ar,half,2,1,Imperial Conquest 2 lab s2.exe,ok,15,attacker,0,3000,2839,161,1750,0,1750,False,True,0,0,loser destroyed,Rome defeats Gaul,,51.1,hi-ar-half_start.SAV,hi-ar-half_s2_r1_BATTLE01.SAV,hi-ar-half_s2_r1_BATTLE15.SAV,hi-ar-half_s2_r1_post.SAV,8ff7ea4de006,f7fb8563c2ee,halfrounds-hi-ar-half_s2_r1.jsonl,9,5
hi-ar-half_s3_r1,hi-ar-half,lab,L1 from FLD-RG (labelled synthetic),hi,ar,half,3,1,Imperial Conquest 2 lab s3.exe,ok,15,attacker,0,3000,2856,144,1750,0,1750,False,True,0,0,loser destroyed,Rome defeats Gaul,,51.1,hi-ar-half_start.SAV,hi-ar-half_s3_r1_BATTLE01.SAV,hi-ar-half_s3_r1_BATTLE15.SAV,hi-ar-half_s3_r1_post.SAV,65c3b192fa29,b70ec54fa622,halfrounds-hi-ar-half_s3_r1.jsonl,9,5
hi-lc-half_s1_r1,hi-lc-half,lab,L1 from FLD-RG (labelled synthetic),hi,lc,half,1,1,Imperial Conquest 2 lab s1.exe,ok,15,attacker,0,3000,1552,1448,3500,0,3500,False,True,0,0,loser destroyed,Rome defeats Gaul,,49.5,hi-lc-half_start.SAV,hi-lc-half_s1_r1_BATTLE01.SAV,hi-lc-half_s1_r1_BATTLE15.SAV,hi-lc-half_s1_r1_post.SAV,e272eab13d71,0999abb3ee23,halfrounds-hi-lc-half_s1_r1.jsonl,19,17
hi-lc-half_s2_r1,hi-lc-half,lab,L1 from FLD-RG (labelled synthetic),hi,lc,half,2,1,Imperial Conquest 2 lab s2.exe,ok,15,attacker,0,3000,1759,1241,3500,0,3500,False,True,0,0,loser destroyed,Rome defeats Gaul,,49.4,hi-lc-half_start.SAV,hi-lc-half_s2_r1_BATTLE01.SAV,hi-lc-half_s2_r1_BATTLE15.SAV,hi-lc-half_s2_r1_post.SAV,38fb4fb0b5e9,d988c35c2089,halfrounds-hi-lc-half_s2_r1.jsonl,19,17
hi-lc-half_s3_r1,hi-lc-half,lab,L1 from FLD-RG (labelled synthetic),hi,lc,half,3,1,Imperial Conquest 2 lab s3.exe,ok,15,attacker,0,3000,1943,1057,3500,0,3500,False,True,0,0,loser destroyed,Rome defeats Gaul,,49.1,hi-lc-half_start.SAV,hi-lc-half_s3_r1_BATTLE01.SAV,hi-lc-half_s3_r1_BATTLE15.SAV,hi-lc-half_s3_r1_post.SAV,445655b1fdc6,e2b20a42325d,halfrounds-hi-lc-half_s3_r1.jsonl,19,17
hi-hc-half_s1_r1,hi-hc-half,lab,L1 from FLD-RG (labelled synthetic),hi,hc,half,1,1,Imperial Conquest 2 lab s1.exe,ok,14,attacker,0,3000,2119,881,1250,0,1250,False,True,1,0,loser destroyed,Rome defeats Gaul,,49.1,hi-hc-half_start.SAV,hi-hc-half_s1_r1_BATTLE01.SAV,hi-hc-half_s1_r1_BATTLE14.SAV,hi-hc-half_s1_r1_post.SAV,22113ee64d11,d259b24c0465,halfrounds-hi-hc-half_s1_r1.jsonl,16,16
hi-hc-half_s2_r1,hi-hc-half,lab,L1 from FLD-RG (labelled synthetic),hi,hc,half,2,1,Imperial Conquest 2 lab s2.exe,ok,13,attacker,0,3000,2235,765,1250,0,1250,False,True,0,0,loser destroyed,Rome defeats Gaul,,49.2,hi-hc-half_start.SAV,hi-hc-half_s2_r1_BATTLE01.SAV,hi-hc-half_s2_r1_BATTLE13.SAV,hi-hc-half_s2_r1_post.SAV,bc952bed8278,0d592c6c16e3,halfrounds-hi-hc-half_s2_r1.jsonl,14,14
hi-hc-half_s3_r1,hi-hc-half,lab,L1 from FLD-RG (labelled synthetic),hi,hc,half,3,1,Imperial Conquest 2 lab s3.exe,ok,17,attacker,0,3000,1627,1373,1250,0,1250,False,True,0,0,loser destroyed,Rome defeats Gaul,,49.9,hi-hc-half_start.SAV,hi-hc-half_s3_r1_BATTLE01.SAV,hi-hc-half_s3_r1_BATTLE17.SAV,hi-hc-half_s3_r1_post.SAV,43078ed7c72b,09100605b9d5,halfrounds-hi-hc-half_s3_r1.jsonl,18,18
hi-li-one_s2_r1,hi-li-one,lab,L1 from FLD-RG (labelled synthetic),hi,li,one,2,1,Imperial Conquest 2 lab s2.exe,ok,12,attacker,0,6000,5392,608,15000,0,15000,False,True,0,0,loser destroyed,Rome defeats Gaul,,49.5,hi-li-one_start.SAV,hi-li-one_s2_r1_BATTLE01.SAV,hi-li-one_s2_r1_BATTLE12.SAV,hi-li-one_s2_r1_post.SAV,48b6a633ce40,a75a3593a78f,halfrounds-hi-li-one_s2_r1.jsonl,13,10
hi-li-one_s3_r1,hi-li-one,lab,L1 from FLD-RG (labelled synthetic),hi,li,one,3,1,Imperial Conquest 2 lab s3.exe,ok,12,attacker,0,6000,5467,533,15000,0,15000,False,True,0,0,loser destroyed,Rome defeats Gaul,,49.0,hi-li-one_start.SAV,hi-li-one_s3_r1_BATTLE01.SAV,hi-li-one_s3_r1_BATTLE12.SAV,hi-li-one_s3_r1_post.SAV,ec191466b574,14b6c693ffad,halfrounds-hi-li-one_s3_r1.jsonl,13,10
hi-ar-one_s1_r1,hi-ar-one,lab,L1 from FLD-RG (labelled synthetic),hi,ar,one,1,1,Imperial Conquest 2 lab s1.exe,ok,18,attacker,0,6000,5683,317,3500,0,3500,False,True,0,0,loser destroyed,Rome defeats Gaul,,50.1,hi-ar-one_start.SAV,hi-ar-one_s1_r1_BATTLE01.SAV,hi-ar-one_s1_r1_BATTLE18.SAV,hi-ar-one_s1_r1_post.SAV,48606af8293b,46b0d6278511,halfrounds-hi-ar-one_s1_r1.jsonl,13,7
hi-ar-one_s2_r1,hi-ar-one,lab,L1 from FLD-RG (labelled synthetic),hi,ar,one,2,1,Imperial Conquest 2 lab s2.exe,ok,18,attacker,0,6000,5658,342,3500,0,3500,False,True,1,0,loser destroyed,Rome defeats Gaul,,49.9,hi-ar-one_start.SAV,hi-ar-one_s2_r1_BATTLE01.SAV,hi-ar-one_s2_r1_BATTLE18.SAV,hi-ar-one_s2_r1_post.SAV,074800ef6f86,e8c2e0adc472,halfrounds-hi-ar-one_s2_r1.jsonl,13,7
hi-ar-one_s3_r1,hi-ar-one,lab,L1 from FLD-RG (labelled synthetic),hi,ar,one,3,1,Imperial Conquest 2 lab s3.exe,ok,18,attacker,0,6000,5701,299,3500,0,3500,False,True,0,0,loser destroyed,Rome defeats Gaul,,49.9,hi-ar-one_start.SAV,hi-ar-one_s3_r1_BATTLE01.SAV,hi-ar-one_s3_r1_BATTLE18.SAV,hi-ar-one_s3_r1_post.SAV,c395d4a4f5a2,3425434081a5,halfrounds-hi-ar-one_s3_r1.jsonl,13,7
hi-lc-one_s1_r1,hi-lc-one,lab,L1 from FLD-RG (labelled synthetic),hi,lc,one,1,1,Imperial Conquest 2 lab s1.exe,ok,16,attacker,0,6000,3076,2924,7000,0,7000,False,True,0,0,loser destroyed,Rome defeats Gaul,,49.3,hi-lc-one_start.SAV,hi-lc-one_s1_r1_BATTLE01.SAV,hi-lc-one_s1_r1_BATTLE16.SAV,hi-lc-one_s1_r1_post.SAV,3d73a26062af,1f83099c8ba6,halfrounds-hi-lc-one_s1_r1.jsonl,21,19
hi-lc-one_s2_r1,hi-lc-one,lab,L1 from FLD-RG (labelled synthetic),hi,lc,one,2,1,Imperial Conquest 2 lab s2.exe,ok,16,attacker,0,6000,3593,2407,7000,0,7000,False,True,0,0,loser destroyed,Rome defeats Gaul,,49.5,hi-lc-one_start.SAV,hi-lc-one_s2_r1_BATTLE01.SAV,hi-lc-one_s2_r1_BATTLE16.SAV,hi-lc-one_s2_r1_post.SAV,34630f382602,b3ae5923d342,halfrounds-hi-lc-one_s2_r1.jsonl,21,19
hi-lc-one_s3_r1,hi-lc-one,lab,L1 from FLD-RG (labelled synthetic),hi,lc,one,3,1,Imperial Conquest 2 lab s3.exe,ok,16,attacker,0,6000,3894,2106,7000,0,7000,False,True,1,0,loser destroyed,Rome defeats Gaul,,49.8,hi-lc-one_start.SAV,hi-lc-one_s3_r1_BATTLE01.SAV,hi-lc-one_s3_r1_BATTLE16.SAV,hi-lc-one_s3_r1_post.SAV,5973c685ca14,77d51144dd4c,halfrounds-hi-lc-one_s3_r1.jsonl,21,19
hi-hc-one_s1_r1,hi-hc-one,lab,L1 from FLD-RG (labelled synthetic),hi,hc,one,1,1,Imperial Conquest 2 lab s1.exe,ok,16,attacker,0,6000,4214,1786,2500,0,2500,False,True,0,0,loser destroyed,Rome defeats Gaul,,49.5,hi-hc-one_start.SAV,hi-hc-one_s1_r1_BATTLE01.SAV,hi-hc-one_s1_r1_BATTLE16.SAV,hi-hc-one_s1_r1_post.SAV,c6efbdc3c319,fa18f1cbb922,halfrounds-hi-hc-one_s1_r1.jsonl,20,20
hi-hc-one_s2_r1,hi-hc-one,lab,L1 from FLD-RG (labelled synthetic),hi,hc,one,2,1,Imperial Conquest 2 lab s2.exe,ok,14,attacker,0,6000,4475,1525,2500,0,2500,False,True,1,0,loser destroyed,Rome defeats Gaul,,49.8,hi-hc-one_start.SAV,hi-hc-one_s2_r1_BATTLE01.SAV,hi-hc-one_s2_r1_BATTLE14.SAV,hi-hc-one_s2_r1_post.SAV,ab4d93fd64e4,da8652b72cdb,halfrounds-hi-hc-one_s2_r1.jsonl,16,16
hi-hc-one_s3_r1,hi-hc-one,lab,L1 from FLD-RG (labelled synthetic),hi,hc,one,3,1,Imperial Conquest 2 lab s3.exe,ok,18,attacker,0,6000,3256,2744,2500,0,2500,False,True,0,0,loser destroyed,Rome defeats Gaul,,49.8,hi-hc-one_start.SAV,hi-hc-one_s3_r1_BATTLE01.SAV,hi-hc-one_s3_r1_BATTLE18.SAV,hi-hc-one_s3_r1_post.SAV,2ad72030d0f5,b7391b445f50,halfrounds-hi-hc-one_s3_r1.jsonl,20,20
hi-li-three_s1_r1,hi-li-three,lab,L1 from FLD-RG (labelled synthetic),hi,li,three,1,1,Imperial Conquest 2 lab s1.exe,ok,15,attacker,0,18000,15609,2391,45000,0,45000,False,True,1,0,loser destroyed,Rome defeats Gaul,,49.7,hi-li-three_start.SAV,hi-li-three_s1_r1_BATTLE01.SAV,hi-li-three_s1_r1_BATTLE15.SAV,hi-li-three_s1_r1_post.SAV,a7a441730b44,6fbc5884eb35,halfrounds-hi-li-three_s1_r1.jsonl,36,11
hi-li-three_s2_r1,hi-li-three,lab,L1 from FLD-RG (labelled synthetic),hi,li,three,2,1,Imperial Conquest 2 lab s2.exe,ok,13,attacker,0,18000,16107,1893,45000,0,45000,False,True,1,0,loser destroyed,Rome defeats Gaul,,49.7,hi-li-three_start.SAV,hi-li-three_s2_r1_BATTLE01.SAV,hi-li-three_s2_r1_BATTLE13.SAV,hi-li-three_s2_r1_post.SAV,f062c69a43b0,59dc4e2044b7,halfrounds-hi-li-three_s2_r1.jsonl,38,11
hi-li-three_s3_r1,hi-li-three,lab,L1 from FLD-RG (labelled synthetic),hi,li,three,3,1,Imperial Conquest 2 lab s3.exe,ok,15,attacker,0,18000,15793,2207,45000,0,45000,False,True,0,0,loser destroyed,Rome defeats Gaul,,51.0,hi-li-three_start.SAV,hi-li-three_s3_r1_BATTLE01.SAV,hi-li-three_s3_r1_BATTLE15.SAV,hi-li-three_s3_r1_post.SAV,ac11500e4044,6e0df8ac6713,halfrounds-hi-li-three_s3_r1.jsonl,35,3
hi-hi-three_s1_r1,hi-hi-three,lab,L1 from FLD-RG (labelled synthetic),hi,hi,three,1,1,Imperial Conquest 2 lab s1.exe,ok,34,attacker,0,18000,2683,15317,18000,0,18000,False,True,1,0,loser destroyed,Rome defeats Gaul,,51.2,hi-hi-three_start.SAV,hi-hi-three_s1_r1_BATTLE01.SAV,hi-hi-three_s1_r1_BATTLE34.SAV,hi-hi-three_s1_r1_post.SAV,eff226af50a3,9d24cc3d21bd,halfrounds-hi-hi-three_s1_r1.jsonl,84,31
hi-hi-three_s2_r1,hi-hi-three,lab,L1 from FLD-RG (labelled synthetic),hi,hi,three,2,1,Imperial Conquest 2 lab s2.exe,ok,28,defender,0,18000,0,18000,18000,6256,11744,True,False,0,2,loser destroyed,Gaul defeats Rome,Offer of peace,56.6,hi-hi-three_start.SAV,hi-hi-three_s2_r1_BATTLE01.SAV,hi-hi-three_s2_r1_BATTLE28.SAV,hi-hi-three_s2_r1_post.SAV,abdbca5ef04d,4f5ce4df7b44,halfrounds-hi-hi-three_s2_r1.jsonl,81,25
hi-hi-three_s3_r1,hi-hi-three,lab,L1 from FLD-RG (labelled synthetic),hi,hi,three,3,1,Imperial Conquest 2 lab s3.exe,ok,30,defender,0,18000,0,18000,18000,3722,14278,True,False,0,0,loser destroyed,Gaul defeats Rome,Offer of peace,56.8,hi-hi-three_start.SAV,hi-hi-three_s3_r1_BATTLE01.SAV,hi-hi-three_s3_r1_BATTLE30.SAV,hi-hi-three_s3_r1_post.SAV,9f6cc59946ea,3904972ba1fc,halfrounds-hi-hi-three_s3_r1.jsonl,71,31
hi-ar-three_s1_r1,hi-ar-three,lab,L1 from FLD-RG (labelled synthetic),hi,ar,three,1,1,Imperial Conquest 2 lab s1.exe,ok,20,attacker,1,18000,16748,1252,10500,0,10500,False,True,1,0,loser destroyed,Rome defeats Gaul,,50.7,hi-ar-three_start.SAV,hi-ar-three_s1_r1_BATTLE01.SAV,hi-ar-three_s1_r1_BATTLE20.SAV,hi-ar-three_s1_r1_post.SAV,f6a2101642c9,5b848ef8ff6d,halfrounds-hi-ar-three_s1_r1.jsonl,35,4
hi-ar-three_s2_r1,hi-ar-three,lab,L1 from FLD-RG (labelled synthetic),hi,ar,three,2,1,Imperial Conquest 2 lab s2.exe,ok,21,attacker,1,18000,16503,1497,10500,0,10500,False,True,1,0,loser destroyed,Rome defeats Gaul,,50.8,hi-ar-three_start.SAV,hi-ar-three_s2_r1_BATTLE01.SAV,hi-ar-three_s2_r1_BATTLE21.SAV,hi-ar-three_s2_r1_post.SAV,4465147ed9ab,59d9c2491b31,halfrounds-hi-ar-three_s2_r1.jsonl,31,5
hi-ar-three_s3_r1,hi-ar-three,lab,L1 from FLD-RG (labelled synthetic),hi,ar,three,3,1,Imperial Conquest 2 lab s3.exe,ok,19,attacker,1,18000,17003,997,10500,0,10500,False,True,1,0,loser destroyed,Rome defeats Gaul,,51.3,hi-ar-three_start.SAV,hi-ar-three_s3_r1_BATTLE01.SAV,hi-ar-three_s3_r1_BATTLE19.SAV,hi-ar-three_s3_r1_post.SAV,620a26747664,71e2403075a2,halfrounds-hi-ar-three_s3_r1.jsonl,30,1
hi-lc-three_s1_r1,hi-lc-three,lab,L1 from FLD-RG (labelled synthetic),hi,lc,three,1,1,Imperial Conquest 2 lab s1.exe,ok,19,attacker,0,18000,9994,8006,21000,0,21000,False,True,1,0,loser destroyed,Rome defeats Gaul,,50.5,hi-lc-three_start.SAV,hi-lc-three_s1_r1_BATTLE01.SAV,hi-lc-three_s1_r1_BATTLE19.SAV,hi-lc-three_s1_r1_post.SAV,b13450dd7e44,a806692643c6,halfrounds-hi-lc-three_s1_r1.jsonl,59,9
hi-lc-three_s2_r1,hi-lc-three,lab,L1 from FLD-RG (labelled synthetic),hi,lc,three,2,1,Imperial Conquest 2 lab s2.exe,ok,23,attacker,1,18000,7255,10745,21000,0,21000,False,True,0,0,loser destroyed,Rome defeats Gaul,,51.1,hi-lc-three_start.SAV,hi-lc-three_s2_r1_BATTLE01.SAV,hi-lc-three_s2_r1_BATTLE23.SAV,hi-lc-three_s2_r1_post.SAV,5136ab2bb95d,5fe1a7ba1ca0,halfrounds-hi-lc-three_s2_r1.jsonl,60,12
hi-lc-three_s3_r1,hi-lc-three,lab,L1 from FLD-RG (labelled synthetic),hi,lc,three,3,1,Imperial Conquest 2 lab s3.exe,ok,21,attacker,1,18000,7977,10023,21000,0,21000,False,True,0,0,loser destroyed,Rome defeats Gaul,,51.2,hi-lc-three_start.SAV,hi-lc-three_s3_r1_BATTLE01.SAV,hi-lc-three_s3_r1_BATTLE21.SAV,hi-lc-three_s3_r1_post.SAV,26ec31935cd8,7cc96ddbd8c0,halfrounds-hi-lc-three_s3_r1.jsonl,58,22
hi-hc-three_s1_r1,hi-hc-three,lab,L1 from FLD-RG (labelled synthetic),hi,hc,three,1,1,Imperial Conquest 2 lab s1.exe,ok,23,attacker,0,18000,9337,8663,7500,0,7500,False,True,0,0,loser destroyed,Rome defeats Gaul,,50.0,hi-hc-three_start.SAV,hi-hc-three_s1_r1_BATTLE01.SAV,hi-hc-three_s1_r1_BATTLE23.SAV,hi-hc-three_s1_r1_post.SAV,0bed02fb8d4f,3db3e378eb66,halfrounds-hi-hc-three_s1_r1.jsonl,52,13
hi-hc-three_s2_r1,hi-hc-three,lab,L1 from FLD-RG (labelled synthetic),hi,hc,three,2,1,Imperial Conquest 2 lab s2.exe,ok,25,attacker,0,18000,6722,11278,7500,0,7500,False,True,0,0,loser destroyed,Rome defeats Gaul,,50.4,hi-hc-three_start.SAV,hi-hc-three_s2_r1_BATTLE01.SAV,hi-hc-three_s2_r1_BATTLE25.SAV,hi-hc-three_s2_r1_post.SAV,fb8ffb852939,19580d7a4953,halfrounds-hi-hc-three_s2_r1.jsonl,60,7
hi-hc-three_s3_r1,hi-hc-three,lab,L1 from FLD-RG (labelled synthetic),hi,hc,three,3,1,Imperial Conquest 2 lab s3.exe,ok,23,attacker,0,18000,8977,9023,7500,0,7500,False,True,0,0,loser destroyed,Rome defeats Gaul,,49.9,hi-hc-three_start.SAV,hi-hc-three_s3_r1_BATTLE01.SAV,hi-hc-three_s3_r1_BATTLE23.SAV,hi-hc-three_s3_r1_post.SAV,7a0693b91ca4,8632fc07b433,halfrounds-hi-hc-three_s3_r1.jsonl,59,21
ar-li-half_s1_r1,ar-li-half,lab,L1 from FLD-RG (labelled synthetic),ar,li,half,1,1,Imperial Conquest 2 lab s1.exe,ok,10,defender,0,1750,0,1750,7500,7250,250,True,False,0,0,loser destroyed,Gaul defeats Rome,,49.5,ar-li-half_start.SAV,ar-li-half_s1_r1_BATTLE01.SAV,ar-li-half_s1_r1_BATTLE10.SAV,ar-li-half_s1_r1_post.SAV,a8f2052540f9,947f89d64182,halfrounds-ar-li-half_s1_r1.jsonl,4,1
ar-li-half_s2_r1,ar-li-half,lab,L1 from FLD-RG (labelled synthetic),ar,li,half,2,1,Imperial Conquest 2 lab s2.exe,ok,10,defender,0,1750,0,1750,7500,7250,250,True,False,0,0,loser destroyed,Gaul defeats Rome,,50.3,ar-li-half_start.SAV,ar-li-half_s2_r1_BATTLE01.SAV,ar-li-half_s2_r1_BATTLE10.SAV,ar-li-half_s2_r1_post.SAV,a8f2052540f9,f51ba6e8d298,halfrounds-ar-li-half_s2_r1.jsonl,4,1
ar-li-half_s3_r1,ar-li-half,lab,L1 from FLD-RG (labelled synthetic),ar,li,half,3,1,Imperial Conquest 2 lab s3.exe,ok,10,defender,0,1750,0,1750,7500,7346,154,True,False,0,0,loser destroyed,Gaul defeats Rome,,50.0,ar-li-half_start.SAV,ar-li-half_s3_r1_BATTLE01.SAV,ar-li-half_s3_r1_BATTLE10.SAV,ar-li-half_s3_r1_post.SAV,ba25df4e3a10,bb7edb0edc62,halfrounds-ar-li-half_s3_r1.jsonl,4,1
ar-hi-half_s1_r1,ar-hi-half,lab,L1 from FLD-RG (labelled synthetic),ar,hi,half,1,1,Imperial Conquest 2 lab s1.exe,ok,16,defender,0,1750,0,1750,3000,2879,121,True,False,0,0,loser destroyed,Gaul defeats Rome,,49.5,ar-hi-half_start.SAV,ar-hi-half_s1_r1_BATTLE01.SAV,ar-hi-half_s1_r1_BATTLE16.SAV,ar-hi-half_s1_r1_post.SAV,45e77188ff65,0d153a32c147,halfrounds-ar-hi-half_s1_r1.jsonl,9,4
ar-hi-half_s2_r1,ar-hi-half,lab,L1 from FLD-RG (labelled synthetic),ar,hi,half,2,1,Imperial Conquest 2 lab s2.exe,ok,16,defender,0,1750,0,1750,3000,2849,151,True,False,0,0,loser destroyed,Gaul defeats Rome,Offer of peace,56.2,ar-hi-half_start.SAV,ar-hi-half_s2_r1_BATTLE01.SAV,ar-hi-half_s2_r1_BATTLE16.SAV,ar-hi-half_s2_r1_post.SAV,288a7ab870e3,1012c138b0ac,halfrounds-ar-hi-half_s2_r1.jsonl,9,4
ar-hi-half_s3_r1,ar-hi-half,lab,L1 from FLD-RG (labelled synthetic),ar,hi,half,3,1,Imperial Conquest 2 lab s3.exe,ok,16,defender,0,1750,0,1750,3000,2855,145,True,False,0,0,loser destroyed,Gaul defeats Rome,,49.5,ar-hi-half_start.SAV,ar-hi-half_s3_r1_BATTLE01.SAV,ar-hi-half_s3_r1_BATTLE16.SAV,ar-hi-half_s3_r1_post.SAV,e2a45e5acd30,2240979ef17a,halfrounds-ar-hi-half_s3_r1.jsonl,9,4
ar-ar-half_s1_r1,ar-ar-half,lab,L1 from FLD-RG (labelled synthetic),ar,ar,half,1,1,Imperial Conquest 2 lab s1.exe,ok,16,defender,0,1750,0,1750,1750,1094,656,True,False,0,0,loser destroyed,Gaul defeats Rome,Offer of peace,55.9,ar-ar-half_start.SAV,ar-ar-half_s1_r1_BATTLE01.SAV,ar-ar-half_s1_r1_BATTLE16.SAV,ar-ar-half_s1_r1_post.SAV,7070e3ce38f9,873c6dc2fa99,halfrounds-ar-ar-half_s1_r1.jsonl,9,9
ar-ar-half_s2_r1,ar-ar-half,lab,L1 from FLD-RG (labelled synthetic),ar,ar,half,2,1,Imperial Conquest 2 lab s2.exe,ok,14,defender,0,1750,0,1750,1750,1324,426,True,False,0,0,loser destroyed,Gaul defeats Rome,,49.7,ar-ar-half_start.SAV,ar-ar-half_s2_r1_BATTLE01.SAV,ar-ar-half_s2_r1_BATTLE14.SAV,ar-ar-half_s2_r1_post.SAV,5dc66c6148a9,ca36c7cf471f,halfrounds-ar-ar-half_s2_r1.jsonl,7,7
ar-ar-half_s3_r1,ar-ar-half,lab,L1 from FLD-RG (labelled synthetic),ar,ar,half,3,1,Imperial Conquest 2 lab s3.exe,ok,14,defender,0,1750,0,1750,1750,1380,370,True,False,0,0,loser destroyed,Gaul defeats Rome,,49.2,ar-ar-half_start.SAV,ar-ar-half_s3_r1_BATTLE01.SAV,ar-ar-half_s3_r1_BATTLE14.SAV,ar-ar-half_s3_r1_post.SAV,7767edb5bf58,0d9715e2a922,halfrounds-ar-ar-half_s3_r1.jsonl,7,7
ar-lc-half_s1_r1,ar-lc-half,lab,L1 from FLD-RG (labelled synthetic),ar,lc,half,1,1,Imperial Conquest 2 lab s1.exe,ok,10,defender,0,1750,0,1750,3500,3297,203,True,False,0,0,loser destroyed,Gaul defeats Rome,,49.3,ar-lc-half_start.SAV,ar-lc-half_s1_r1_BATTLE01.SAV,ar-lc-half_s1_r1_BATTLE10.SAV,ar-lc-half_s1_r1_post.SAV,eaa14277eda8,b419e519c28e,halfrounds-ar-lc-half_s1_r1.jsonl,4,1
ar-lc-half_s2_r1,ar-lc-half,lab,L1 from FLD-RG (labelled synthetic),ar,lc,half,2,1,Imperial Conquest 2 lab s2.exe,ok,10,defender,0,1750,0,1750,3500,3348,152,True,False,0,0,loser destroyed,Gaul defeats Rome,,49.2,ar-lc-half_start.SAV,ar-lc-half_s2_r1_BATTLE01.SAV,ar-lc-half_s2_r1_BATTLE10.SAV,ar-lc-half_s2_r1_post.SAV,d03f7d995dbf,d4e5e0b2a06c,halfrounds-ar-lc-half_s2_r1.jsonl,4,1
ar-lc-half_s3_r1,ar-lc-half,lab,L1 from FLD-RG (labelled synthetic),ar,lc,half,3,1,Imperial Conquest 2 lab s3.exe,ok,10,defender,0,1750,0,1750,3500,3358,142,True,False,0,1,loser destroyed,Gaul defeats Rome,,49.6,ar-lc-half_start.SAV,ar-lc-half_s3_r1_BATTLE01.SAV,ar-lc-half_s3_r1_BATTLE10.SAV,ar-lc-half_s3_r1_post.SAV,f8549136300b,b56315a3364e,halfrounds-ar-lc-half_s3_r1.jsonl,4,1
ar-hc-half_s1_r1,ar-hc-half,lab,L1 from FLD-RG (labelled synthetic),ar,hc,half,1,1,Imperial Conquest 2 lab s1.exe,ok,16,defender,0,1750,0,1750,1250,1076,174,True,False,0,1,loser destroyed,Gaul defeats Rome,,49.4,ar-hc-half_start.SAV,ar-hc-half_s1_r1_BATTLE01.SAV,ar-hc-half_s1_r1_BATTLE16.SAV,ar-hc-half_s1_r1_post.SAV,cfeb32e23b31,e04ec8d1107d,halfrounds-ar-hc-half_s1_r1.jsonl,8,4
ar-hc-half_s2_r1,ar-hc-half,lab,L1 from FLD-RG (labelled synthetic),ar,hc,half,2,1,Imperial Conquest 2 lab s2.exe,ok,16,defender,0,1750,0,1750,1250,1053,197,True,False,0,0,loser destroyed,Gaul defeats Rome,Offer of peace,55.4,ar-hc-half_start.SAV,ar-hc-half_s2_r1_BATTLE01.SAV,ar-hc-half_s2_r1_BATTLE16.SAV,ar-hc-half_s2_r1_post.SAV,f8a1ba25de31,ffa073d0b0c6,halfrounds-ar-hc-half_s2_r1.jsonl,8,4
ar-hc-half_s3_r1,ar-hc-half,lab,L1 from FLD-RG (labelled synthetic),ar,hc,half,3,1,Imperial Conquest 2 lab s3.exe,ok,18,defender,0,1750,0,1750,1250,1057,193,True,False,0,0,loser destroyed,Gaul defeats Rome,,49.3,ar-hc-half_start.SAV,ar-hc-half_s3_r1_BATTLE01.SAV,ar-hc-half_s3_r1_BATTLE18.SAV,ar-hc-half_s3_r1_post.SAV,105393605212,6dee7e8dbc02,halfrounds-ar-hc-half_s3_r1.jsonl,8,4
ar-li-one_s1_r1,ar-li-one,lab,L1 from FLD-RG (labelled synthetic),ar,li,one,1,1,Imperial Conquest 2 lab s1.exe,ok,12,defender,0,3500,0,3500,15000,14420,580,True,False,0,1,loser destroyed,Gaul defeats Rome,,49.1,ar-li-one_start.SAV,ar-li-one_s1_r1_BATTLE01.SAV,ar-li-one_s1_r1_BATTLE12.SAV,ar-li-one_s1_r1_post.SAV,3e4506fa16d4,8c988d20efdf,halfrounds-ar-li-one_s1_r1.jsonl,7,2
ar-li-one_s2_r1,ar-li-one,lab,L1 from FLD-RG (labelled synthetic),ar,li,one,2,1,Imperial Conquest 2 lab s2.exe,ok,10,defender,0,3500,0,3500,15000,14453,547,True,False,0,1,loser destroyed,Gaul defeats Rome,,49.2,ar-li-one_start.SAV,ar-li-one_s2_r1_BATTLE01.SAV,ar-li-one_s2_r1_BATTLE10.SAV,ar-li-one_s2_r1_post.SAV,a0a473e02c4e,41ec67b54366,halfrounds-ar-li-one_s2_r1.jsonl,4,1
ar-li-one_s3_r1,ar-li-one,lab,L1 from FLD-RG (labelled synthetic),ar,li,one,3,1,Imperial Conquest 2 lab s3.exe,ok,10,defender,0,3500,0,3500,15000,14622,378,True,False,0,0,loser destroyed,Gaul defeats Rome,,49.1,ar-li-one_start.SAV,ar-li-one_s3_r1_BATTLE01.SAV,ar-li-one_s3_r1_BATTLE10.SAV,ar-li-one_s3_r1_post.SAV,44af5a457b89,930f6e43136a,halfrounds-ar-li-one_s3_r1.jsonl,4,1
ar-hi-one_s1_r1,ar-hi-one,lab,L1 from FLD-RG (labelled synthetic),ar,hi,one,1,1,Imperial Conquest 2 lab s1.exe,ok,19,defender,0,3500,0,3500,6000,5731,269,True,False,0,0,loser destroyed,Gaul defeats Rome,Offer of peace,55.8,ar-hi-one_start.SAV,ar-hi-one_s1_r1_BATTLE01.SAV,ar-hi-one_s1_r1_BATTLE19.SAV,ar-hi-one_s1_r1_post.SAV,e7fd5446162d,b764bf995a24,halfrounds-ar-hi-one_s1_r1.jsonl,13,6
ar-hi-one_s2_r1,ar-hi-one,lab,L1 from FLD-RG (labelled synthetic),ar,hi,one,2,1,Imperial Conquest 2 lab s2.exe,ok,19,defender,0,3500,0,3500,6000,5676,324,True,False,0,1,loser destroyed,Gaul defeats Rome,,49.7,ar-hi-one_start.SAV,ar-hi-one_s2_r1_BATTLE01.SAV,ar-hi-one_s2_r1_BATTLE19.SAV,ar-hi-one_s2_r1_post.SAV,a842272149e2,0cc5f0c7e245,halfrounds-ar-hi-one_s2_r1.jsonl,13,6
ar-hi-one_s3_r1,ar-hi-one,lab,L1 from FLD-RG (labelled synthetic),ar,hi,one,3,1,Imperial Conquest 2 lab s3.exe,ok,19,defender,0,3500,0,3500,6000,5694,306,True,False,0,0,loser destroyed,Gaul defeats Rome,,49.6,ar-hi-one_start.SAV,ar-hi-one_s3_r1_BATTLE01.SAV,ar-hi-one_s3_r1_BATTLE19.SAV,ar-hi-one_s3_r1_post.SAV,c0da1b2bb2c2,0d8f6059b44f,halfrounds-ar-hi-one_s3_r1.jsonl,13,6
ar-ar-one_s1_r1,ar-ar-one,lab,L1 from FLD-RG (labelled synthetic),ar,ar,one,1,1,Imperial Conquest 2 lab s1.exe,ok,16,defender,0,3500,0,3500,3500,2139,1361,True,False,0,0,loser destroyed,Gaul defeats Rome,Offer of peace,55.9,ar-ar-one_start.SAV,ar-ar-one_s1_r1_BATTLE01.SAV,ar-ar-one_s1_r1_BATTLE16.SAV,ar-ar-one_s1_r1_post.SAV,860ff0e741cd,ea4199682292,halfrounds-ar-ar-one_s1_r1.jsonl,9,9
ar-ar-one_s2_r1,ar-ar-one,lab,L1 from FLD-RG (labelled synthetic),ar,ar,one,2,1,Imperial Conquest 2 lab s2.exe,ok,14,defender,0,3500,0,3500,3500,2612,888,True,False,0,0,loser destroyed,Gaul defeats Rome,Offer of peace,56.4,ar-ar-one_start.SAV,ar-ar-one_s2_r1_BATTLE01.SAV,ar-ar-one_s2_r1_BATTLE14.SAV,ar-ar-one_s2_r1_post.SAV,8d83f2018d1a,b669d77d75a3,halfrounds-ar-ar-one_s2_r1.jsonl,7,7
ar-ar-one_s3_r1,ar-ar-one,lab,L1 from FLD-RG (labelled synthetic),ar,ar,one,3,1,Imperial Conquest 2 lab s3.exe,ok,16,defender,0,3500,0,3500,3500,2661,839,True,False,0,0,loser destroyed,Gaul defeats Rome,Offer of peace,56.5,ar-ar-one_start.SAV,ar-ar-one_s3_r1_BATTLE01.SAV,ar-ar-one_s3_r1_BATTLE16.SAV,ar-ar-one_s3_r1_post.SAV,df7b36438119,a7cb1db5fa5e,halfrounds-ar-ar-one_s3_r1.jsonl,9,9
ar-lc-one_s1_r1,ar-lc-one,lab,L1 from FLD-RG (labelled synthetic),ar,lc,one,1,1,Imperial Conquest 2 lab s1.exe,ok,10,defender,0,3500,0,3500,7000,6589,411,True,False,0,1,loser destroyed,Gaul defeats Rome,,49.3,ar-lc-one_start.SAV,ar-lc-one_s1_r1_BATTLE01.SAV,ar-lc-one_s1_r1_BATTLE10.SAV,ar-lc-one_s1_r1_post.SAV,1433f979e669,fc97903da462,halfrounds-ar-lc-one_s1_r1.jsonl,4,1
ar-lc-one_s2_r1,ar-lc-one,lab,L1 from FLD-RG (labelled synthetic),ar,lc,one,2,1,Imperial Conquest 2 lab s2.exe,ok,10,defender,0,3500,0,3500,7000,6671,329,True,False,0,0,loser destroyed,Gaul defeats Rome,Offer of peace,55.6,ar-lc-one_start.SAV,ar-lc-one_s2_r1_BATTLE01.SAV,ar-lc-one_s2_r1_BATTLE10.SAV,ar-lc-one_s2_r1_post.SAV,da6a0c4f272e,134736dd6222,halfrounds-ar-lc-one_s2_r1.jsonl,4,1
ar-lc-one_s3_r1,ar-lc-one,lab,L1 from FLD-RG (labelled synthetic),ar,lc,one,3,1,Imperial Conquest 2 lab s3.exe,ok,10,defender,0,3500,0,3500,7000,6693,307,True,False,0,0,loser destroyed,Gaul defeats Rome,Offer of peace,55.6,ar-lc-one_start.SAV,ar-lc-one_s3_r1_BATTLE01.SAV,ar-lc-one_s3_r1_BATTLE10.SAV,ar-lc-one_s3_r1_post.SAV,40c397b0a1f3,3dbfa9b7a571,halfrounds-ar-lc-one_s3_r1.jsonl,4,1
ar-hc-one_s1_r1,ar-hc-one,lab,L1 from FLD-RG (labelled synthetic),ar,hc,one,1,1,Imperial Conquest 2 lab s1.exe,ok,20,defender,0,3500,0,3500,2500,2117,383,True,False,0,0,loser destroyed,Gaul defeats Rome,Offer of peace,56.9,ar-hc-one_start.SAV,ar-hc-one_s1_r1_BATTLE01.SAV,ar-hc-one_s1_r1_BATTLE20.SAV,ar-hc-one_s1_r1_post.SAV,513df2d290d7,af1b3333df0f,halfrounds-ar-hc-one_s1_r1.jsonl,12,6
ar-hc-one_s2_r1,ar-hc-one,lab,L1 from FLD-RG (labelled synthetic),ar,hc,one,2,1,Imperial Conquest 2 lab s2.exe,ok,20,defender,0,3500,0,3500,2500,2074,426,True,False,0,0,loser destroyed,Gaul defeats Rome,,50.0,ar-hc-one_start.SAV,ar-hc-one_s2_r1_BATTLE01.SAV,ar-hc-one_s2_r1_BATTLE20.SAV,ar-hc-one_s2_r1_post.SAV,93cd40c07afc,4a4716a982f5,halfrounds-ar-hc-one_s2_r1.jsonl,12,6
ar-hc-one_s3_r1,ar-hc-one,lab,L1 from FLD-RG (labelled synthetic),ar,hc,one,3,1,Imperial Conquest 2 lab s3.exe,ok,22,defender,0,3500,0,3500,2500,2086,414,True,False,0,0,loser destroyed,Gaul defeats Rome,,49.7,ar-hc-one_start.SAV,ar-hc-one_s3_r1_BATTLE01.SAV,ar-hc-one_s3_r1_BATTLE22.SAV,ar-hc-one_s3_r1_post.SAV,d8e6dbc38ab6,708f7fb51fff,halfrounds-ar-hc-one_s3_r1.jsonl,12,6
ar-li-three_s1_r1,ar-li-three,lab,L1 from FLD-RG (labelled synthetic),ar,li,three,1,1,Imperial Conquest 2 lab s1.exe,ok,10,defender,0,10500,0,10500,45000,43068,1932,True,False,0,0,loser destroyed,Gaul defeats Rome,Offer of peace,55.9,ar-li-three_start.SAV,ar-li-three_s1_r1_BATTLE01.SAV,ar-li-three_s1_r1_BATTLE10.SAV,ar-li-three_s1_r1_post.SAV,38e180593165,2a90d7654515,halfrounds-ar-li-three_s1_r1.jsonl,10,0
ar-li-three_s2_r1,ar-li-three,lab,L1 from FLD-RG (labelled synthetic),ar,li,three,2,1,Imperial Conquest 2 lab s2.exe,ok,12,defender,0,10500,0,10500,45000,44063,937,True,False,0,1,loser destroyed,Gaul defeats Rome,,50.8,ar-li-three_start.SAV,ar-li-three_s2_r1_BATTLE01.SAV,ar-li-three_s2_r1_BATTLE12.SAV,ar-li-three_s2_r1_post.SAV,e55be1ceb4fc,fc45d920c636,halfrounds-ar-li-three_s2_r1.jsonl,12,1
ar-li-three_s3_r1,ar-li-three,lab,L1 from FLD-RG (labelled synthetic),ar,li,three,3,1,Imperial Conquest 2 lab s3.exe,ok,12,defender,0,10500,0,10500,45000,43474,1526,True,False,0,0,loser destroyed,Gaul defeats Rome,,50.5,ar-li-three_start.SAV,ar-li-three_s3_r1_BATTLE01.SAV,ar-li-three_s3_r1_BATTLE12.SAV,ar-li-three_s3_r1_post.SAV,603ae22b8d34,04c017419921,halfrounds-ar-li-three_s3_r1.jsonl,15,0
ar-hi-three_s1_r1,ar-hi-three,lab,L1 from FLD-RG (labelled synthetic),ar,hi,three,1,1,Imperial Conquest 2 lab s1.exe,ok,20,defender,1,10500,0,10500,18000,16877,1123,True,False,0,1,loser destroyed,Gaul defeats Rome,Offer of peace,57.2,ar-hi-three_start.SAV,ar-hi-three_s1_r1_BATTLE01.SAV,ar-hi-three_s1_r1_BATTLE20.SAV,ar-hi-three_s1_r1_post.SAV,013a1d2424b5,b07e67204d12,halfrounds-ar-hi-three_s1_r1.jsonl,31,3
ar-hi-three_s2_r1,ar-hi-three,lab,L1 from FLD-RG (labelled synthetic),ar,hi,three,2,1,Imperial Conquest 2 lab s2.exe,ok,20,defender,1,10500,0,10500,18000,16818,1182,True,False,0,0,loser destroyed,Gaul defeats Rome,,51.8,ar-hi-three_start.SAV,ar-hi-three_s2_r1_BATTLE01.SAV,ar-hi-three_s2_r1_BATTLE20.SAV,ar-hi-three_s2_r1_post.SAV,bd34ae246dbd,675986769f3e,halfrounds-ar-hi-three_s2_r1.jsonl,31,2
ar-hi-three_s3_r1,ar-hi-three,lab,L1 from FLD-RG (labelled synthetic),ar,hi,three,3,1,Imperial Conquest 2 lab s3.exe,ok,22,defender,1,10500,0,10500,18000,16844,1156,True,False,0,1,loser destroyed,Gaul defeats Rome,,51.0,ar-hi-three_start.SAV,ar-hi-three_s3_r1_BATTLE01.SAV,ar-hi-three_s3_r1_BATTLE22.SAV,ar-hi-three_s3_r1_post.SAV,f0e9b0b82122,5a55251f9b7f,halfrounds-ar-hi-three_s3_r1.jsonl,30,5
ar-ar-three_s1_r1,ar-ar-three,lab,L1 from FLD-RG (labelled synthetic),ar,ar,three,1,1,Imperial Conquest 2 lab s1.exe,ok,16,defender,1,10500,0,10500,10500,7000,3500,True,False,0,1,loser destroyed,Gaul defeats Rome,,52.6,ar-ar-three_start.SAV,ar-ar-three_s1_r1_BATTLE01.SAV,ar-ar-three_s1_r1_BATTLE16.SAV,ar-ar-three_s1_r1_post.SAV,80384c06a280,53a34b292228,halfrounds-ar-ar-three_s1_r1.jsonl,11,2
ar-ar-three_s2_r1,ar-ar-three,lab,L1 from FLD-RG (labelled synthetic),ar,ar,three,2,1,Imperial Conquest 2 lab s2.exe,ok,16,defender,1,10500,0,10500,10500,7461,3039,True,False,0,1,loser destroyed,Gaul defeats Rome,,52.7,ar-ar-three_start.SAV,ar-ar-three_s2_r1_BATTLE01.SAV,ar-ar-three_s2_r1_BATTLE16.SAV,ar-ar-three_s2_r1_post.SAV,c09b0af32934,55466ba09d28,halfrounds-ar-ar-three_s2_r1.jsonl,12,3
ar-ar-three_s3_r1,ar-ar-three,lab,L1 from FLD-RG (labelled synthetic),ar,ar,three,3,1,Imperial Conquest 2 lab s3.exe,ok,18,defender,1,10500,0,10500,10500,5938,4562,True,False,0,1,loser destroyed,Gaul defeats Rome,Offer of peace,58.3,ar-ar-three_start.SAV,ar-ar-three_s3_r1_BATTLE01.SAV,ar-ar-three_s3_r1_BATTLE18.SAV,ar-ar-three_s3_r1_post.SAV,1bba0a849d43,1d6830aeda3c,halfrounds-ar-ar-three_s3_r1.jsonl,14,2
ar-lc-three_s1_r1,ar-lc-three,lab,L1 from FLD-RG (labelled synthetic),ar,lc,three,1,1,Imperial Conquest 2 lab s1.exe,ok,12,defender,0,10500,0,10500,21000,18995,2005,True,False,0,2,loser destroyed,Gaul defeats Rome,Offer of peace,57.0,ar-lc-three_start.SAV,ar-lc-three_s1_r1_BATTLE01.SAV,ar-lc-three_s1_r1_BATTLE12.SAV,ar-lc-three_s1_r1_post.SAV,b06f82ac4273,41467603ae88,halfrounds-ar-lc-three_s1_r1.jsonl,11,0
ar-lc-three_s2_r1,ar-lc-three,lab,L1 from FLD-RG (labelled synthetic),ar,lc,three,2,1,Imperial Conquest 2 lab s2.exe,ok,10,defender,0,10500,0,10500,21000,20173,827,True,False,0,1,loser destroyed,Gaul defeats Rome,,50.4,ar-lc-three_start.SAV,ar-lc-three_s2_r1_BATTLE01.SAV,ar-lc-three_s2_r1_BATTLE10.SAV,ar-lc-three_s2_r1_post.SAV,8aa160d59abf,d2a34efa4066,halfrounds-ar-lc-three_s2_r1.jsonl,9,0
ar-lc-three_s3_r1,ar-lc-three,lab,L1 from FLD-RG (labelled synthetic),ar,lc,three,3,1,Imperial Conquest 2 lab s3.exe,ok,12,defender,0,10500,0,10500,21000,20108,892,True,False,0,0,loser destroyed,Gaul defeats Rome,,50.8,ar-lc-three_start.SAV,ar-lc-three_s3_r1_BATTLE01.SAV,ar-lc-three_s3_r1_BATTLE12.SAV,ar-lc-three_s3_r1_post.SAV,c6c20138f125,bc66dda28cea,halfrounds-ar-lc-three_s3_r1.jsonl,11,1
ar-hc-three_s2_r1,ar-hc-three,lab,L1 from FLD-RG (labelled synthetic),ar,hc,three,2,1,Imperial Conquest 2 lab s2.exe,ok,22,defender,1,10500,0,10500,7500,5674,1826,True,False,0,2,loser destroyed,Gaul defeats Rome,Offer of peace,56.9,ar-hc-three_start.SAV,ar-hc-three_s2_r1_BATTLE01.SAV,ar-hc-three_s2_r1_BATTLE22.SAV,ar-hc-three_s2_r1_post.SAV,7481b2089d3f,3f55341250f0,halfrounds-ar-hc-three_s2_r1.jsonl,29,1
ar-hc-three_s3_r1,ar-hc-three,lab,L1 from FLD-RG (labelled synthetic),ar,hc,three,3,1,Imperial Conquest 2 lab s3.exe,ok,23,defender,1,10500,0,10500,7500,5228,2272,True,False,0,1,loser destroyed,Gaul defeats Rome,Offer of peace,58.3,ar-hc-three_start.SAV,ar-hc-three_s3_r1_BATTLE01.SAV,ar-hc-three_s3_r1_BATTLE23.SAV,ar-hc-three_s3_r1_post.SAV,6ac7ff518acd,0b399daf9bcc,halfrounds-ar-hc-three_s3_r1.jsonl,33,5
